ISO-10303-21;
HEADER;

/* File generated by Shapr3D Version 3.0 */

FILE_DESCRIPTION(('HOOPS Exchange Step'),'2;1');

FILE_NAME('C:\\Users\\30abd\\AppData\\Local\\Packages\\Shapr3D.Shapr3D_j403pzjkqtqbj\\TempState\\export\\temp_export',
'2023-03-20T19:16:51+08:00',
('30abd'),
('Shapr3D Limited'),
'HOOPS Exchange 2022.2',
'Shapr3D',
'Authorized');

FILE_SCHEMA( ('AUTOMOTIVE_DESIGN { 1 0 10303 214 1 1 1 1 }') );

ENDSEC;

DATA;
#3=(NAMED_UNIT(*)PLANE_ANGLE_UNIT()SI_UNIT($,.RADIAN.));
#4=PLANE_ANGLE_MEASURE_WITH_UNIT(PLANE_ANGLE_MEASURE(0.0174532925),#3);
#5=(CONVERSION_BASED_UNIT('DEGREE',#4)NAMED_UNIT(#6)PLANE_ANGLE_UNIT());
#6=DIMENSIONAL_EXPONENTS(0.,0.,0.,0.,0.,0.,0.);
#7=(NAMED_UNIT(*)SI_UNIT($,.STERADIAN.)SOLID_ANGLE_UNIT());
#8=(LENGTH_UNIT()NAMED_UNIT(*)SI_UNIT(.MILLI.,.METRE.));
#9=UNCERTAINTY_MEASURE_WITH_UNIT(LENGTH_MEASURE(1.000000E-03),#8,'DISTANCE_ACCURACY_VALUE','Maximum Tolerance applied to model');
#10=(GEOMETRIC_REPRESENTATION_CONTEXT(3)GLOBAL_UNCERTAINTY_ASSIGNED_CONTEXT((#9))GLOBAL_UNIT_ASSIGNED_CONTEXT((#8,#5,#7))REPRESENTATION_CONTEXT('','root'));
#12=CARTESIAN_POINT('',(0.,0.,0.));
#13=DIRECTION('',(0.,0.,1.));
#14=DIRECTION('',(1.,0.,0.));
#15=AXIS2_PLACEMENT_3D('',#12,#13,#14);
#26=(NAMED_UNIT(*)PLANE_ANGLE_UNIT()SI_UNIT($,.RADIAN.));
#27=PLANE_ANGLE_MEASURE_WITH_UNIT(PLANE_ANGLE_MEASURE(0.0174532925),#26);
#28=(CONVERSION_BASED_UNIT('DEGREE',#27)NAMED_UNIT(#29)PLANE_ANGLE_UNIT());
#29=DIMENSIONAL_EXPONENTS(0.,0.,0.,0.,0.,0.,0.);
#30=(NAMED_UNIT(*)SI_UNIT($,.STERADIAN.)SOLID_ANGLE_UNIT());
#31=(LENGTH_UNIT()NAMED_UNIT(*)SI_UNIT(.MILLI.,.METRE.));
#32=UNCERTAINTY_MEASURE_WITH_UNIT(LENGTH_MEASURE(1.000000E-05),#31,'DISTANCE_ACCURACY_VALUE','Maximum Tolerance applied to model');
#33=(GEOMETRIC_REPRESENTATION_CONTEXT(3)GLOBAL_UNCERTAINTY_ASSIGNED_CONTEXT((#32))GLOBAL_UNIT_ASSIGNED_CONTEXT((#31,#28,#30))REPRESENTATION_CONTEXT('','temp_import.STEP'));
#45=CARTESIAN_POINT('',(0.,0.,0.));
#46=DIRECTION('',(0.,0.,1.));
#47=DIRECTION('',(1.,0.,-0.));
#48=AXIS2_PLACEMENT_3D('',#45,#46,#47);
#49=ITEM_DEFINED_TRANSFORMATION('','',#48,#15);
#50=(REPRESENTATION_RELATIONSHIP('','',#35,#16)REPRESENTATION_RELATIONSHIP_WITH_TRANSFORMATION(#49)SHAPE_REPRESENTATION_RELATIONSHIP());
#51=NEXT_ASSEMBLY_USAGE_OCCURRENCE('temp_import.STEP_1','temp_import.STEP','temp_import.STEP',#25,#44,$);
#52=PRODUCT_DEFINITION_SHAPE('','',#51);
#53=CONTEXT_DEPENDENT_SHAPE_REPRESENTATION(#50,#52);
#55=CARTESIAN_POINT('',(-0.75,2.4,5.3));
#56=DIRECTION('',(0.,0.,-1.));
#57=DIRECTION('',(-1.,0.,0.));
#58=AXIS2_PLACEMENT_3D('',#55,#56,#57);
#59=CYLINDRICAL_SURFACE('',#58,0.25);
#60=CARTESIAN_POINT('',(-1.,2.4,2.9));
#61=VERTEX_POINT('',#60);
#62=CARTESIAN_POINT('',(-1.,2.4,5.080201806));
#63=VERTEX_POINT('',#62);
#64=CARTESIAN_POINT('',(-1.,2.4,2.9));
#65=DIRECTION('',(-0.,-0.,1.));
#66=VECTOR('',#65,2.180201806);
#67=LINE('',#64,#66);
#68=EDGE_CURVE('',#61,#63,#67,.T.);
#69=ORIENTED_EDGE('',*,*,#68,.T.);
#70=CARTESIAN_POINT('',(-0.75,2.4,5.080201806));
#71=DIRECTION('',(0.,0.,-1.));
#72=DIRECTION('',(-1.,0.,0.));
#73=AXIS2_PLACEMENT_3D('',#70,#71,#72);
#74=CIRCLE('',#73,0.25);
#75=EDGE_CURVE('NONE',#63,#63,#74,.T.);
#76=ORIENTED_EDGE('',*,*,#75,.T.);
#77=ORIENTED_EDGE('',*,*,#68,.F.);
#78=CARTESIAN_POINT('',(-0.75,2.4,2.9));
#79=DIRECTION('',(0.,0.,-1.));
#80=DIRECTION('',(-1.,0.,0.));
#81=AXIS2_PLACEMENT_3D('',#78,#79,#80);
#82=CIRCLE('',#81,0.25);
#83=EDGE_CURVE('NONE',#61,#61,#82,.T.);
#84=ORIENTED_EDGE('',*,*,#83,.F.);
#85=EDGE_LOOP('',(#69,#76,#77,#84));
#86=FACE_BOUND('',#85,.T.);
#87=ADVANCED_FACE('NONE',(#86),#59,.T.);
#88=CARTESIAN_POINT('',(-0.75,2.4,5.080201806));
#89=DIRECTION('',(0.,0.,-1.));
#90=DIRECTION('',(-1.,0.,0.));
#91=AXIS2_PLACEMENT_3D('',#88,#89,#90);
#92=CONICAL_SURFACE('',#91,0.25,20.);
#93=CARTESIAN_POINT('',(-0.92,2.4,5.3));
#94=VERTEX_POINT('',#93);
#95=CARTESIAN_POINT('',(-1.,2.4,5.080201806));
#96=DIRECTION('',(0.342020143,-0.,0.939692621));
#97=VECTOR('',#96,0.233904352);
#98=LINE('',#95,#97);
#99=EDGE_CURVE('',#63,#94,#98,.T.);
#100=ORIENTED_EDGE('',*,*,#99,.T.);
#101=CARTESIAN_POINT('',(-0.75,2.4,5.3));
#102=DIRECTION('',(-0.,-0.,1.));
#103=DIRECTION('',(-1.,0.,0.));
#104=AXIS2_PLACEMENT_3D('',#101,#102,#103);
#105=CIRCLE('',#104,0.17);
#106=EDGE_CURVE('NONE',#94,#94,#105,.T.);
#107=ORIENTED_EDGE('',*,*,#106,.F.);
#108=ORIENTED_EDGE('',*,*,#99,.F.);
#109=ORIENTED_EDGE('',*,*,#75,.F.);
#110=EDGE_LOOP('',(#100,#107,#108,#109));
#111=FACE_BOUND('',#110,.T.);
#112=ADVANCED_FACE('NONE',(#111),#92,.T.);
#113=CARTESIAN_POINT('',(3.,0.,2.9));
#114=DIRECTION('',(0.,0.,1.));
#115=DIRECTION('',(1.,0.,0.));
#116=AXIS2_PLACEMENT_3D('',#113,#114,#115);
#117=PLANE('',#116);
#118=ORIENTED_EDGE('',*,*,#83,.T.);
#119=EDGE_LOOP('',(#118));
#120=FACE_BOUND('',#119,.T.);
#121=ADVANCED_FACE('NONE',(#120),#117,.F.);
#122=CARTESIAN_POINT('',(-0.75,2.4,5.3));
#123=DIRECTION('',(0.,0.,1.));
#124=DIRECTION('',(1.,0.,0.));
#125=AXIS2_PLACEMENT_3D('',#122,#123,#124);
#126=PLANE('',#125);
#127=ORIENTED_EDGE('',*,*,#106,.T.);
#128=EDGE_LOOP('',(#127));
#129=FACE_BOUND('',#128,.T.);
#130=ADVANCED_FACE('NONE',(#129),#126,.T.);
#131=CLOSED_SHELL('',(#87,#112,#121,#130));
#132=MANIFOLD_SOLID_BREP('Body-Move/Copy2[1]',#131);
#133=DRAUGHTING_PRE_DEFINED_COLOUR('white');
#134=FILL_AREA_STYLE_COLOUR('',#133);
#135=FILL_AREA_STYLE('',(#134));
#136=SURFACE_STYLE_FILL_AREA(#135);
#137=SURFACE_SIDE_STYLE('',(#136));
#138=SURFACE_STYLE_USAGE(.BOTH.,#137);
#139=PRESENTATION_STYLE_ASSIGNMENT((#138));
#54=STYLED_ITEM('',(#139),#132);
#141=CARTESIAN_POINT('',(-0.75,0.236993521,1.375));
#142=CARTESIAN_POINT('',(-0.75,0.083924957,1.240006216));
#143=CARTESIAN_POINT('',(-0.75,-0.,1.054012246));
#144=CARTESIAN_POINT('',(-0.75,-0.,0.85));
#145=CARTESIAN_POINT('',(-1.25,0.236993521,1.375));
#146=CARTESIAN_POINT('',(-1.25,0.083924957,1.240006215));
#147=CARTESIAN_POINT('',(-1.25,0.,1.054012246));
#148=CARTESIAN_POINT('',(-1.25,0.,0.85));
#149=CARTESIAN_POINT('',(-1.25,0.567712434,1.));
#150=CARTESIAN_POINT('',(-1.25,0.523978559,0.961430347));
#151=CARTESIAN_POINT('',(-1.25,0.5,0.908289213));
#152=CARTESIAN_POINT('',(-1.25,0.5,0.85));
#153=CARTESIAN_POINT('',(-0.75,0.567712434,1.));
#154=CARTESIAN_POINT('',(-0.75,0.523978559,0.961430347));
#155=CARTESIAN_POINT('',(-0.75,0.5,0.908289213));
#156=CARTESIAN_POINT('',(-0.75,0.5,0.85));
#157=(BOUNDED_SURFACE()
B_SPLINE_SURFACE(3,3,((#141,#142,#143,#144),(#145,#146,#147,#148),(#149,#150,#151,#152),(#153,#154,#155,#156)),.UNSPECIFIED.,.F.,.F.,.U.)
B_SPLINE_SURFACE_WITH_KNOTS((4,4),(4,4),(0.,1.),(0.006145638,1.),.UNSPECIFIED.)
GEOMETRIC_REPRESENTATION_ITEM()
RATIONAL_B_SPLINE_SURFACE(((0.998905324,0.940260992,0.940625884,1.),(0.332968442,0.313420331,0.313541962,0.333333333),(0.332968442,0.313420331,0.313541962,0.333333333),(0.998905325,0.940260993,0.940625885,1.)))
REPRESENTATION_ITEM('')
SURFACE()
);
#158=CARTESIAN_POINT('',(-0.75,0.016260283,1.));
#159=VERTEX_POINT('',#158);
#160=CARTESIAN_POINT('',(-0.75,0.567712434,1.));
#161=VERTEX_POINT('',#160);
#162=CARTESIAN_POINT('',(-0.75,0.016260283,1.));
#163=CARTESIAN_POINT('',(-0.819112297,0.016260283,1.));
#164=CARTESIAN_POINT('',(-0.886396988,0.046909649,1.));
#165=CARTESIAN_POINT('',(-0.93228827,0.097297852,1.));
#166=CARTESIAN_POINT('',(-0.978179551,0.147686055,1.));
#167=CARTESIAN_POINT('',(-1.002257311,0.217166099,1.));
#168=CARTESIAN_POINT('',(-0.999821953,0.285755135,1.));
#169=CARTESIAN_POINT('',(-0.997386596,0.35434417,1.));
#170=CARTESIAN_POINT('',(-0.970057845,0.420500085,1.));
#171=CARTESIAN_POINT('',(-0.925537978,0.473107294,1.));
#172=CARTESIAN_POINT('',(-0.903278044,0.499410899,1.));
#173=CARTESIAN_POINT('',(-0.877711262,0.521755915,1.));
#174=CARTESIAN_POINT('',(-0.847951512,0.539081579,1.));
#175=CARTESIAN_POINT('',(-0.818191763,0.556407243,1.));
#176=CARTESIAN_POINT('',(-0.784680715,0.567712434,1.));
#177=CARTESIAN_POINT('',(-0.75,0.567712434,1.));
#178=B_SPLINE_CURVE_WITH_KNOTS('',3,(#162,#163,#164,#165,#166,#167,#168,#169,#170,#171,#172,#173,#174,#175,#176,#177),.UNSPECIFIED.,.F.,.F.,(4,3,3,3,3,4),(0.,0.000204374,0.000408748,0.000613122,0.000715309,0.000817496),.UNSPECIFIED.);
#179=EDGE_CURVE('NONE',#159,#161,#178,.T.);
#180=ORIENTED_EDGE('',*,*,#179,.T.);
#181=CARTESIAN_POINT('',(-0.75,0.5,0.85));
#182=VERTEX_POINT('',#181);
#183=CARTESIAN_POINT('',(-0.75,0.567712434,1.));
#184=CARTESIAN_POINT('',(-0.75,0.523978559,0.961430347));
#185=CARTESIAN_POINT('',(-0.75,0.5,0.908289213));
#186=CARTESIAN_POINT('',(-0.75,0.5,0.85));
#187=(BOUNDED_CURVE()
B_SPLINE_CURVE(3,(#183,#184,#185,#186),.UNSPECIFIED.,.F.,.F.)
B_SPLINE_CURVE_WITH_KNOTS((4,4),(0.006145638,1.),.UNSPECIFIED.)
CURVE()
GEOMETRIC_REPRESENTATION_ITEM()
RATIONAL_B_SPLINE_CURVE((0.998905325,0.940260993,0.940625885,1.))
REPRESENTATION_ITEM(''));
#188=EDGE_CURVE('NONE',#161,#182,#187,.T.);
#189=ORIENTED_EDGE('',*,*,#188,.T.);
#190=CARTESIAN_POINT('',(-0.75,-0.,0.85));
#191=VERTEX_POINT('',#190);
#192=CARTESIAN_POINT('',(-0.75,0.25,0.85));
#193=DIRECTION('',(-0.,0.,1.));
#194=DIRECTION('',(0.,1.,-0.));
#195=AXIS2_PLACEMENT_3D('',#192,#193,#194);
#196=CIRCLE('',#195,0.25);
#197=EDGE_CURVE('NONE',#182,#191,#196,.T.);
#198=ORIENTED_EDGE('',*,*,#197,.T.);
#199=CARTESIAN_POINT('',(-0.75,0.016261354,1.000004878));
#200=CARTESIAN_POINT('',(-0.75,0.005378888,0.950401408));
#201=CARTESIAN_POINT('',(-0.75,-0.,0.900196385));
#202=CARTESIAN_POINT('',(-0.75,-0.,0.85));
#203=(BOUNDED_CURVE()
B_SPLINE_CURVE(3,(#199,#200,#201,#202),.UNSPECIFIED.,.F.,.F.)
B_SPLINE_CURVE_WITH_KNOTS((4,4),(0.744006532,1.),.UNSPECIFIED.)
CURVE()
GEOMETRIC_REPRESENTATION_ITEM()
RATIONAL_B_SPLINE_CURVE((0.965864891,0.973328257,0.984706627,1.))
REPRESENTATION_ITEM(''));
#204=EDGE_CURVE('NONE',#159,#191,#203,.T.);
#205=ORIENTED_EDGE('',*,*,#204,.F.);
#206=EDGE_LOOP('',(#180,#189,#198,#205));
#207=FACE_BOUND('',#206,.T.);
#208=ADVANCED_FACE('NONE',(#207),#157,.T.);
#209=CARTESIAN_POINT('',(-0.75,0.25,0.85));
#210=DIRECTION('',(0.,-0.,-1.));
#211=DIRECTION('',(0.,1.,-0.));
#212=AXIS2_PLACEMENT_3D('',#209,#210,#211);
#213=CYLINDRICAL_SURFACE('',#212,0.25);
#214=CARTESIAN_POINT('',(-0.75,0.5,-0.280201806));
#215=VERTEX_POINT('',#214);
#216=CARTESIAN_POINT('',(-0.75,0.5,-0.280201806));
#217=DIRECTION('',(-0.,0.,1.));
#218=VECTOR('',#217,1.130201806);
#219=LINE('',#216,#218);
#220=EDGE_CURVE('',#215,#182,#219,.T.);
#221=ORIENTED_EDGE('',*,*,#220,.T.);
#222=CARTESIAN_POINT('',(-0.75,0.25,0.85));
#223=DIRECTION('',(-0.,0.,1.));
#224=DIRECTION('',(0.,1.,-0.));
#225=AXIS2_PLACEMENT_3D('',#222,#223,#224);
#226=CIRCLE('',#225,0.25);
#227=EDGE_CURVE('NONE',#191,#182,#226,.T.);
#228=ORIENTED_EDGE('',*,*,#227,.F.);
#229=ORIENTED_EDGE('',*,*,#197,.F.);
#230=ORIENTED_EDGE('',*,*,#220,.F.);
#231=CARTESIAN_POINT('',(-0.5,0.25,-0.280201806));
#232=VERTEX_POINT('',#231);
#233=CARTESIAN_POINT('',(-0.75,0.25,-0.280201806));
#234=DIRECTION('',(-0.,0.,1.));
#235=DIRECTION('',(0.,1.,-0.));
#236=AXIS2_PLACEMENT_3D('',#233,#234,#235);
#237=CIRCLE('',#236,0.25);
#238=EDGE_CURVE('NONE',#215,#232,#237,.T.);
#239=ORIENTED_EDGE('',*,*,#238,.T.);
#240=CARTESIAN_POINT('',(-0.75,0.25,-0.280201806));
#241=DIRECTION('',(-0.,0.,1.));
#242=DIRECTION('',(0.,1.,-0.));
#243=AXIS2_PLACEMENT_3D('',#240,#241,#242);
#244=CIRCLE('',#243,0.25);
#245=EDGE_CURVE('NONE',#232,#215,#244,.T.);
#246=ORIENTED_EDGE('',*,*,#245,.T.);
#247=EDGE_LOOP('',(#221,#228,#229,#230,#239,#246));
#248=FACE_BOUND('',#247,.T.);
#249=ADVANCED_FACE('NONE',(#248),#213,.T.);
#250=CARTESIAN_POINT('',(-0.75,0.25,-0.280201806));
#251=DIRECTION('',(0.,0.,1.));
#252=DIRECTION('',(1.,0.,-0.));
#253=AXIS2_PLACEMENT_3D('',#250,#251,#252);
#254=CONICAL_SURFACE('',#253,0.25,20.);
#255=CARTESIAN_POINT('',(-0.58,0.25,-0.5));
#256=VERTEX_POINT('',#255);
#257=CARTESIAN_POINT('',(-0.5,0.25,-0.280201806));
#258=DIRECTION('',(-0.342020143,-0.,-0.939692621));
#259=VECTOR('',#258,0.233904352);
#260=LINE('',#257,#259);
#261=EDGE_CURVE('',#232,#256,#260,.T.);
#262=ORIENTED_EDGE('',*,*,#261,.T.);
#263=CARTESIAN_POINT('',(-0.75,0.25,-0.5));
#264=DIRECTION('',(-0.,-0.,-1.));
#265=DIRECTION('',(1.,0.,-0.));
#266=AXIS2_PLACEMENT_3D('',#263,#264,#265);
#267=CIRCLE('',#266,0.17);
#268=EDGE_CURVE('NONE',#256,#256,#267,.T.);
#269=ORIENTED_EDGE('',*,*,#268,.F.);
#270=ORIENTED_EDGE('',*,*,#261,.F.);
#271=ORIENTED_EDGE('',*,*,#238,.F.);
#272=ORIENTED_EDGE('',*,*,#245,.F.);
#273=EDGE_LOOP('',(#262,#269,#270,#271,#272));
#274=FACE_BOUND('',#273,.T.);
#275=ADVANCED_FACE('NONE',(#274),#254,.T.);
#276=CARTESIAN_POINT('',(3.,0.,1.));
#277=DIRECTION('',(0.,0.,1.));
#278=DIRECTION('',(1.,0.,0.));
#279=AXIS2_PLACEMENT_3D('',#276,#277,#278);
#280=PLANE('',#279);
#281=ORIENTED_EDGE('',*,*,#179,.F.);
#282=CARTESIAN_POINT('',(-0.75,0.567712434,1.));
#283=CARTESIAN_POINT('',(-0.715286026,0.567712434,1.));
#284=CARTESIAN_POINT('',(-0.681924379,0.556407676,1.));
#285=CARTESIAN_POINT('',(-0.652422701,0.539299014,1.));
#286=CARTESIAN_POINT('',(-0.622921022,0.522190352,1.));
#287=CARTESIAN_POINT('',(-0.596564702,0.499203735,1.));
#288=CARTESIAN_POINT('',(-0.574587773,0.47325585,1.));
#289=CARTESIAN_POINT('',(-0.530633916,0.42136008,1.));
#290=CARTESIAN_POINT('',(-0.502692732,0.354862505,1.));
#291=CARTESIAN_POINT('',(-0.500187042,0.286005363,1.));
#292=CARTESIAN_POINT('',(-0.497681352,0.21714822,1.));
#293=CARTESIAN_POINT('',(-0.521658778,0.147913159,1.));
#294=CARTESIAN_POINT('',(-0.567627376,0.097390517,1.));
#295=CARTESIAN_POINT('',(-0.613595974,0.046867874,1.));
#296=CARTESIAN_POINT('',(-0.680879283,0.016260305,1.));
#297=CARTESIAN_POINT('',(-0.75,0.016260283,1.));
#298=B_SPLINE_CURVE_WITH_KNOTS('',3,(#282,#283,#284,#285,#286,#287,#288,#289,#290,#291,#292,#293,#294,#295,#296,#297),.UNSPECIFIED.,.F.,.F.,(4,3,3,3,3,4),(0.,0.000102231,0.000204462,0.000408924,0.000613386,0.000817848),.UNSPECIFIED.);
#299=EDGE_CURVE('NONE',#161,#159,#298,.T.);
#300=ORIENTED_EDGE('',*,*,#299,.F.);
#301=EDGE_LOOP('',(#281,#300));
#302=FACE_BOUND('',#301,.T.);
#303=ADVANCED_FACE('NONE',(#302),#280,.T.);
#304=CARTESIAN_POINT('',(-0.75,0.567712434,1.));
#305=CARTESIAN_POINT('',(-0.75,0.523978559,0.961430347));
#306=CARTESIAN_POINT('',(-0.75,0.5,0.908289213));
#307=CARTESIAN_POINT('',(-0.75,0.5,0.85));
#308=CARTESIAN_POINT('',(-0.603553391,0.567712434,1.));
#309=CARTESIAN_POINT('',(-0.603553391,0.523978559,0.961430347));
#310=CARTESIAN_POINT('',(-0.603553391,0.5,0.908289213));
#311=CARTESIAN_POINT('',(-0.603553391,0.5,0.85));
#312=CARTESIAN_POINT('',(-0.5,0.499218305,1.077665043));
#313=CARTESIAN_POINT('',(-0.5,0.432840474,1.019125299));
#314=CARTESIAN_POINT('',(-0.5,0.396446609,0.938469442));
#315=CARTESIAN_POINT('',(-0.5,0.396446609,0.85));
#316=CARTESIAN_POINT('',(-0.5,0.402352978,1.1875));
#317=CARTESIAN_POINT('',(-0.5,0.303951758,1.100718281));
#318=CARTESIAN_POINT('',(-0.5,0.25,0.98115073));
#319=CARTESIAN_POINT('',(-0.5,0.25,0.85));
#320=CARTESIAN_POINT('',(-0.5,0.402330928,1.187525001));
#321=CARTESIAN_POINT('',(-0.5,0.303922419,1.100736854));
#322=CARTESIAN_POINT('',(-0.5,0.249966665,0.981160445));
#323=CARTESIAN_POINT('',(-0.5,0.249966665,0.85));
#324=CARTESIAN_POINT('',(-0.500000007,0.402308879,1.187550003));
#325=CARTESIAN_POINT('',(-0.500000007,0.30389308,1.100755427));
#326=CARTESIAN_POINT('',(-0.500000007,0.249933329,0.981170161));
#327=CARTESIAN_POINT('',(-0.500000007,0.249933329,0.85));
#328=CARTESIAN_POINT('',(-0.50000002,0.402286828,1.187575006));
#329=CARTESIAN_POINT('',(-0.50000002,0.30386374,1.100774001));
#330=CARTESIAN_POINT('',(-0.50000002,0.249899992,0.981179877));
#331=CARTESIAN_POINT('',(-0.50000002,0.249899992,0.85));
#332=CARTESIAN_POINT('',(-0.500058587,0.305448908,1.297378886));
#333=CARTESIAN_POINT('',(-0.500058587,0.175011492,1.182343898));
#334=CARTESIAN_POINT('',(-0.500058587,0.103494818,1.023849089));
#335=CARTESIAN_POINT('',(-0.500058587,0.103494818,0.85));
#336=CARTESIAN_POINT('',(-0.603604859,0.236993521,1.375));
#337=CARTESIAN_POINT('',(-0.603604859,0.083924957,1.240006216));
#338=CARTESIAN_POINT('',(-0.603604859,-0.,1.054012246));
#339=CARTESIAN_POINT('',(-0.603604859,-0.,0.85));
#340=CARTESIAN_POINT('',(-0.75,0.236993521,1.375));
#341=CARTESIAN_POINT('',(-0.75,0.083924957,1.240006216));
#342=CARTESIAN_POINT('',(-0.75,-0.,1.054012246));
#343=CARTESIAN_POINT('',(-0.75,-0.,0.85));
#344=(BOUNDED_SURFACE()
B_SPLINE_SURFACE(3,3,((#304,#305,#306,#307),(#308,#309,#310,#311),(#312,#313,#314,#315),(#316,#317,#318,#319),(#320,#321,#322,#323),(#324,#325,#326,#327),(#328,#329,#330,#331),(#332,#333,#334,#335),(#336,#337,#338,#339),(#340,#341,#342,#343)),.UNSPECIFIED.,.F.,.F.,.U.)
B_SPLINE_SURFACE_WITH_KNOTS((4,3,3,4),(4,4),(0.,0.5,0.500141421,1.),(0.006145638,1.),.UNSPECIFIED.)
GEOMETRIC_REPRESENTATION_ITEM()
RATIONAL_B_SPLINE_SURFACE(((0.998905325,0.940260993,0.940625885,1.),(0.803856927,0.756663614,0.756957256,0.804737854),(0.803856927,0.756663614,0.756957256,0.804737854),(0.998905325,0.940260993,0.940625885,1.),(0.998850157,0.940209064,0.940573935,0.999944772),(0.998795004,0.940157149,0.940522001,0.999889559),(0.998739867,0.940105249,0.940470081,0.999834361),(0.803856943,0.756663628,0.756957271,0.80473787),(0.803912095,0.756715543,0.757009205,0.804793083),(0.998905325,0.940260993,0.940625885,1.)))
REPRESENTATION_ITEM('')
SURFACE()
);
#345=ORIENTED_EDGE('',*,*,#188,.F.);
#346=ORIENTED_EDGE('',*,*,#299,.T.);
#347=ORIENTED_EDGE('',*,*,#204,.T.);
#348=ORIENTED_EDGE('',*,*,#227,.T.);
#349=EDGE_LOOP('',(#345,#346,#347,#348));
#350=FACE_BOUND('',#349,.T.);
#351=ADVANCED_FACE('NONE',(#350),#344,.T.);
#352=CARTESIAN_POINT('',(-0.75,0.25,-0.5));
#353=DIRECTION('',(0.,0.,1.));
#354=DIRECTION('',(1.,0.,0.));
#355=AXIS2_PLACEMENT_3D('',#352,#353,#354);
#356=PLANE('',#355);
#357=ORIENTED_EDGE('',*,*,#268,.T.);
#358=EDGE_LOOP('',(#357));
#359=FACE_BOUND('',#358,.T.);
#360=ADVANCED_FACE('NONE',(#359),#356,.F.);
#361=CLOSED_SHELL('',(#208,#249,#275,#303,#351,#360));
#362=MANIFOLD_SOLID_BREP('Body-Move/Copy2[2]',#361);
#140=STYLED_ITEM('',(#139),#362);
#364=CARTESIAN_POINT('',(-2.35,0.75,1.143111629));
#365=DIRECTION('',(0.,1.,0.));
#366=DIRECTION('',(0.,0.,-1.));
#367=AXIS2_PLACEMENT_3D('',#364,#365,#366);
#368=PLANE('',#367);
#369=CARTESIAN_POINT('',(-2.55,0.75,4.8));
#370=VERTEX_POINT('',#369);
#371=CARTESIAN_POINT('',(-2.35,0.75,4.8));
#372=VERTEX_POINT('',#371);
#373=CARTESIAN_POINT('',(-2.55,0.75,4.8));
#374=DIRECTION('',(1.,-0.,-0.));
#375=VECTOR('',#374,0.2);
#376=LINE('',#373,#375);
#377=EDGE_CURVE('NONE',#370,#372,#376,.T.);
#378=ORIENTED_EDGE('',*,*,#377,.T.);
#379=CARTESIAN_POINT('',(-2.35,0.75,4.9));
#380=VERTEX_POINT('',#379);
#381=CARTESIAN_POINT('',(-2.35,0.75,4.8));
#382=DIRECTION('',(-0.,-0.,1.));
#383=VECTOR('',#382,0.1);
#384=LINE('',#381,#383);
#385=EDGE_CURVE('NONE',#372,#380,#384,.T.);
#386=ORIENTED_EDGE('',*,*,#385,.T.);
#387=CARTESIAN_POINT('',(-2.55,0.75,4.9));
#388=VERTEX_POINT('',#387);
#389=CARTESIAN_POINT('',(-2.35,0.75,4.9));
#390=DIRECTION('',(-1.,0.,0.));
#391=VECTOR('',#390,0.2);
#392=LINE('',#389,#391);
#393=EDGE_CURVE('NONE',#380,#388,#392,.T.);
#394=ORIENTED_EDGE('',*,*,#393,.T.);
#395=CARTESIAN_POINT('',(-2.55,0.75,4.8));
#396=DIRECTION('',(-0.,-0.,1.));
#397=VECTOR('',#396,0.1);
#398=LINE('',#395,#397);
#399=EDGE_CURVE('NONE',#370,#388,#398,.T.);
#400=ORIENTED_EDGE('',*,*,#399,.F.);
#401=EDGE_LOOP('',(#378,#386,#394,#400));
#402=FACE_BOUND('',#401,.T.);
#403=ADVANCED_FACE('NONE',(#402),#368,.F.);
#404=CARTESIAN_POINT('',(-2.55,0.75,1.143111629));
#405=DIRECTION('',(1.,0.,0.));
#406=DIRECTION('',(0.,0.,-1.));
#407=AXIS2_PLACEMENT_3D('',#404,#405,#406);
#408=PLANE('',#407);
#409=CARTESIAN_POINT('',(-2.55,0.25,4.8));
#410=VERTEX_POINT('',#409);
#411=CARTESIAN_POINT('',(-2.55,0.25,4.8));
#412=DIRECTION('',(0.,1.,0.));
#413=VECTOR('',#412,0.5);
#414=LINE('',#411,#413);
#415=EDGE_CURVE('NONE',#410,#370,#414,.T.);
#416=ORIENTED_EDGE('',*,*,#415,.T.);
#417=ORIENTED_EDGE('',*,*,#399,.T.);
#418=CARTESIAN_POINT('',(-2.55,3.65,4.9));
#419=VERTEX_POINT('',#418);
#420=CARTESIAN_POINT('',(-2.55,0.75,4.9));
#421=DIRECTION('',(0.,1.,0.));
#422=VECTOR('',#421,2.9);
#423=LINE('',#420,#422);
#424=EDGE_CURVE('NONE',#388,#419,#423,.T.);
#425=ORIENTED_EDGE('',*,*,#424,.T.);
#426=CARTESIAN_POINT('',(-2.55,3.65,3.2));
#427=VERTEX_POINT('',#426);
#428=CARTESIAN_POINT('',(-2.55,3.65,3.2));
#429=DIRECTION('',(0.,0.,1.));
#430=VECTOR('',#429,1.7);
#431=LINE('',#428,#430);
#432=EDGE_CURVE('NONE',#427,#419,#431,.T.);
#433=ORIENTED_EDGE('',*,*,#432,.F.);
#434=CARTESIAN_POINT('',(-2.55,0.75,3.2));
#435=VERTEX_POINT('',#434);
#436=CARTESIAN_POINT('',(-2.55,0.75,3.2));
#437=DIRECTION('',(-0.,1.,-0.));
#438=VECTOR('',#437,2.9);
#439=LINE('',#436,#438);
#440=EDGE_CURVE('NONE',#435,#427,#439,.T.);
#441=ORIENTED_EDGE('',*,*,#440,.F.);
#442=CARTESIAN_POINT('',(-2.55,0.75,3.3));
#443=VERTEX_POINT('',#442);
#444=CARTESIAN_POINT('',(-2.55,0.75,3.3));
#445=DIRECTION('',(-0.,-0.,-1.));
#446=VECTOR('',#445,0.1);
#447=LINE('',#444,#446);
#448=EDGE_CURVE('NONE',#443,#435,#447,.T.);
#449=ORIENTED_EDGE('',*,*,#448,.F.);
#450=CARTESIAN_POINT('',(-2.55,0.25,3.3));
#451=VERTEX_POINT('',#450);
#452=CARTESIAN_POINT('',(-2.55,0.25,3.3));
#453=DIRECTION('',(0.,1.,0.));
#454=VECTOR('',#453,0.5);
#455=LINE('',#452,#454);
#456=EDGE_CURVE('NONE',#451,#443,#455,.T.);
#457=ORIENTED_EDGE('',*,*,#456,.F.);
#458=CARTESIAN_POINT('',(-2.55,0.25,4.8));
#459=DIRECTION('',(-0.,-0.,-1.));
#460=VECTOR('',#459,1.5);
#461=LINE('',#458,#460);
#462=EDGE_CURVE('NONE',#410,#451,#461,.T.);
#463=ORIENTED_EDGE('',*,*,#462,.F.);
#464=EDGE_LOOP('',(#416,#417,#425,#433,#441,#449,#457,#463));
#465=FACE_BOUND('',#464,.T.);
#466=ADVANCED_FACE('NONE',(#465),#408,.F.);
#467=CARTESIAN_POINT('',(-2.35,3.65,1.143111629));
#468=DIRECTION('',(0.,-1.,0.));
#469=DIRECTION('',(0.,0.,1.));
#470=AXIS2_PLACEMENT_3D('',#467,#468,#469);
#471=PLANE('',#470);
#472=ORIENTED_EDGE('',*,*,#432,.T.);
#473=CARTESIAN_POINT('',(-2.35,3.65,4.9));
#474=VERTEX_POINT('',#473);
#475=CARTESIAN_POINT('',(-2.55,3.65,4.9));
#476=DIRECTION('',(1.,-0.,-0.));
#477=VECTOR('',#476,0.2);
#478=LINE('',#475,#477);
#479=EDGE_CURVE('NONE',#419,#474,#478,.T.);
#480=ORIENTED_EDGE('',*,*,#479,.T.);
#481=CARTESIAN_POINT('',(-2.35,3.65,3.2));
#482=VERTEX_POINT('',#481);
#483=CARTESIAN_POINT('',(-2.35,3.65,3.2));
#484=DIRECTION('',(0.,0.,1.));
#485=VECTOR('',#484,1.7);
#486=LINE('',#483,#485);
#487=EDGE_CURVE('NONE',#482,#474,#486,.T.);
#488=ORIENTED_EDGE('',*,*,#487,.F.);
#489=CARTESIAN_POINT('',(-2.55,3.65,3.2));
#490=DIRECTION('',(1.,-0.,-0.));
#491=VECTOR('',#490,0.2);
#492=LINE('',#489,#491);
#493=EDGE_CURVE('NONE',#427,#482,#492,.T.);
#494=ORIENTED_EDGE('',*,*,#493,.F.);
#495=EDGE_LOOP('',(#472,#480,#488,#494));
#496=FACE_BOUND('',#495,.T.);
#497=ADVANCED_FACE('NONE',(#496),#471,.F.);
#498=CARTESIAN_POINT('',(-2.35,3.65,1.143111629));
#499=DIRECTION('',(-1.,0.,0.));
#500=DIRECTION('',(0.,0.,1.));
#501=AXIS2_PLACEMENT_3D('',#498,#499,#500);
#502=PLANE('',#501);
#503=CARTESIAN_POINT('',(-2.35,0.75,3.3));
#504=VERTEX_POINT('',#503);
#505=CARTESIAN_POINT('',(-2.35,0.25,3.3));
#506=VERTEX_POINT('',#505);
#507=CARTESIAN_POINT('',(-2.35,0.75,3.3));
#508=DIRECTION('',(-0.,-1.,-0.));
#509=VECTOR('',#508,0.5);
#510=LINE('',#507,#509);
#511=EDGE_CURVE('NONE',#504,#506,#510,.T.);
#512=ORIENTED_EDGE('',*,*,#511,.F.);
#513=CARTESIAN_POINT('',(-2.35,0.75,3.2));
#514=VERTEX_POINT('',#513);
#515=CARTESIAN_POINT('',(-2.35,0.75,3.3));
#516=DIRECTION('',(-0.,-0.,-1.));
#517=VECTOR('',#516,0.1);
#518=LINE('',#515,#517);
#519=EDGE_CURVE('NONE',#504,#514,#518,.T.);
#520=ORIENTED_EDGE('',*,*,#519,.T.);
#521=CARTESIAN_POINT('',(-2.35,3.65,3.2));
#522=DIRECTION('',(0.,-1.,0.));
#523=VECTOR('',#522,2.9);
#524=LINE('',#521,#523);
#525=EDGE_CURVE('NONE',#482,#514,#524,.T.);
#526=ORIENTED_EDGE('',*,*,#525,.F.);
#527=ORIENTED_EDGE('',*,*,#487,.T.);
#528=CARTESIAN_POINT('',(-2.35,3.65,4.9));
#529=DIRECTION('',(-0.,-1.,-0.));
#530=VECTOR('',#529,2.9);
#531=LINE('',#528,#530);
#532=EDGE_CURVE('NONE',#474,#380,#531,.T.);
#533=ORIENTED_EDGE('',*,*,#532,.T.);
#534=ORIENTED_EDGE('',*,*,#385,.F.);
#535=CARTESIAN_POINT('',(-2.35,0.25,4.8));
#536=VERTEX_POINT('',#535);
#537=CARTESIAN_POINT('',(-2.35,0.75,4.8));
#538=DIRECTION('',(-0.,-1.,-0.));
#539=VECTOR('',#538,0.5);
#540=LINE('',#537,#539);
#541=EDGE_CURVE('NONE',#372,#536,#540,.T.);
#542=ORIENTED_EDGE('',*,*,#541,.T.);
#543=CARTESIAN_POINT('',(-2.35,0.25,3.3));
#544=DIRECTION('',(-0.,-0.,1.));
#545=VECTOR('',#544,1.5);
#546=LINE('',#543,#545);
#547=EDGE_CURVE('NONE',#506,#536,#546,.T.);
#548=ORIENTED_EDGE('',*,*,#547,.F.);
#549=EDGE_LOOP('',(#512,#520,#526,#527,#533,#534,#542,#548));
#550=FACE_BOUND('',#549,.T.);
#551=ADVANCED_FACE('NONE',(#550),#502,.F.);
#552=CARTESIAN_POINT('',(3.,0.,4.9));
#553=DIRECTION('',(0.,0.,-1.));
#554=DIRECTION('',(-1.,0.,0.));
#555=AXIS2_PLACEMENT_3D('',#552,#553,#554);
#556=PLANE('',#555);
#557=ORIENTED_EDGE('',*,*,#393,.F.);
#558=ORIENTED_EDGE('',*,*,#532,.F.);
#559=ORIENTED_EDGE('',*,*,#479,.F.);
#560=ORIENTED_EDGE('',*,*,#424,.F.);
#561=EDGE_LOOP('',(#557,#558,#559,#560));
#562=FACE_BOUND('',#561,.T.);
#563=ADVANCED_FACE('NONE',(#562),#556,.F.);
#564=CARTESIAN_POINT('',(-2.35,0.75,6.956888371));
#565=DIRECTION('',(0.,1.,0.));
#566=DIRECTION('',(0.,0.,1.));
#567=AXIS2_PLACEMENT_3D('',#564,#565,#566);
#568=PLANE('',#567);
#569=ORIENTED_EDGE('',*,*,#448,.T.);
#570=CARTESIAN_POINT('',(-2.35,0.75,3.2));
#571=DIRECTION('',(-1.,0.,0.));
#572=VECTOR('',#571,0.2);
#573=LINE('',#570,#572);
#574=EDGE_CURVE('NONE',#514,#435,#573,.T.);
#575=ORIENTED_EDGE('',*,*,#574,.F.);
#576=ORIENTED_EDGE('',*,*,#519,.F.);
#577=CARTESIAN_POINT('',(-2.55,0.75,3.3));
#578=DIRECTION('',(1.,-0.,-0.));
#579=VECTOR('',#578,0.2);
#580=LINE('',#577,#579);
#581=EDGE_CURVE('NONE',#443,#504,#580,.T.);
#582=ORIENTED_EDGE('',*,*,#581,.F.);
#583=EDGE_LOOP('',(#569,#575,#576,#582));
#584=FACE_BOUND('',#583,.T.);
#585=ADVANCED_FACE('NONE',(#584),#568,.F.);
#586=CARTESIAN_POINT('',(3.,0.,3.2));
#587=DIRECTION('',(0.,0.,1.));
#588=DIRECTION('',(-1.,0.,0.));
#589=AXIS2_PLACEMENT_3D('',#586,#587,#588);
#590=PLANE('',#589);
#591=ORIENTED_EDGE('',*,*,#574,.T.);
#592=ORIENTED_EDGE('',*,*,#440,.T.);
#593=ORIENTED_EDGE('',*,*,#493,.T.);
#594=ORIENTED_EDGE('',*,*,#525,.T.);
#595=EDGE_LOOP('',(#591,#592,#593,#594));
#596=FACE_BOUND('',#595,.T.);
#597=ADVANCED_FACE('NONE',(#596),#590,.F.);
#598=CARTESIAN_POINT('',(-2.95,0.2,3.089531364));
#599=DIRECTION('',(0.,1.,0.));
#600=DIRECTION('',(0.,0.,1.));
#601=AXIS2_PLACEMENT_3D('',#598,#599,#600);
#602=PLANE('',#601);
#603=CARTESIAN_POINT('',(-2.95,0.2,3.3));
#604=VERTEX_POINT('',#603);
#605=CARTESIAN_POINT('',(-2.6,0.2,3.3));
#606=VERTEX_POINT('',#605);
#607=CARTESIAN_POINT('',(-2.95,0.2,3.3));
#608=DIRECTION('',(1.,-0.,-0.));
#609=VECTOR('',#608,0.35);
#610=LINE('',#607,#609);
#611=EDGE_CURVE('NONE',#604,#606,#610,.T.);
#612=ORIENTED_EDGE('',*,*,#611,.F.);
#613=CARTESIAN_POINT('',(-2.95,0.2,4.8));
#614=VERTEX_POINT('',#613);
#615=CARTESIAN_POINT('',(-2.95,0.2,3.3));
#616=DIRECTION('',(0.,0.,1.));
#617=VECTOR('',#616,1.5);
#618=LINE('',#615,#617);
#619=EDGE_CURVE('NONE',#604,#614,#618,.T.);
#620=ORIENTED_EDGE('',*,*,#619,.T.);
#621=CARTESIAN_POINT('',(-2.6,0.2,4.8));
#622=VERTEX_POINT('',#621);
#623=CARTESIAN_POINT('',(-2.95,0.2,4.8));
#624=DIRECTION('',(1.,0.,-0.));
#625=VECTOR('',#624,0.35);
#626=LINE('',#623,#625);
#627=EDGE_CURVE('NONE',#614,#622,#626,.T.);
#628=ORIENTED_EDGE('',*,*,#627,.T.);
#629=CARTESIAN_POINT('',(-2.6,0.2,3.3));
#630=DIRECTION('',(0.,0.,1.));
#631=VECTOR('',#630,1.5);
#632=LINE('',#629,#631);
#633=EDGE_CURVE('NONE',#606,#622,#632,.T.);
#634=ORIENTED_EDGE('',*,*,#633,.F.);
#635=EDGE_LOOP('',(#612,#620,#628,#634));
#636=FACE_BOUND('',#635,.T.);
#637=ADVANCED_FACE('NONE',(#636),#602,.T.);
#638=CARTESIAN_POINT('',(-2.95,-0.,3.089531364));
#639=DIRECTION('',(-1.,0.,0.));
#640=DIRECTION('',(0.,0.,-1.));
#641=AXIS2_PLACEMENT_3D('',#638,#639,#640);
#642=PLANE('',#641);
#643=CARTESIAN_POINT('',(-2.95,-0.,3.3));
#644=VERTEX_POINT('',#643);
#645=CARTESIAN_POINT('',(-2.95,-0.,4.8));
#646=VERTEX_POINT('',#645);
#647=CARTESIAN_POINT('',(-2.95,-0.,3.3));
#648=DIRECTION('',(-0.,-0.,1.));
#649=VECTOR('',#648,1.5);
#650=LINE('',#647,#649);
#651=EDGE_CURVE('NONE',#644,#646,#650,.T.);
#652=ORIENTED_EDGE('',*,*,#651,.T.);
#653=CARTESIAN_POINT('',(-2.95,-0.,4.8));
#654=DIRECTION('',(-0.,1.,-0.));
#655=VECTOR('',#654,0.2);
#656=LINE('',#653,#655);
#657=EDGE_CURVE('NONE',#646,#614,#656,.T.);
#658=ORIENTED_EDGE('',*,*,#657,.T.);
#659=ORIENTED_EDGE('',*,*,#619,.F.);
#660=CARTESIAN_POINT('',(-2.95,-0.,3.3));
#661=DIRECTION('',(0.,1.,0.));
#662=VECTOR('',#661,0.2);
#663=LINE('',#660,#662);
#664=EDGE_CURVE('NONE',#644,#604,#663,.T.);
#665=ORIENTED_EDGE('',*,*,#664,.F.);
#666=EDGE_LOOP('',(#652,#658,#659,#665));
#667=FACE_BOUND('',#666,.T.);
#668=ADVANCED_FACE('NONE',(#667),#642,.T.);
#669=CARTESIAN_POINT('',(-2.35,-0.,3.089531364));
#670=DIRECTION('',(-0.,-1.,0.));
#671=DIRECTION('',(-1.,0.,0.));
#672=AXIS2_PLACEMENT_3D('',#669,#670,#671);
#673=PLANE('',#672);
#674=CARTESIAN_POINT('',(-2.6,-0.,4.8));
#675=VERTEX_POINT('',#674);
#676=CARTESIAN_POINT('',(-2.6,-0.,4.8));
#677=DIRECTION('',(-1.,0.,0.));
#678=VECTOR('',#677,0.35);
#679=LINE('',#676,#678);
#680=EDGE_CURVE('NONE',#675,#646,#679,.T.);
#681=ORIENTED_EDGE('',*,*,#680,.T.);
#682=ORIENTED_EDGE('',*,*,#651,.F.);
#683=CARTESIAN_POINT('',(-2.6,-0.,3.3));
#684=VERTEX_POINT('',#683);
#685=CARTESIAN_POINT('',(-2.6,-0.,3.3));
#686=DIRECTION('',(-1.,0.,0.));
#687=VECTOR('',#686,0.35);
#688=LINE('',#685,#687);
#689=EDGE_CURVE('NONE',#684,#644,#688,.T.);
#690=ORIENTED_EDGE('',*,*,#689,.F.);
#691=CARTESIAN_POINT('',(-2.6,-0.,4.8));
#692=DIRECTION('',(0.,0.,-1.));
#693=VECTOR('',#692,1.5);
#694=LINE('',#691,#693);
#695=EDGE_CURVE('NONE',#675,#684,#694,.T.);
#696=ORIENTED_EDGE('',*,*,#695,.F.);
#697=EDGE_LOOP('',(#681,#682,#690,#696));
#698=FACE_BOUND('',#697,.T.);
#699=ADVANCED_FACE('NONE',(#698),#673,.T.);
#700=CARTESIAN_POINT('',(3.,0.,4.8));
#701=DIRECTION('',(0.,0.,1.));
#702=DIRECTION('',(-1.,0.,0.));
#703=AXIS2_PLACEMENT_3D('',#700,#701,#702);
#704=PLANE('',#703);
#705=ORIENTED_EDGE('',*,*,#541,.F.);
#706=ORIENTED_EDGE('',*,*,#377,.F.);
#707=ORIENTED_EDGE('',*,*,#415,.F.);
#708=CARTESIAN_POINT('',(-2.6,0.25,4.8));
#709=DIRECTION('',(0.,0.,1.));
#710=DIRECTION('',(1.,0.,-0.));
#711=AXIS2_PLACEMENT_3D('',#708,#709,#710);
#712=CIRCLE('',#711,0.05);
#713=EDGE_CURVE('NONE',#622,#410,#712,.T.);
#714=ORIENTED_EDGE('',*,*,#713,.F.);
#715=ORIENTED_EDGE('',*,*,#627,.F.);
#716=ORIENTED_EDGE('',*,*,#657,.F.);
#717=ORIENTED_EDGE('',*,*,#680,.F.);
#718=CARTESIAN_POINT('',(-2.6,0.25,4.8));
#719=DIRECTION('',(0.,0.,-1.));
#720=DIRECTION('',(-1.,0.,0.));
#721=AXIS2_PLACEMENT_3D('',#718,#719,#720);
#722=CIRCLE('',#721,0.25);
#723=EDGE_CURVE('NONE',#536,#675,#722,.T.);
#724=ORIENTED_EDGE('',*,*,#723,.F.);
#725=EDGE_LOOP('',(#705,#706,#707,#714,#715,#716,#717,#724));
#726=FACE_BOUND('',#725,.T.);
#727=ADVANCED_FACE('NONE',(#726),#704,.T.);
#728=CARTESIAN_POINT('',(3.,0.,3.3));
#729=DIRECTION('',(0.,0.,-1.));
#730=DIRECTION('',(-1.,0.,0.));
#731=AXIS2_PLACEMENT_3D('',#728,#729,#730);
#732=PLANE('',#731);
#733=ORIENTED_EDGE('',*,*,#689,.T.);
#734=ORIENTED_EDGE('',*,*,#664,.T.);
#735=ORIENTED_EDGE('',*,*,#611,.T.);
#736=CARTESIAN_POINT('',(-2.6,0.25,3.3));
#737=DIRECTION('',(-0.,-0.,-1.));
#738=DIRECTION('',(1.,0.,-0.));
#739=AXIS2_PLACEMENT_3D('',#736,#737,#738);
#740=CIRCLE('',#739,0.05);
#741=EDGE_CURVE('NONE',#451,#606,#740,.T.);
#742=ORIENTED_EDGE('',*,*,#741,.F.);
#743=ORIENTED_EDGE('',*,*,#456,.T.);
#744=ORIENTED_EDGE('',*,*,#581,.T.);
#745=ORIENTED_EDGE('',*,*,#511,.T.);
#746=CARTESIAN_POINT('',(-2.6,0.25,3.3));
#747=DIRECTION('',(-0.,-0.,1.));
#748=DIRECTION('',(-1.,0.,0.));
#749=AXIS2_PLACEMENT_3D('',#746,#747,#748);
#750=CIRCLE('',#749,0.25);
#751=EDGE_CURVE('NONE',#684,#506,#750,.T.);
#752=ORIENTED_EDGE('',*,*,#751,.F.);
#753=EDGE_LOOP('',(#733,#734,#735,#742,#743,#744,#745,#752));
#754=FACE_BOUND('',#753,.T.);
#755=ADVANCED_FACE('NONE',(#754),#732,.T.);
#756=CARTESIAN_POINT('',(-2.6,0.25,3.089531364));
#757=DIRECTION('',(0.,0.,1.));
#758=DIRECTION('',(-1.,0.,0.));
#759=AXIS2_PLACEMENT_3D('',#756,#757,#758);
#760=CYLINDRICAL_SURFACE('',#759,0.05);
#761=ORIENTED_EDGE('',*,*,#741,.T.);
#762=ORIENTED_EDGE('',*,*,#633,.T.);
#763=ORIENTED_EDGE('',*,*,#713,.T.);
#764=ORIENTED_EDGE('',*,*,#462,.T.);
#765=EDGE_LOOP('',(#761,#762,#763,#764));
#766=FACE_BOUND('',#765,.T.);
#767=ADVANCED_FACE('NONE',(#766),#760,.F.);
#768=CARTESIAN_POINT('',(-2.6,0.25,1.143111629));
#769=DIRECTION('',(0.,0.,-1.));
#770=DIRECTION('',(1.,0.,0.));
#771=AXIS2_PLACEMENT_3D('',#768,#769,#770);
#772=CYLINDRICAL_SURFACE('',#771,0.25);
#773=ORIENTED_EDGE('',*,*,#751,.T.);
#774=ORIENTED_EDGE('',*,*,#547,.T.);
#775=ORIENTED_EDGE('',*,*,#723,.T.);
#776=ORIENTED_EDGE('',*,*,#695,.T.);
#777=EDGE_LOOP('',(#773,#774,#775,#776));
#778=FACE_BOUND('',#777,.T.);
#779=ADVANCED_FACE('NONE',(#778),#772,.T.);
#780=CLOSED_SHELL('',(#403,#466,#497,#551,#563,#585,#597,#637,#668,#699,#727,#755,#767,#779));
#781=MANIFOLD_SOLID_BREP('Body-Move/Copy2[3]',#780);
#363=STYLED_ITEM('',(#139),#781);
#783=CARTESIAN_POINT('',(2.35,0.75,1.143111629));
#784=DIRECTION('',(0.,1.,0.));
#785=DIRECTION('',(0.,0.,-1.));
#786=AXIS2_PLACEMENT_3D('',#783,#784,#785);
#787=PLANE('',#786);
#788=CARTESIAN_POINT('',(2.55,0.75,4.8));
#789=VERTEX_POINT('',#788);
#790=CARTESIAN_POINT('',(2.35,0.75,4.8));
#791=VERTEX_POINT('',#790);
#792=CARTESIAN_POINT('',(2.55,0.75,4.8));
#793=DIRECTION('',(-1.,-0.,0.));
#794=VECTOR('',#793,0.2);
#795=LINE('',#792,#794);
#796=EDGE_CURVE('NONE',#789,#791,#795,.T.);
#797=ORIENTED_EDGE('',*,*,#796,.F.);
#798=CARTESIAN_POINT('',(2.55,0.75,4.9));
#799=VERTEX_POINT('',#798);
#800=CARTESIAN_POINT('',(2.55,0.75,4.8));
#801=DIRECTION('',(-0.,-0.,1.));
#802=VECTOR('',#801,0.1);
#803=LINE('',#800,#802);
#804=EDGE_CURVE('NONE',#789,#799,#803,.T.);
#805=ORIENTED_EDGE('',*,*,#804,.T.);
#806=CARTESIAN_POINT('',(2.35,0.75,4.9));
#807=VERTEX_POINT('',#806);
#808=CARTESIAN_POINT('',(2.35,0.75,4.9));
#809=DIRECTION('',(1.,0.,-0.));
#810=VECTOR('',#809,0.2);
#811=LINE('',#808,#810);
#812=EDGE_CURVE('NONE',#807,#799,#811,.T.);
#813=ORIENTED_EDGE('',*,*,#812,.F.);
#814=CARTESIAN_POINT('',(2.35,0.75,4.8));
#815=DIRECTION('',(0.,0.,1.));
#816=VECTOR('',#815,0.1);
#817=LINE('',#814,#816);
#818=EDGE_CURVE('NONE',#791,#807,#817,.T.);
#819=ORIENTED_EDGE('',*,*,#818,.F.);
#820=EDGE_LOOP('',(#797,#805,#813,#819));
#821=FACE_BOUND('',#820,.T.);
#822=ADVANCED_FACE('NONE',(#821),#787,.F.);
#823=CARTESIAN_POINT('',(2.55,0.75,1.143111629));
#824=DIRECTION('',(-1.,0.,0.));
#825=DIRECTION('',(0.,0.,-1.));
#826=AXIS2_PLACEMENT_3D('',#823,#824,#825);
#827=PLANE('',#826);
#828=CARTESIAN_POINT('',(2.55,0.25,4.8));
#829=VERTEX_POINT('',#828);
#830=CARTESIAN_POINT('',(2.55,0.25,4.8));
#831=DIRECTION('',(0.,1.,0.));
#832=VECTOR('',#831,0.5);
#833=LINE('',#830,#832);
#834=EDGE_CURVE('NONE',#829,#789,#833,.T.);
#835=ORIENTED_EDGE('',*,*,#834,.F.);
#836=CARTESIAN_POINT('',(2.55,0.25,3.3));
#837=VERTEX_POINT('',#836);
#838=CARTESIAN_POINT('',(2.55,0.25,4.8));
#839=DIRECTION('',(0.,0.,-1.));
#840=VECTOR('',#839,1.5);
#841=LINE('',#838,#840);
#842=EDGE_CURVE('NONE',#829,#837,#841,.T.);
#843=ORIENTED_EDGE('',*,*,#842,.T.);
#844=CARTESIAN_POINT('',(2.55,0.75,3.3));
#845=VERTEX_POINT('',#844);
#846=CARTESIAN_POINT('',(2.55,0.25,3.3));
#847=DIRECTION('',(-0.,1.,-0.));
#848=VECTOR('',#847,0.5);
#849=LINE('',#846,#848);
#850=EDGE_CURVE('NONE',#837,#845,#849,.T.);
#851=ORIENTED_EDGE('',*,*,#850,.T.);
#852=CARTESIAN_POINT('',(2.55,0.75,3.2));
#853=VERTEX_POINT('',#852);
#854=CARTESIAN_POINT('',(2.55,0.75,3.3));
#855=DIRECTION('',(0.,0.,-1.));
#856=VECTOR('',#855,0.1);
#857=LINE('',#854,#856);
#858=EDGE_CURVE('NONE',#845,#853,#857,.T.);
#859=ORIENTED_EDGE('',*,*,#858,.T.);
#860=CARTESIAN_POINT('',(2.55,3.65,3.2));
#861=VERTEX_POINT('',#860);
#862=CARTESIAN_POINT('',(2.55,0.75,3.2));
#863=DIRECTION('',(-0.,1.,-0.));
#864=VECTOR('',#863,2.9);
#865=LINE('',#862,#864);
#866=EDGE_CURVE('NONE',#853,#861,#865,.T.);
#867=ORIENTED_EDGE('',*,*,#866,.T.);
#868=CARTESIAN_POINT('',(2.55,3.65,4.9));
#869=VERTEX_POINT('',#868);
#870=CARTESIAN_POINT('',(2.55,3.65,3.2));
#871=DIRECTION('',(-0.,-0.,1.));
#872=VECTOR('',#871,1.7);
#873=LINE('',#870,#872);
#874=EDGE_CURVE('NONE',#861,#869,#873,.T.);
#875=ORIENTED_EDGE('',*,*,#874,.T.);
#876=CARTESIAN_POINT('',(2.55,0.75,4.9));
#877=DIRECTION('',(-0.,1.,-0.));
#878=VECTOR('',#877,2.9);
#879=LINE('',#876,#878);
#880=EDGE_CURVE('NONE',#799,#869,#879,.T.);
#881=ORIENTED_EDGE('',*,*,#880,.F.);
#882=ORIENTED_EDGE('',*,*,#804,.F.);
#883=EDGE_LOOP('',(#835,#843,#851,#859,#867,#875,#881,#882));
#884=FACE_BOUND('',#883,.T.);
#885=ADVANCED_FACE('NONE',(#884),#827,.F.);
#886=CARTESIAN_POINT('',(2.35,3.65,1.143111629));
#887=DIRECTION('',(0.,-1.,0.));
#888=DIRECTION('',(0.,0.,1.));
#889=AXIS2_PLACEMENT_3D('',#886,#887,#888);
#890=PLANE('',#889);
#891=ORIENTED_EDGE('',*,*,#874,.F.);
#892=CARTESIAN_POINT('',(2.35,3.65,3.2));
#893=VERTEX_POINT('',#892);
#894=CARTESIAN_POINT('',(2.55,3.65,3.2));
#895=DIRECTION('',(-1.,0.,0.));
#896=VECTOR('',#895,0.2);
#897=LINE('',#894,#896);
#898=EDGE_CURVE('NONE',#861,#893,#897,.T.);
#899=ORIENTED_EDGE('',*,*,#898,.T.);
#900=CARTESIAN_POINT('',(2.35,3.65,4.9));
#901=VERTEX_POINT('',#900);
#902=CARTESIAN_POINT('',(2.35,3.65,3.2));
#903=DIRECTION('',(0.,0.,1.));
#904=VECTOR('',#903,1.7);
#905=LINE('',#902,#904);
#906=EDGE_CURVE('NONE',#893,#901,#905,.T.);
#907=ORIENTED_EDGE('',*,*,#906,.T.);
#908=CARTESIAN_POINT('',(2.55,3.65,4.9));
#909=DIRECTION('',(-1.,-0.,0.));
#910=VECTOR('',#909,0.2);
#911=LINE('',#908,#910);
#912=EDGE_CURVE('NONE',#869,#901,#911,.T.);
#913=ORIENTED_EDGE('',*,*,#912,.F.);
#914=EDGE_LOOP('',(#891,#899,#907,#913));
#915=FACE_BOUND('',#914,.T.);
#916=ADVANCED_FACE('NONE',(#915),#890,.F.);
#917=CARTESIAN_POINT('',(2.35,3.65,1.143111629));
#918=DIRECTION('',(1.,0.,0.));
#919=DIRECTION('',(0.,0.,1.));
#920=AXIS2_PLACEMENT_3D('',#917,#918,#919);
#921=PLANE('',#920);
#922=CARTESIAN_POINT('',(2.35,0.75,3.3));
#923=VERTEX_POINT('',#922);
#924=CARTESIAN_POINT('',(2.35,0.25,3.3));
#925=VERTEX_POINT('',#924);
#926=CARTESIAN_POINT('',(2.35,0.75,3.3));
#927=DIRECTION('',(0.,-1.,0.));
#928=VECTOR('',#927,0.5);
#929=LINE('',#926,#928);
#930=EDGE_CURVE('NONE',#923,#925,#929,.T.);
#931=ORIENTED_EDGE('',*,*,#930,.T.);
#932=CARTESIAN_POINT('',(2.35,0.25,4.8));
#933=VERTEX_POINT('',#932);
#934=CARTESIAN_POINT('',(2.35,0.25,3.3));
#935=DIRECTION('',(0.,0.,1.));
#936=VECTOR('',#935,1.5);
#937=LINE('',#934,#936);
#938=EDGE_CURVE('NONE',#925,#933,#937,.T.);
#939=ORIENTED_EDGE('',*,*,#938,.T.);
#940=CARTESIAN_POINT('',(2.35,0.75,4.8));
#941=DIRECTION('',(-0.,-1.,-0.));
#942=VECTOR('',#941,0.5);
#943=LINE('',#940,#942);
#944=EDGE_CURVE('NONE',#791,#933,#943,.T.);
#945=ORIENTED_EDGE('',*,*,#944,.F.);
#946=ORIENTED_EDGE('',*,*,#818,.T.);
#947=CARTESIAN_POINT('',(2.35,3.65,4.9));
#948=DIRECTION('',(0.,-1.,0.));
#949=VECTOR('',#948,2.9);
#950=LINE('',#947,#949);
#951=EDGE_CURVE('NONE',#901,#807,#950,.T.);
#952=ORIENTED_EDGE('',*,*,#951,.F.);
#953=ORIENTED_EDGE('',*,*,#906,.F.);
#954=CARTESIAN_POINT('',(2.35,0.75,3.2));
#955=VERTEX_POINT('',#954);
#956=CARTESIAN_POINT('',(2.35,3.65,3.2));
#957=DIRECTION('',(0.,-1.,0.));
#958=VECTOR('',#957,2.9);
#959=LINE('',#956,#958);
#960=EDGE_CURVE('NONE',#893,#955,#959,.T.);
#961=ORIENTED_EDGE('',*,*,#960,.T.);
#962=CARTESIAN_POINT('',(2.35,0.75,3.3));
#963=DIRECTION('',(-0.,-0.,-1.));
#964=VECTOR('',#963,0.1);
#965=LINE('',#962,#964);
#966=EDGE_CURVE('NONE',#923,#955,#965,.T.);
#967=ORIENTED_EDGE('',*,*,#966,.F.);
#968=EDGE_LOOP('',(#931,#939,#945,#946,#952,#953,#961,#967));
#969=FACE_BOUND('',#968,.T.);
#970=ADVANCED_FACE('NONE',(#969),#921,.F.);
#971=CARTESIAN_POINT('',(-3.,0.,4.9));
#972=DIRECTION('',(0.,0.,-1.));
#973=DIRECTION('',(1.,0.,0.));
#974=AXIS2_PLACEMENT_3D('',#971,#972,#973);
#975=PLANE('',#974);
#976=ORIENTED_EDGE('',*,*,#812,.T.);
#977=ORIENTED_EDGE('',*,*,#880,.T.);
#978=ORIENTED_EDGE('',*,*,#912,.T.);
#979=ORIENTED_EDGE('',*,*,#951,.T.);
#980=EDGE_LOOP('',(#976,#977,#978,#979));
#981=FACE_BOUND('',#980,.T.);
#982=ADVANCED_FACE('NONE',(#981),#975,.F.);
#983=CARTESIAN_POINT('',(2.35,0.75,6.956888371));
#984=DIRECTION('',(0.,1.,0.));
#985=DIRECTION('',(0.,0.,1.));
#986=AXIS2_PLACEMENT_3D('',#983,#984,#985);
#987=PLANE('',#986);
#988=ORIENTED_EDGE('',*,*,#858,.F.);
#989=CARTESIAN_POINT('',(2.55,0.75,3.3));
#990=DIRECTION('',(-1.,-0.,0.));
#991=VECTOR('',#990,0.2);
#992=LINE('',#989,#991);
#993=EDGE_CURVE('NONE',#845,#923,#992,.T.);
#994=ORIENTED_EDGE('',*,*,#993,.T.);
#995=ORIENTED_EDGE('',*,*,#966,.T.);
#996=CARTESIAN_POINT('',(2.35,0.75,3.2));
#997=DIRECTION('',(1.,0.,-0.));
#998=VECTOR('',#997,0.2);
#999=LINE('',#996,#998);
#1000=EDGE_CURVE('NONE',#955,#853,#999,.T.);
#1001=ORIENTED_EDGE('',*,*,#1000,.T.);
#1002=EDGE_LOOP('',(#988,#994,#995,#1001));
#1003=FACE_BOUND('',#1002,.T.);
#1004=ADVANCED_FACE('NONE',(#1003),#987,.F.);
#1005=CARTESIAN_POINT('',(-3.,0.,3.2));
#1006=DIRECTION('',(0.,0.,1.));
#1007=DIRECTION('',(1.,0.,0.));
#1008=AXIS2_PLACEMENT_3D('',#1005,#1006,#1007);
#1009=PLANE('',#1008);
#1010=ORIENTED_EDGE('',*,*,#1000,.F.);
#1011=ORIENTED_EDGE('',*,*,#960,.F.);
#1012=ORIENTED_EDGE('',*,*,#898,.F.);
#1013=ORIENTED_EDGE('',*,*,#866,.F.);
#1014=EDGE_LOOP('',(#1010,#1011,#1012,#1013));
#1015=FACE_BOUND('',#1014,.T.);
#1016=ADVANCED_FACE('NONE',(#1015),#1009,.F.);
#1017=CARTESIAN_POINT('',(2.95,0.2,3.089531364));
#1018=DIRECTION('',(0.,1.,0.));
#1019=DIRECTION('',(0.,0.,1.));
#1020=AXIS2_PLACEMENT_3D('',#1017,#1018,#1019);
#1021=PLANE('',#1020);
#1022=CARTESIAN_POINT('',(2.95,0.2,3.3));
#1023=VERTEX_POINT('',#1022);
#1024=CARTESIAN_POINT('',(2.6,0.2,3.3));
#1025=VERTEX_POINT('',#1024);
#1026=CARTESIAN_POINT('',(2.95,0.2,3.3));
#1027=DIRECTION('',(-1.,-0.,0.));
#1028=VECTOR('',#1027,0.35);
#1029=LINE('',#1026,#1028);
#1030=EDGE_CURVE('NONE',#1023,#1025,#1029,.T.);
#1031=ORIENTED_EDGE('',*,*,#1030,.T.);
#1032=CARTESIAN_POINT('',(2.6,0.2,4.8));
#1033=VERTEX_POINT('',#1032);
#1034=CARTESIAN_POINT('',(2.6,0.2,3.3));
#1035=DIRECTION('',(0.,0.,1.));
#1036=VECTOR('',#1035,1.5);
#1037=LINE('',#1034,#1036);
#1038=EDGE_CURVE('NONE',#1025,#1033,#1037,.T.);
#1039=ORIENTED_EDGE('',*,*,#1038,.T.);
#1040=CARTESIAN_POINT('',(2.95,0.2,4.8));
#1041=VERTEX_POINT('',#1040);
#1042=CARTESIAN_POINT('',(2.95,0.2,4.8));
#1043=DIRECTION('',(-1.,-0.,0.));
#1044=VECTOR('',#1043,0.35);
#1045=LINE('',#1042,#1044);
#1046=EDGE_CURVE('NONE',#1041,#1033,#1045,.T.);
#1047=ORIENTED_EDGE('',*,*,#1046,.F.);
#1048=CARTESIAN_POINT('',(2.95,0.2,3.3));
#1049=DIRECTION('',(-0.,-0.,1.));
#1050=VECTOR('',#1049,1.5);
#1051=LINE('',#1048,#1050);
#1052=EDGE_CURVE('NONE',#1023,#1041,#1051,.T.);
#1053=ORIENTED_EDGE('',*,*,#1052,.F.);
#1054=EDGE_LOOP('',(#1031,#1039,#1047,#1053));
#1055=FACE_BOUND('',#1054,.T.);
#1056=ADVANCED_FACE('NONE',(#1055),#1021,.T.);
#1057=CARTESIAN_POINT('',(2.95,-0.,3.089531364));
#1058=DIRECTION('',(1.,0.,0.));
#1059=DIRECTION('',(0.,0.,-1.));
#1060=AXIS2_PLACEMENT_3D('',#1057,#1058,#1059);
#1061=PLANE('',#1060);
#1062=CARTESIAN_POINT('',(2.95,-0.,3.3));
#1063=VERTEX_POINT('',#1062);
#1064=CARTESIAN_POINT('',(2.95,-0.,4.8));
#1065=VERTEX_POINT('',#1064);
#1066=CARTESIAN_POINT('',(2.95,-0.,3.3));
#1067=DIRECTION('',(0.,0.,1.));
#1068=VECTOR('',#1067,1.5);
#1069=LINE('',#1066,#1068);
#1070=EDGE_CURVE('NONE',#1063,#1065,#1069,.T.);
#1071=ORIENTED_EDGE('',*,*,#1070,.F.);
#1072=CARTESIAN_POINT('',(2.95,-0.,3.3));
#1073=DIRECTION('',(0.,1.,0.));
#1074=VECTOR('',#1073,0.2);
#1075=LINE('',#1072,#1074);
#1076=EDGE_CURVE('NONE',#1063,#1023,#1075,.T.);
#1077=ORIENTED_EDGE('',*,*,#1076,.T.);
#1078=ORIENTED_EDGE('',*,*,#1052,.T.);
#1079=CARTESIAN_POINT('',(2.95,-0.,4.8));
#1080=DIRECTION('',(0.,1.,0.));
#1081=VECTOR('',#1080,0.2);
#1082=LINE('',#1079,#1081);
#1083=EDGE_CURVE('NONE',#1065,#1041,#1082,.T.);
#1084=ORIENTED_EDGE('',*,*,#1083,.F.);
#1085=EDGE_LOOP('',(#1071,#1077,#1078,#1084));
#1086=FACE_BOUND('',#1085,.T.);
#1087=ADVANCED_FACE('NONE',(#1086),#1061,.T.);
#1088=CARTESIAN_POINT('',(2.35,-0.,3.089531364));
#1089=DIRECTION('',(0.,-1.,0.));
#1090=DIRECTION('',(1.,0.,0.));
#1091=AXIS2_PLACEMENT_3D('',#1088,#1089,#1090);
#1092=PLANE('',#1091);
#1093=CARTESIAN_POINT('',(2.6,-0.,4.8));
#1094=VERTEX_POINT('',#1093);
#1095=CARTESIAN_POINT('',(2.6,-0.,4.8));
#1096=DIRECTION('',(1.,0.,-0.));
#1097=VECTOR('',#1096,0.35);
#1098=LINE('',#1095,#1097);
#1099=EDGE_CURVE('NONE',#1094,#1065,#1098,.T.);
#1100=ORIENTED_EDGE('',*,*,#1099,.F.);
#1101=CARTESIAN_POINT('',(2.6,-0.,3.3));
#1102=VERTEX_POINT('',#1101);
#1103=CARTESIAN_POINT('',(2.6,-0.,4.8));
#1104=DIRECTION('',(-0.,-0.,-1.));
#1105=VECTOR('',#1104,1.5);
#1106=LINE('',#1103,#1105);
#1107=EDGE_CURVE('NONE',#1094,#1102,#1106,.T.);
#1108=ORIENTED_EDGE('',*,*,#1107,.T.);
#1109=CARTESIAN_POINT('',(2.6,-0.,3.3));
#1110=DIRECTION('',(1.,0.,0.));
#1111=VECTOR('',#1110,0.35);
#1112=LINE('',#1109,#1111);
#1113=EDGE_CURVE('NONE',#1102,#1063,#1112,.T.);
#1114=ORIENTED_EDGE('',*,*,#1113,.T.);
#1115=ORIENTED_EDGE('',*,*,#1070,.T.);
#1116=EDGE_LOOP('',(#1100,#1108,#1114,#1115));
#1117=FACE_BOUND('',#1116,.T.);
#1118=ADVANCED_FACE('NONE',(#1117),#1092,.T.);
#1119=CARTESIAN_POINT('',(-3.,0.,4.8));
#1120=DIRECTION('',(0.,0.,1.));
#1121=DIRECTION('',(1.,0.,0.));
#1122=AXIS2_PLACEMENT_3D('',#1119,#1120,#1121);
#1123=PLANE('',#1122);
#1124=ORIENTED_EDGE('',*,*,#944,.T.);
#1125=CARTESIAN_POINT('',(2.6,0.25,4.8));
#1126=DIRECTION('',(-0.,-0.,1.));
#1127=DIRECTION('',(-1.,0.,0.));
#1128=AXIS2_PLACEMENT_3D('',#1125,#1126,#1127);
#1129=CIRCLE('',#1128,0.25);
#1130=EDGE_CURVE('NONE',#933,#1094,#1129,.T.);
#1131=ORIENTED_EDGE('',*,*,#1130,.T.);
#1132=ORIENTED_EDGE('',*,*,#1099,.T.);
#1133=ORIENTED_EDGE('',*,*,#1083,.T.);
#1134=ORIENTED_EDGE('',*,*,#1046,.T.);
#1135=CARTESIAN_POINT('',(2.6,0.25,4.8));
#1136=DIRECTION('',(-0.,-0.,-1.));
#1137=DIRECTION('',(1.,0.,-0.));
#1138=AXIS2_PLACEMENT_3D('',#1135,#1136,#1137);
#1139=CIRCLE('',#1138,0.05);
#1140=EDGE_CURVE('NONE',#1033,#829,#1139,.T.);
#1141=ORIENTED_EDGE('',*,*,#1140,.T.);
#1142=ORIENTED_EDGE('',*,*,#834,.T.);
#1143=ORIENTED_EDGE('',*,*,#796,.T.);
#1144=EDGE_LOOP('',(#1124,#1131,#1132,#1133,#1134,#1141,#1142,#1143));
#1145=FACE_BOUND('',#1144,.T.);
#1146=ADVANCED_FACE('NONE',(#1145),#1123,.T.);
#1147=CARTESIAN_POINT('',(-3.,0.,3.3));
#1148=DIRECTION('',(0.,0.,-1.));
#1149=DIRECTION('',(1.,0.,0.));
#1150=AXIS2_PLACEMENT_3D('',#1147,#1148,#1149);
#1151=PLANE('',#1150);
#1152=ORIENTED_EDGE('',*,*,#1113,.F.);
#1153=CARTESIAN_POINT('',(2.6,0.25,3.3));
#1154=DIRECTION('',(0.,0.,-1.));
#1155=DIRECTION('',(-1.,0.,0.));
#1156=AXIS2_PLACEMENT_3D('',#1153,#1154,#1155);
#1157=CIRCLE('',#1156,0.25);
#1158=EDGE_CURVE('NONE',#1102,#925,#1157,.T.);
#1159=ORIENTED_EDGE('',*,*,#1158,.T.);
#1160=ORIENTED_EDGE('',*,*,#930,.F.);
#1161=ORIENTED_EDGE('',*,*,#993,.F.);
#1162=ORIENTED_EDGE('',*,*,#850,.F.);
#1163=CARTESIAN_POINT('',(2.6,0.25,3.3));
#1164=DIRECTION('',(0.,0.,1.));
#1165=DIRECTION('',(1.,0.,-0.));
#1166=AXIS2_PLACEMENT_3D('',#1163,#1164,#1165);
#1167=CIRCLE('',#1166,0.05);
#1168=EDGE_CURVE('NONE',#837,#1025,#1167,.T.);
#1169=ORIENTED_EDGE('',*,*,#1168,.T.);
#1170=ORIENTED_EDGE('',*,*,#1030,.F.);
#1171=ORIENTED_EDGE('',*,*,#1076,.F.);
#1172=EDGE_LOOP('',(#1152,#1159,#1160,#1161,#1162,#1169,#1170,#1171));
#1173=FACE_BOUND('',#1172,.T.);
#1174=ADVANCED_FACE('NONE',(#1173),#1151,.T.);
#1175=CARTESIAN_POINT('',(2.6,0.25,3.089531364));
#1176=DIRECTION('',(0.,0.,1.));
#1177=DIRECTION('',(1.,0.,-0.));
#1178=AXIS2_PLACEMENT_3D('',#1175,#1176,#1177);
#1179=CYLINDRICAL_SURFACE('',#1178,0.05);
#1180=ORIENTED_EDGE('',*,*,#1168,.F.);
#1181=ORIENTED_EDGE('',*,*,#842,.F.);
#1182=ORIENTED_EDGE('',*,*,#1140,.F.);
#1183=ORIENTED_EDGE('',*,*,#1038,.F.);
#1184=EDGE_LOOP('',(#1180,#1181,#1182,#1183));
#1185=FACE_BOUND('',#1184,.T.);
#1186=ADVANCED_FACE('NONE',(#1185),#1179,.F.);
#1187=CARTESIAN_POINT('',(2.6,0.25,1.143111629));
#1188=DIRECTION('',(0.,0.,-1.));
#1189=DIRECTION('',(-1.,0.,0.));
#1190=AXIS2_PLACEMENT_3D('',#1187,#1188,#1189);
#1191=CYLINDRICAL_SURFACE('',#1190,0.25);
#1192=ORIENTED_EDGE('',*,*,#1158,.F.);
#1193=ORIENTED_EDGE('',*,*,#1107,.F.);
#1194=ORIENTED_EDGE('',*,*,#1130,.F.);
#1195=ORIENTED_EDGE('',*,*,#938,.F.);
#1196=EDGE_LOOP('',(#1192,#1193,#1194,#1195));
#1197=FACE_BOUND('',#1196,.T.);
#1198=ADVANCED_FACE('NONE',(#1197),#1191,.T.);
#1199=CLOSED_SHELL('',(#822,#885,#916,#970,#982,#1004,#1016,#1056,#1087,#1118,#1146,#1174,#1186,#1198));
#1200=MANIFOLD_SOLID_BREP('Body-Move/Copy3[1]',#1199);
#782=STYLED_ITEM('',(#139),#1200);
#1202=CARTESIAN_POINT('',(0.75,0.236993521,1.375));
#1203=CARTESIAN_POINT('',(0.75,0.083924957,1.240006216));
#1204=CARTESIAN_POINT('',(0.75,-0.,1.054012246));
#1205=CARTESIAN_POINT('',(0.75,-0.,0.85));
#1206=CARTESIAN_POINT('',(0.25,0.236993521,1.375));
#1207=CARTESIAN_POINT('',(0.25,0.083924957,1.240006215));
#1208=CARTESIAN_POINT('',(0.25,0.,1.054012246));
#1209=CARTESIAN_POINT('',(0.25,0.,0.85));
#1210=CARTESIAN_POINT('',(0.25,0.567712434,1.));
#1211=CARTESIAN_POINT('',(0.25,0.523978559,0.961430347));
#1212=CARTESIAN_POINT('',(0.25,0.5,0.908289213));
#1213=CARTESIAN_POINT('',(0.25,0.5,0.85));
#1214=CARTESIAN_POINT('',(0.75,0.567712434,1.));
#1215=CARTESIAN_POINT('',(0.75,0.523978559,0.961430347));
#1216=CARTESIAN_POINT('',(0.75,0.5,0.908289213));
#1217=CARTESIAN_POINT('',(0.75,0.5,0.85));
#1218=(BOUNDED_SURFACE()
B_SPLINE_SURFACE(3,3,((#1202,#1203,#1204,#1205),(#1206,#1207,#1208,#1209),(#1210,#1211,#1212,#1213),(#1214,#1215,#1216,#1217)),.UNSPECIFIED.,.F.,.F.,.U.)
B_SPLINE_SURFACE_WITH_KNOTS((4,4),(4,4),(0.,1.),(0.006145638,1.),.UNSPECIFIED.)
GEOMETRIC_REPRESENTATION_ITEM()
RATIONAL_B_SPLINE_SURFACE(((0.998905324,0.940260992,0.940625884,1.),(0.332968442,0.313420331,0.313541962,0.333333333),(0.332968442,0.313420331,0.313541962,0.333333333),(0.998905325,0.940260993,0.940625885,1.)))
REPRESENTATION_ITEM('')
SURFACE()
);
#1219=CARTESIAN_POINT('',(0.75,0.016260283,1.));
#1220=VERTEX_POINT('',#1219);
#1221=CARTESIAN_POINT('',(0.75,0.567712434,1.));
#1222=VERTEX_POINT('',#1221);
#1223=CARTESIAN_POINT('',(0.75,0.016260283,1.));
#1224=CARTESIAN_POINT('',(0.680887703,0.016260283,1.));
#1225=CARTESIAN_POINT('',(0.613603012,0.046909649,1.));
#1226=CARTESIAN_POINT('',(0.56771173,0.097297852,1.));
#1227=CARTESIAN_POINT('',(0.521820449,0.147686055,1.));
#1228=CARTESIAN_POINT('',(0.497742689,0.217166099,1.));
#1229=CARTESIAN_POINT('',(0.500178047,0.285755135,1.));
#1230=CARTESIAN_POINT('',(0.502613404,0.35434417,1.));
#1231=CARTESIAN_POINT('',(0.529942155,0.420500085,1.));
#1232=CARTESIAN_POINT('',(0.574462022,0.473107294,1.));
#1233=CARTESIAN_POINT('',(0.596721956,0.499410899,1.));
#1234=CARTESIAN_POINT('',(0.622288738,0.521755915,1.));
#1235=CARTESIAN_POINT('',(0.652048488,0.539081579,1.));
#1236=CARTESIAN_POINT('',(0.681808237,0.556407243,1.));
#1237=CARTESIAN_POINT('',(0.715319285,0.567712434,1.));
#1238=CARTESIAN_POINT('',(0.75,0.567712434,1.));
#1239=B_SPLINE_CURVE_WITH_KNOTS('',3,(#1223,#1224,#1225,#1226,#1227,#1228,#1229,#1230,#1231,#1232,#1233,#1234,#1235,#1236,#1237,#1238),.UNSPECIFIED.,.F.,.F.,(4,3,3,3,3,4),(0.,0.000204374,0.000408748,0.000613122,0.000715309,0.000817496),.UNSPECIFIED.);
#1240=EDGE_CURVE('NONE',#1220,#1222,#1239,.T.);
#1241=ORIENTED_EDGE('',*,*,#1240,.T.);
#1242=CARTESIAN_POINT('',(0.75,0.5,0.85));
#1243=VERTEX_POINT('',#1242);
#1244=CARTESIAN_POINT('',(0.75,0.567712434,1.));
#1245=CARTESIAN_POINT('',(0.75,0.523978559,0.961430347));
#1246=CARTESIAN_POINT('',(0.75,0.5,0.908289213));
#1247=CARTESIAN_POINT('',(0.75,0.5,0.85));
#1248=(BOUNDED_CURVE()
B_SPLINE_CURVE(3,(#1244,#1245,#1246,#1247),.UNSPECIFIED.,.F.,.F.)
B_SPLINE_CURVE_WITH_KNOTS((4,4),(0.006145638,1.),.UNSPECIFIED.)
CURVE()
GEOMETRIC_REPRESENTATION_ITEM()
RATIONAL_B_SPLINE_CURVE((0.998905325,0.940260993,0.940625885,1.))
REPRESENTATION_ITEM(''));
#1249=EDGE_CURVE('NONE',#1222,#1243,#1248,.T.);
#1250=ORIENTED_EDGE('',*,*,#1249,.T.);
#1251=CARTESIAN_POINT('',(0.75,-0.,0.85));
#1252=VERTEX_POINT('',#1251);
#1253=CARTESIAN_POINT('',(0.75,0.25,0.85));
#1254=DIRECTION('',(-0.,0.,1.));
#1255=DIRECTION('',(0.,1.,-0.));
#1256=AXIS2_PLACEMENT_3D('',#1253,#1254,#1255);
#1257=CIRCLE('',#1256,0.25);
#1258=EDGE_CURVE('NONE',#1243,#1252,#1257,.T.);
#1259=ORIENTED_EDGE('',*,*,#1258,.T.);
#1260=CARTESIAN_POINT('',(0.75,0.016261354,1.000004878));
#1261=CARTESIAN_POINT('',(0.75,0.005378888,0.950401408));
#1262=CARTESIAN_POINT('',(0.75,-0.,0.900196385));
#1263=CARTESIAN_POINT('',(0.75,-0.,0.85));
#1264=(BOUNDED_CURVE()
B_SPLINE_CURVE(3,(#1260,#1261,#1262,#1263),.UNSPECIFIED.,.F.,.F.)
B_SPLINE_CURVE_WITH_KNOTS((4,4),(0.744006532,1.),.UNSPECIFIED.)
CURVE()
GEOMETRIC_REPRESENTATION_ITEM()
RATIONAL_B_SPLINE_CURVE((0.965864891,0.973328257,0.984706627,1.))
REPRESENTATION_ITEM(''));
#1265=EDGE_CURVE('NONE',#1220,#1252,#1264,.T.);
#1266=ORIENTED_EDGE('',*,*,#1265,.F.);
#1267=EDGE_LOOP('',(#1241,#1250,#1259,#1266));
#1268=FACE_BOUND('',#1267,.T.);
#1269=ADVANCED_FACE('NONE',(#1268),#1218,.T.);
#1270=CARTESIAN_POINT('',(0.75,0.25,0.85));
#1271=DIRECTION('',(0.,-0.,-1.));
#1272=DIRECTION('',(0.,1.,-0.));
#1273=AXIS2_PLACEMENT_3D('',#1270,#1271,#1272);
#1274=CYLINDRICAL_SURFACE('',#1273,0.25);
#1275=CARTESIAN_POINT('',(0.75,0.5,-0.280201806));
#1276=VERTEX_POINT('',#1275);
#1277=CARTESIAN_POINT('',(0.75,0.5,-0.280201806));
#1278=DIRECTION('',(-0.,0.,1.));
#1279=VECTOR('',#1278,1.130201806);
#1280=LINE('',#1277,#1279);
#1281=EDGE_CURVE('',#1276,#1243,#1280,.T.);
#1282=ORIENTED_EDGE('',*,*,#1281,.T.);
#1283=CARTESIAN_POINT('',(0.75,0.25,0.85));
#1284=DIRECTION('',(-0.,0.,1.));
#1285=DIRECTION('',(0.,1.,-0.));
#1286=AXIS2_PLACEMENT_3D('',#1283,#1284,#1285);
#1287=CIRCLE('',#1286,0.25);
#1288=EDGE_CURVE('NONE',#1252,#1243,#1287,.T.);
#1289=ORIENTED_EDGE('',*,*,#1288,.F.);
#1290=ORIENTED_EDGE('',*,*,#1258,.F.);
#1291=ORIENTED_EDGE('',*,*,#1281,.F.);
#1292=CARTESIAN_POINT('',(1.,0.25,-0.280201806));
#1293=VERTEX_POINT('',#1292);
#1294=CARTESIAN_POINT('',(0.75,0.25,-0.280201806));
#1295=DIRECTION('',(-0.,0.,1.));
#1296=DIRECTION('',(0.,1.,-0.));
#1297=AXIS2_PLACEMENT_3D('',#1294,#1295,#1296);
#1298=CIRCLE('',#1297,0.25);
#1299=EDGE_CURVE('NONE',#1276,#1293,#1298,.T.);
#1300=ORIENTED_EDGE('',*,*,#1299,.T.);
#1301=CARTESIAN_POINT('',(0.75,0.25,-0.280201806));
#1302=DIRECTION('',(-0.,0.,1.));
#1303=DIRECTION('',(0.,1.,-0.));
#1304=AXIS2_PLACEMENT_3D('',#1301,#1302,#1303);
#1305=CIRCLE('',#1304,0.25);
#1306=EDGE_CURVE('NONE',#1293,#1276,#1305,.T.);
#1307=ORIENTED_EDGE('',*,*,#1306,.T.);
#1308=EDGE_LOOP('',(#1282,#1289,#1290,#1291,#1300,#1307));
#1309=FACE_BOUND('',#1308,.T.);
#1310=ADVANCED_FACE('NONE',(#1309),#1274,.T.);
#1311=CARTESIAN_POINT('',(0.75,0.25,-0.280201806));
#1312=DIRECTION('',(0.,0.,1.));
#1313=DIRECTION('',(1.,0.,-0.));
#1314=AXIS2_PLACEMENT_3D('',#1311,#1312,#1313);
#1315=CONICAL_SURFACE('',#1314,0.25,20.);
#1316=CARTESIAN_POINT('',(0.92,0.25,-0.5));
#1317=VERTEX_POINT('',#1316);
#1318=CARTESIAN_POINT('',(1.,0.25,-0.280201806));
#1319=DIRECTION('',(-0.342020143,-0.,-0.939692621));
#1320=VECTOR('',#1319,0.233904352);
#1321=LINE('',#1318,#1320);
#1322=EDGE_CURVE('',#1293,#1317,#1321,.T.);
#1323=ORIENTED_EDGE('',*,*,#1322,.T.);
#1324=CARTESIAN_POINT('',(0.75,0.25,-0.5));
#1325=DIRECTION('',(-0.,-0.,-1.));
#1326=DIRECTION('',(1.,0.,-0.));
#1327=AXIS2_PLACEMENT_3D('',#1324,#1325,#1326);
#1328=CIRCLE('',#1327,0.17);
#1329=EDGE_CURVE('NONE',#1317,#1317,#1328,.T.);
#1330=ORIENTED_EDGE('',*,*,#1329,.F.);
#1331=ORIENTED_EDGE('',*,*,#1322,.F.);
#1332=ORIENTED_EDGE('',*,*,#1299,.F.);
#1333=ORIENTED_EDGE('',*,*,#1306,.F.);
#1334=EDGE_LOOP('',(#1323,#1330,#1331,#1332,#1333));
#1335=FACE_BOUND('',#1334,.T.);
#1336=ADVANCED_FACE('NONE',(#1335),#1315,.T.);
#1337=CARTESIAN_POINT('',(-3.,0.,1.));
#1338=DIRECTION('',(0.,0.,1.));
#1339=DIRECTION('',(1.,0.,0.));
#1340=AXIS2_PLACEMENT_3D('',#1337,#1338,#1339);
#1341=PLANE('',#1340);
#1342=ORIENTED_EDGE('',*,*,#1240,.F.);
#1343=CARTESIAN_POINT('',(0.75,0.567712434,1.));
#1344=CARTESIAN_POINT('',(0.784713974,0.567712434,1.));
#1345=CARTESIAN_POINT('',(0.818075621,0.556407676,1.));
#1346=CARTESIAN_POINT('',(0.847577299,0.539299014,1.));
#1347=CARTESIAN_POINT('',(0.877078978,0.522190352,1.));
#1348=CARTESIAN_POINT('',(0.903435298,0.499203735,1.));
#1349=CARTESIAN_POINT('',(0.925412227,0.47325585,1.));
#1350=CARTESIAN_POINT('',(0.969366084,0.42136008,1.));
#1351=CARTESIAN_POINT('',(0.997307268,0.354862505,1.));
#1352=CARTESIAN_POINT('',(0.999812958,0.286005363,1.));
#1353=CARTESIAN_POINT('',(1.002318648,0.21714822,1.));
#1354=CARTESIAN_POINT('',(0.978341222,0.147913159,1.));
#1355=CARTESIAN_POINT('',(0.932372624,0.097390517,1.));
#1356=CARTESIAN_POINT('',(0.886404026,0.046867874,1.));
#1357=CARTESIAN_POINT('',(0.819120717,0.016260305,1.));
#1358=CARTESIAN_POINT('',(0.75,0.016260283,1.));
#1359=B_SPLINE_CURVE_WITH_KNOTS('',3,(#1343,#1344,#1345,#1346,#1347,#1348,#1349,#1350,#1351,#1352,#1353,#1354,#1355,#1356,#1357,#1358),.UNSPECIFIED.,.F.,.F.,(4,3,3,3,3,4),(0.,0.000102231,0.000204462,0.000408924,0.000613386,0.000817848),.UNSPECIFIED.);
#1360=EDGE_CURVE('NONE',#1222,#1220,#1359,.T.);
#1361=ORIENTED_EDGE('',*,*,#1360,.F.);
#1362=EDGE_LOOP('',(#1342,#1361));
#1363=FACE_BOUND('',#1362,.T.);
#1364=ADVANCED_FACE('NONE',(#1363),#1341,.T.);
#1365=CARTESIAN_POINT('',(0.75,0.567712434,1.));
#1366=CARTESIAN_POINT('',(0.75,0.523978559,0.961430347));
#1367=CARTESIAN_POINT('',(0.75,0.5,0.908289213));
#1368=CARTESIAN_POINT('',(0.75,0.5,0.85));
#1369=CARTESIAN_POINT('',(0.896446609,0.567712434,1.));
#1370=CARTESIAN_POINT('',(0.896446609,0.523978559,0.961430347));
#1371=CARTESIAN_POINT('',(0.896446609,0.5,0.908289213));
#1372=CARTESIAN_POINT('',(0.896446609,0.5,0.85));
#1373=CARTESIAN_POINT('',(1.,0.499218305,1.077665043));
#1374=CARTESIAN_POINT('',(1.,0.432840474,1.019125299));
#1375=CARTESIAN_POINT('',(1.,0.396446609,0.938469442));
#1376=CARTESIAN_POINT('',(1.,0.396446609,0.85));
#1377=CARTESIAN_POINT('',(1.,0.402352978,1.1875));
#1378=CARTESIAN_POINT('',(1.,0.303951758,1.100718281));
#1379=CARTESIAN_POINT('',(1.,0.25,0.98115073));
#1380=CARTESIAN_POINT('',(1.,0.25,0.85));
#1381=CARTESIAN_POINT('',(1.,0.402330928,1.187525001));
#1382=CARTESIAN_POINT('',(1.,0.303922419,1.100736854));
#1383=CARTESIAN_POINT('',(1.,0.249966665,0.981160445));
#1384=CARTESIAN_POINT('',(1.,0.249966665,0.85));
#1385=CARTESIAN_POINT('',(0.999999993,0.402308879,1.187550003));
#1386=CARTESIAN_POINT('',(0.999999993,0.30389308,1.100755427));
#1387=CARTESIAN_POINT('',(0.999999993,0.249933329,0.981170161));
#1388=CARTESIAN_POINT('',(0.999999993,0.249933329,0.85));
#1389=CARTESIAN_POINT('',(0.99999998,0.402286828,1.187575006));
#1390=CARTESIAN_POINT('',(0.99999998,0.30386374,1.100774001));
#1391=CARTESIAN_POINT('',(0.99999998,0.249899992,0.981179877));
#1392=CARTESIAN_POINT('',(0.99999998,0.249899992,0.85));
#1393=CARTESIAN_POINT('',(0.999941413,0.305448908,1.297378886));
#1394=CARTESIAN_POINT('',(0.999941413,0.175011492,1.182343898));
#1395=CARTESIAN_POINT('',(0.999941413,0.103494818,1.023849089));
#1396=CARTESIAN_POINT('',(0.999941413,0.103494818,0.85));
#1397=CARTESIAN_POINT('',(0.896395141,0.236993521,1.375));
#1398=CARTESIAN_POINT('',(0.896395141,0.083924957,1.240006216));
#1399=CARTESIAN_POINT('',(0.896395141,-0.,1.054012246));
#1400=CARTESIAN_POINT('',(0.896395141,-0.,0.85));
#1401=CARTESIAN_POINT('',(0.75,0.236993521,1.375));
#1402=CARTESIAN_POINT('',(0.75,0.083924957,1.240006216));
#1403=CARTESIAN_POINT('',(0.75,-0.,1.054012246));
#1404=CARTESIAN_POINT('',(0.75,-0.,0.85));
#1405=(BOUNDED_SURFACE()
B_SPLINE_SURFACE(3,3,((#1365,#1366,#1367,#1368),(#1369,#1370,#1371,#1372),(#1373,#1374,#1375,#1376),(#1377,#1378,#1379,#1380),(#1381,#1382,#1383,#1384),(#1385,#1386,#1387,#1388),(#1389,#1390,#1391,#1392),(#1393,#1394,#1395,#1396),(#1397,#1398,#1399,#1400),(#1401,#1402,#1403,#1404)),.UNSPECIFIED.,.F.,.F.,.U.)
B_SPLINE_SURFACE_WITH_KNOTS((4,3,3,4),(4,4),(0.,0.5,0.500141421,1.),(0.006145638,1.),.UNSPECIFIED.)
GEOMETRIC_REPRESENTATION_ITEM()
RATIONAL_B_SPLINE_SURFACE(((0.998905325,0.940260993,0.940625885,1.),(0.803856927,0.756663614,0.756957256,0.804737854),(0.803856927,0.756663614,0.756957256,0.804737854),(0.998905325,0.940260993,0.940625885,1.),(0.998850157,0.940209064,0.940573935,0.999944772),(0.998795004,0.940157149,0.940522001,0.999889559),(0.998739867,0.940105249,0.940470081,0.999834361),(0.803856943,0.756663628,0.756957271,0.80473787),(0.803912095,0.756715543,0.757009205,0.804793083),(0.998905325,0.940260993,0.940625885,1.)))
REPRESENTATION_ITEM('')
SURFACE()
);
#1406=ORIENTED_EDGE('',*,*,#1249,.F.);
#1407=ORIENTED_EDGE('',*,*,#1360,.T.);
#1408=ORIENTED_EDGE('',*,*,#1265,.T.);
#1409=ORIENTED_EDGE('',*,*,#1288,.T.);
#1410=EDGE_LOOP('',(#1406,#1407,#1408,#1409));
#1411=FACE_BOUND('',#1410,.T.);
#1412=ADVANCED_FACE('NONE',(#1411),#1405,.T.);
#1413=CARTESIAN_POINT('',(0.75,0.25,-0.5));
#1414=DIRECTION('',(0.,0.,1.));
#1415=DIRECTION('',(1.,0.,0.));
#1416=AXIS2_PLACEMENT_3D('',#1413,#1414,#1415);
#1417=PLANE('',#1416);
#1418=ORIENTED_EDGE('',*,*,#1329,.T.);
#1419=EDGE_LOOP('',(#1418));
#1420=FACE_BOUND('',#1419,.T.);
#1421=ADVANCED_FACE('NONE',(#1420),#1417,.F.);
#1422=CLOSED_SHELL('',(#1269,#1310,#1336,#1364,#1412,#1421));
#1423=MANIFOLD_SOLID_BREP('Body-Move/Copy3[3]',#1422);
#1201=STYLED_ITEM('',(#139),#1423);
#1425=CARTESIAN_POINT('',(0.75,2.4,5.080201806));
#1426=DIRECTION('',(0.,0.,-1.));
#1427=DIRECTION('',(-1.,0.,0.));
#1428=AXIS2_PLACEMENT_3D('',#1425,#1426,#1427);
#1429=CONICAL_SURFACE('',#1428,0.25,20.);
#1430=CARTESIAN_POINT('',(0.5,2.4,5.080201806));
#1431=VERTEX_POINT('',#1430);
#1432=CARTESIAN_POINT('',(0.58,2.4,5.3));
#1433=VERTEX_POINT('',#1432);
#1434=CARTESIAN_POINT('',(0.5,2.4,5.080201806));
#1435=DIRECTION('',(0.342020143,-0.,0.939692621));
#1436=VECTOR('',#1435,0.233904352);
#1437=LINE('',#1434,#1436);
#1438=EDGE_CURVE('',#1431,#1433,#1437,.T.);
#1439=ORIENTED_EDGE('',*,*,#1438,.T.);
#1440=CARTESIAN_POINT('',(0.75,2.4,5.3));
#1441=DIRECTION('',(-0.,-0.,1.));
#1442=DIRECTION('',(-1.,0.,0.));
#1443=AXIS2_PLACEMENT_3D('',#1440,#1441,#1442);
#1444=CIRCLE('',#1443,0.17);
#1445=EDGE_CURVE('NONE',#1433,#1433,#1444,.T.);
#1446=ORIENTED_EDGE('',*,*,#1445,.F.);
#1447=ORIENTED_EDGE('',*,*,#1438,.F.);
#1448=CARTESIAN_POINT('',(0.75,2.4,5.080201806));
#1449=DIRECTION('',(0.,0.,-1.));
#1450=DIRECTION('',(-1.,0.,0.));
#1451=AXIS2_PLACEMENT_3D('',#1448,#1449,#1450);
#1452=CIRCLE('',#1451,0.25);
#1453=EDGE_CURVE('NONE',#1431,#1431,#1452,.T.);
#1454=ORIENTED_EDGE('',*,*,#1453,.F.);
#1455=EDGE_LOOP('',(#1439,#1446,#1447,#1454));
#1456=FACE_BOUND('',#1455,.T.);
#1457=ADVANCED_FACE('NONE',(#1456),#1429,.T.);
#1458=CARTESIAN_POINT('',(0.75,2.4,5.3));
#1459=DIRECTION('',(0.,0.,-1.));
#1460=DIRECTION('',(-1.,0.,0.));
#1461=AXIS2_PLACEMENT_3D('',#1458,#1459,#1460);
#1462=CYLINDRICAL_SURFACE('',#1461,0.25);
#1463=CARTESIAN_POINT('',(0.5,2.4,2.9));
#1464=VERTEX_POINT('',#1463);
#1465=CARTESIAN_POINT('',(0.5,2.4,2.9));
#1466=DIRECTION('',(-0.,-0.,1.));
#1467=VECTOR('',#1466,2.180201806);
#1468=LINE('',#1465,#1467);
#1469=EDGE_CURVE('',#1464,#1431,#1468,.T.);
#1470=ORIENTED_EDGE('',*,*,#1469,.T.);
#1471=ORIENTED_EDGE('',*,*,#1453,.T.);
#1472=ORIENTED_EDGE('',*,*,#1469,.F.);
#1473=CARTESIAN_POINT('',(0.75,2.4,2.9));
#1474=DIRECTION('',(0.,0.,-1.));
#1475=DIRECTION('',(-1.,0.,0.));
#1476=AXIS2_PLACEMENT_3D('',#1473,#1474,#1475);
#1477=CIRCLE('',#1476,0.25);
#1478=EDGE_CURVE('NONE',#1464,#1464,#1477,.T.);
#1479=ORIENTED_EDGE('',*,*,#1478,.F.);
#1480=EDGE_LOOP('',(#1470,#1471,#1472,#1479));
#1481=FACE_BOUND('',#1480,.T.);
#1482=ADVANCED_FACE('NONE',(#1481),#1462,.T.);
#1483=CARTESIAN_POINT('',(-3.,0.,2.9));
#1484=DIRECTION('',(0.,0.,1.));
#1485=DIRECTION('',(1.,0.,0.));
#1486=AXIS2_PLACEMENT_3D('',#1483,#1484,#1485);
#1487=PLANE('',#1486);
#1488=ORIENTED_EDGE('',*,*,#1478,.T.);
#1489=EDGE_LOOP('',(#1488));
#1490=FACE_BOUND('',#1489,.T.);
#1491=ADVANCED_FACE('NONE',(#1490),#1487,.F.);
#1492=CARTESIAN_POINT('',(0.75,2.4,5.3));
#1493=DIRECTION('',(0.,0.,1.));
#1494=DIRECTION('',(1.,0.,0.));
#1495=AXIS2_PLACEMENT_3D('',#1492,#1493,#1494);
#1496=PLANE('',#1495);
#1497=ORIENTED_EDGE('',*,*,#1445,.T.);
#1498=EDGE_LOOP('',(#1497));
#1499=FACE_BOUND('',#1498,.T.);
#1500=ADVANCED_FACE('NONE',(#1499),#1496,.T.);
#1501=CLOSED_SHELL('',(#1457,#1482,#1491,#1500));
#1502=MANIFOLD_SOLID_BREP('Body-Move/Copy3[4]',#1501);
#1424=STYLED_ITEM('',(#139),#1502);
#1504=CARTESIAN_POINT('',(1.75,2.8,4.2));
#1505=DIRECTION('',(0.,1.,0.));
#1506=DIRECTION('',(0.,0.,1.));
#1507=AXIS2_PLACEMENT_3D('',#1504,#1505,#1506);
#1508=PLANE('',#1507);
#1509=CARTESIAN_POINT('',(2.35,2.8,5.8));
#1510=VERTEX_POINT('',#1509);
#1511=CARTESIAN_POINT('',(2.35,2.8,4.9));
#1512=VERTEX_POINT('',#1511);
#1513=CARTESIAN_POINT('',(2.35,2.8,5.8));
#1514=DIRECTION('',(0.,0.,-1.));
#1515=VECTOR('',#1514,0.9);
#1516=LINE('',#1513,#1515);
#1517=EDGE_CURVE('NONE',#1510,#1512,#1516,.T.);
#1518=ORIENTED_EDGE('',*,*,#1517,.F.);
#1519=CARTESIAN_POINT('',(1.75,2.8,5.8));
#1520=VERTEX_POINT('',#1519);
#1521=CARTESIAN_POINT('',(2.35,2.8,5.8));
#1522=DIRECTION('',(-1.,-0.,0.));
#1523=VECTOR('',#1522,0.6);
#1524=LINE('',#1521,#1523);
#1525=EDGE_CURVE('NONE',#1510,#1520,#1524,.T.);
#1526=ORIENTED_EDGE('',*,*,#1525,.T.);
#1527=CARTESIAN_POINT('',(1.75,2.8,4.2));
#1528=VERTEX_POINT('',#1527);
#1529=CARTESIAN_POINT('',(1.75,2.8,5.8));
#1530=DIRECTION('',(-0.,-0.,-1.));
#1531=VECTOR('',#1530,1.6);
#1532=LINE('',#1529,#1531);
#1533=EDGE_CURVE('NONE',#1520,#1528,#1532,.T.);
#1534=ORIENTED_EDGE('',*,*,#1533,.T.);
#1535=CARTESIAN_POINT('',(2.35,2.8,4.2));
#1536=VERTEX_POINT('',#1535);
#1537=CARTESIAN_POINT('',(2.35,2.8,4.2));
#1538=DIRECTION('',(-1.,-0.,0.));
#1539=VECTOR('',#1538,0.6);
#1540=LINE('',#1537,#1539);
#1541=EDGE_CURVE('NONE',#1536,#1528,#1540,.T.);
#1542=ORIENTED_EDGE('',*,*,#1541,.F.);
#1543=CARTESIAN_POINT('',(2.35,2.8,4.9));
#1544=DIRECTION('',(-0.,-0.,-1.));
#1545=VECTOR('',#1544,0.7);
#1546=LINE('',#1543,#1545);
#1547=EDGE_CURVE('NONE',#1512,#1536,#1546,.T.);
#1548=ORIENTED_EDGE('',*,*,#1547,.F.);
#1549=EDGE_LOOP('',(#1518,#1526,#1534,#1542,#1548));
#1550=FACE_BOUND('',#1549,.T.);
#1551=ADVANCED_FACE('NONE',(#1550),#1508,.F.);
#1552=CARTESIAN_POINT('',(1.75,2.,4.2));
#1553=DIRECTION('',(0.,0.,1.));
#1554=DIRECTION('',(1.,0.,0.));
#1555=AXIS2_PLACEMENT_3D('',#1552,#1553,#1554);
#1556=PLANE('',#1555);
#1557=CARTESIAN_POINT('',(2.35,2.,4.2));
#1558=VERTEX_POINT('',#1557);
#1559=CARTESIAN_POINT('',(2.35,2.,4.2));
#1560=DIRECTION('',(0.,1.,0.));
#1561=VECTOR('',#1560,0.8);
#1562=LINE('',#1559,#1561);
#1563=EDGE_CURVE('NONE',#1558,#1536,#1562,.T.);
#1564=ORIENTED_EDGE('',*,*,#1563,.T.);
#1565=ORIENTED_EDGE('',*,*,#1541,.T.);
#1566=CARTESIAN_POINT('',(1.75,2.,4.2));
#1567=VERTEX_POINT('',#1566);
#1568=CARTESIAN_POINT('',(1.75,2.8,4.2));
#1569=DIRECTION('',(-0.,-1.,-0.));
#1570=VECTOR('',#1569,0.8);
#1571=LINE('',#1568,#1570);
#1572=EDGE_CURVE('NONE',#1528,#1567,#1571,.T.);
#1573=ORIENTED_EDGE('',*,*,#1572,.T.);
#1574=CARTESIAN_POINT('',(1.75,2.,4.2));
#1575=DIRECTION('',(1.,0.,-0.));
#1576=VECTOR('',#1575,0.6);
#1577=LINE('',#1574,#1576);
#1578=EDGE_CURVE('NONE',#1567,#1558,#1577,.T.);
#1579=ORIENTED_EDGE('',*,*,#1578,.T.);
#1580=EDGE_LOOP('',(#1564,#1565,#1573,#1579));
#1581=FACE_BOUND('',#1580,.T.);
#1582=ADVANCED_FACE('NONE',(#1581),#1556,.T.);
#1583=CARTESIAN_POINT('',(1.75,2.,4.2));
#1584=DIRECTION('',(0.,-1.,0.));
#1585=DIRECTION('',(0.,0.,-1.));
#1586=AXIS2_PLACEMENT_3D('',#1583,#1584,#1585);
#1587=PLANE('',#1586);
#1588=CARTESIAN_POINT('',(1.75,2.,5.8));
#1589=VERTEX_POINT('',#1588);
#1590=CARTESIAN_POINT('',(1.75,2.,4.2));
#1591=DIRECTION('',(-0.,-0.,1.));
#1592=VECTOR('',#1591,1.6);
#1593=LINE('',#1590,#1592);
#1594=EDGE_CURVE('NONE',#1567,#1589,#1593,.T.);
#1595=ORIENTED_EDGE('',*,*,#1594,.T.);
#1596=CARTESIAN_POINT('',(2.35,2.,5.8));
#1597=VERTEX_POINT('',#1596);
#1598=CARTESIAN_POINT('',(1.75,2.,5.8));
#1599=DIRECTION('',(1.,0.,-0.));
#1600=VECTOR('',#1599,0.6);
#1601=LINE('',#1598,#1600);
#1602=EDGE_CURVE('NONE',#1589,#1597,#1601,.T.);
#1603=ORIENTED_EDGE('',*,*,#1602,.T.);
#1604=CARTESIAN_POINT('',(2.35,2.,4.9));
#1605=VERTEX_POINT('',#1604);
#1606=CARTESIAN_POINT('',(2.35,2.,4.9));
#1607=DIRECTION('',(-0.,-0.,1.));
#1608=VECTOR('',#1607,0.9);
#1609=LINE('',#1606,#1608);
#1610=EDGE_CURVE('NONE',#1605,#1597,#1609,.T.);
#1611=ORIENTED_EDGE('',*,*,#1610,.F.);
#1612=CARTESIAN_POINT('',(2.35,2.,4.2));
#1613=DIRECTION('',(0.,0.,1.));
#1614=VECTOR('',#1613,0.7);
#1615=LINE('',#1612,#1614);
#1616=EDGE_CURVE('NONE',#1558,#1605,#1615,.T.);
#1617=ORIENTED_EDGE('',*,*,#1616,.F.);
#1618=ORIENTED_EDGE('',*,*,#1578,.F.);
#1619=EDGE_LOOP('',(#1595,#1603,#1611,#1617,#1618));
#1620=FACE_BOUND('',#1619,.T.);
#1621=ADVANCED_FACE('NONE',(#1620),#1587,.F.);
#1622=CARTESIAN_POINT('',(3.,2.1,1.));
#1623=DIRECTION('',(0.,-0.857492926,0.514495755));
#1624=DIRECTION('',(0.,-0.514495755,-0.857492926));
#1625=AXIS2_PLACEMENT_3D('',#1622,#1623,#1624);
#1626=PLANE('',#1625);
#1627=CARTESIAN_POINT('',(2.5,2.1,1.));
#1628=VERTEX_POINT('',#1627);
#1629=CARTESIAN_POINT('',(2.5,1.5,-0.));
#1630=VERTEX_POINT('',#1629);
#1631=CARTESIAN_POINT('',(2.5,2.1,1.));
#1632=DIRECTION('',(0.,-0.514495755,-0.857492926));
#1633=VECTOR('',#1632,1.166190379);
#1634=LINE('',#1631,#1633);
#1635=EDGE_CURVE('NONE',#1628,#1630,#1634,.T.);
#1636=ORIENTED_EDGE('',*,*,#1635,.F.);
#1637=CARTESIAN_POINT('',(3.,2.1,1.));
#1638=VERTEX_POINT('',#1637);
#1639=CARTESIAN_POINT('',(2.5,2.1,1.));
#1640=DIRECTION('',(1.,0.,-0.));
#1641=VECTOR('',#1640,0.5);
#1642=LINE('',#1639,#1641);
#1643=EDGE_CURVE('NONE',#1628,#1638,#1642,.T.);
#1644=ORIENTED_EDGE('',*,*,#1643,.T.);
#1645=CARTESIAN_POINT('',(3.,1.5,-0.));
#1646=VERTEX_POINT('',#1645);
#1647=CARTESIAN_POINT('',(3.,2.1,1.));
#1648=DIRECTION('',(0.,-0.514495755,-0.857492926));
#1649=VECTOR('',#1648,1.166190379);
#1650=LINE('',#1647,#1649);
#1651=EDGE_CURVE('NONE',#1638,#1646,#1650,.T.);
#1652=ORIENTED_EDGE('',*,*,#1651,.T.);
#1653=CARTESIAN_POINT('',(2.5,1.5,0.));
#1654=DIRECTION('',(1.,0.,-0.));
#1655=VECTOR('',#1654,0.5);
#1656=LINE('',#1653,#1655);
#1657=EDGE_CURVE('NONE',#1630,#1646,#1656,.T.);
#1658=ORIENTED_EDGE('',*,*,#1657,.F.);
#1659=EDGE_LOOP('',(#1636,#1644,#1652,#1658));
#1660=FACE_BOUND('',#1659,.T.);
#1661=ADVANCED_FACE('NONE',(#1660),#1626,.F.);
#1662=CARTESIAN_POINT('',(3.,1.5,0.));
#1663=DIRECTION('',(0.,0.,1.));
#1664=DIRECTION('',(1.,0.,0.));
#1665=AXIS2_PLACEMENT_3D('',#1662,#1663,#1664);
#1666=PLANE('',#1665);
#1667=CARTESIAN_POINT('',(2.5,-0.,0.));
#1668=VERTEX_POINT('',#1667);
#1669=CARTESIAN_POINT('',(2.5,0.,0.));
#1670=DIRECTION('',(0.,1.,0.));
#1671=VECTOR('',#1670,1.5);
#1672=LINE('',#1669,#1671);
#1673=EDGE_CURVE('NONE',#1668,#1630,#1672,.T.);
#1674=ORIENTED_EDGE('',*,*,#1673,.T.);
#1675=ORIENTED_EDGE('',*,*,#1657,.T.);
#1676=CARTESIAN_POINT('',(3.,-0.,0.));
#1677=VERTEX_POINT('',#1676);
#1678=CARTESIAN_POINT('',(3.,1.5,0.));
#1679=DIRECTION('',(-0.,-1.,-0.));
#1680=VECTOR('',#1679,1.5);
#1681=LINE('',#1678,#1680);
#1682=EDGE_CURVE('NONE',#1646,#1677,#1681,.T.);
#1683=ORIENTED_EDGE('',*,*,#1682,.T.);
#1684=CARTESIAN_POINT('',(2.5,-0.,0.));
#1685=DIRECTION('',(1.,0.,-0.));
#1686=VECTOR('',#1685,0.5);
#1687=LINE('',#1684,#1686);
#1688=EDGE_CURVE('NONE',#1668,#1677,#1687,.T.);
#1689=ORIENTED_EDGE('',*,*,#1688,.F.);
#1690=EDGE_LOOP('',(#1674,#1675,#1683,#1689));
#1691=FACE_BOUND('',#1690,.T.);
#1692=ADVANCED_FACE('NONE',(#1691),#1666,.F.);
#1693=CARTESIAN_POINT('',(2.5,0.,0.));
#1694=DIRECTION('',(1.,0.,0.));
#1695=DIRECTION('',(0.,0.,-1.));
#1696=AXIS2_PLACEMENT_3D('',#1693,#1694,#1695);
#1697=PLANE('',#1696);
#1698=ORIENTED_EDGE('',*,*,#1635,.T.);
#1699=ORIENTED_EDGE('',*,*,#1673,.F.);
#1700=CARTESIAN_POINT('',(2.5,-0.,1.));
#1701=VERTEX_POINT('',#1700);
#1702=CARTESIAN_POINT('',(2.5,-0.,1.));
#1703=DIRECTION('',(-0.,0.,-1.));
#1704=VECTOR('',#1703,1.);
#1705=LINE('',#1702,#1704);
#1706=EDGE_CURVE('NONE',#1701,#1668,#1705,.T.);
#1707=ORIENTED_EDGE('',*,*,#1706,.F.);
#1708=CARTESIAN_POINT('',(2.5,-0.,1.));
#1709=DIRECTION('',(0.,1.,0.));
#1710=VECTOR('',#1709,2.1);
#1711=LINE('',#1708,#1710);
#1712=EDGE_CURVE('NONE',#1701,#1628,#1711,.T.);
#1713=ORIENTED_EDGE('',*,*,#1712,.T.);
#1714=EDGE_LOOP('',(#1698,#1699,#1707,#1713));
#1715=FACE_BOUND('',#1714,.T.);
#1716=ADVANCED_FACE('NONE',(#1715),#1697,.F.);
#1717=CARTESIAN_POINT('',(3.,1.8,6.));
#1718=DIRECTION('',(0.,-0.707106781,-0.707106781));
#1719=DIRECTION('',(-1.,0.,0.));
#1720=AXIS2_PLACEMENT_3D('',#1717,#1718,#1719);
#1721=PLANE('',#1720);
#1722=CARTESIAN_POINT('',(2.35,1.8,6.));
#1723=VERTEX_POINT('',#1722);
#1724=CARTESIAN_POINT('',(2.35,2.,5.8));
#1725=DIRECTION('',(0.,-0.707106781,0.707106781));
#1726=VECTOR('',#1725,0.282842712);
#1727=LINE('',#1724,#1726);
#1728=EDGE_CURVE('NONE',#1597,#1723,#1727,.T.);
#1729=ORIENTED_EDGE('',*,*,#1728,.F.);
#1730=ORIENTED_EDGE('',*,*,#1602,.F.);
#1731=CARTESIAN_POINT('',(1.95,1.8,6.));
#1732=VERTEX_POINT('',#1731);
#1733=CARTESIAN_POINT('',(1.75,2.,5.8));
#1734=DIRECTION('',(0.577350269,-0.577350269,0.577350269));
#1735=VECTOR('',#1734,0.346410162);
#1736=LINE('',#1733,#1735);
#1737=EDGE_CURVE('NONE',#1589,#1732,#1736,.T.);
#1738=ORIENTED_EDGE('',*,*,#1737,.T.);
#1739=CARTESIAN_POINT('',(2.35,1.8,6.));
#1740=DIRECTION('',(-1.,0.,0.));
#1741=VECTOR('',#1740,0.4);
#1742=LINE('',#1739,#1741);
#1743=EDGE_CURVE('NONE',#1723,#1732,#1742,.T.);
#1744=ORIENTED_EDGE('',*,*,#1743,.F.);
#1745=EDGE_LOOP('',(#1729,#1730,#1738,#1744));
#1746=FACE_BOUND('',#1745,.T.);
#1747=ADVANCED_FACE('NONE',(#1746),#1721,.F.);
#1748=CARTESIAN_POINT('',(2.35,2.8,4.2));
#1749=DIRECTION('',(1.,0.,0.));
#1750=DIRECTION('',(0.,0.,-1.));
#1751=AXIS2_PLACEMENT_3D('',#1748,#1749,#1750);
#1752=PLANE('',#1751);
#1753=CARTESIAN_POINT('',(2.35,3.,6.));
#1754=VERTEX_POINT('',#1753);
#1755=CARTESIAN_POINT('',(2.35,3.,6.));
#1756=DIRECTION('',(-0.,-1.,-0.));
#1757=VECTOR('',#1756,1.2);
#1758=LINE('',#1755,#1757);
#1759=EDGE_CURVE('NONE',#1754,#1723,#1758,.T.);
#1760=ORIENTED_EDGE('',*,*,#1759,.F.);
#1761=CARTESIAN_POINT('',(2.35,3.,6.));
#1762=DIRECTION('',(0.,-0.707106781,-0.707106781));
#1763=VECTOR('',#1762,0.282842712);
#1764=LINE('',#1761,#1763);
#1765=EDGE_CURVE('NONE',#1754,#1510,#1764,.T.);
#1766=ORIENTED_EDGE('',*,*,#1765,.T.);
#1767=ORIENTED_EDGE('',*,*,#1517,.T.);
#1768=CARTESIAN_POINT('',(2.35,2.8,4.9));
#1769=DIRECTION('',(-0.,-1.,-0.));
#1770=VECTOR('',#1769,0.8);
#1771=LINE('',#1768,#1770);
#1772=EDGE_CURVE('NONE',#1512,#1605,#1771,.T.);
#1773=ORIENTED_EDGE('',*,*,#1772,.T.);
#1774=ORIENTED_EDGE('',*,*,#1610,.T.);
#1775=ORIENTED_EDGE('',*,*,#1728,.T.);
#1776=EDGE_LOOP('',(#1760,#1766,#1767,#1773,#1774,#1775));
#1777=FACE_BOUND('',#1776,.T.);
#1778=ADVANCED_FACE('NONE',(#1777),#1752,.F.);
#1779=CARTESIAN_POINT('',(3.,3.,6.));
#1780=DIRECTION('',(0.,0.707106781,-0.707106781));
#1781=DIRECTION('',(1.,0.,0.));
#1782=AXIS2_PLACEMENT_3D('',#1779,#1780,#1781);
#1783=PLANE('',#1782);
#1784=CARTESIAN_POINT('',(1.95,3.,6.));
#1785=VERTEX_POINT('',#1784);
#1786=CARTESIAN_POINT('',(1.95,3.,6.));
#1787=DIRECTION('',(-0.577350269,-0.577350269,-0.577350269));
#1788=VECTOR('',#1787,0.346410162);
#1789=LINE('',#1786,#1788);
#1790=EDGE_CURVE('NONE',#1785,#1520,#1789,.T.);
#1791=ORIENTED_EDGE('',*,*,#1790,.T.);
#1792=ORIENTED_EDGE('',*,*,#1525,.F.);
#1793=ORIENTED_EDGE('',*,*,#1765,.F.);
#1794=CARTESIAN_POINT('',(1.95,3.,6.));
#1795=DIRECTION('',(1.,-0.,-0.));
#1796=VECTOR('',#1795,0.4);
#1797=LINE('',#1794,#1796);
#1798=EDGE_CURVE('NONE',#1785,#1754,#1797,.T.);
#1799=ORIENTED_EDGE('',*,*,#1798,.F.);
#1800=EDGE_LOOP('',(#1791,#1792,#1793,#1799));
#1801=FACE_BOUND('',#1800,.T.);
#1802=ADVANCED_FACE('NONE',(#1801),#1783,.F.);
#1803=CARTESIAN_POINT('',(3.,3.7,6.));
#1804=DIRECTION('',(-1.,0.,0.));
#1805=DIRECTION('',(0.,0.,1.));
#1806=AXIS2_PLACEMENT_3D('',#1803,#1804,#1805);
#1807=PLANE('',#1806);
#1808=CARTESIAN_POINT('',(3.,-0.,3.2));
#1809=VERTEX_POINT('',#1808);
#1810=CARTESIAN_POINT('',(3.,3.7,3.2));
#1811=VERTEX_POINT('',#1810);
#1812=CARTESIAN_POINT('',(3.,-0.,3.2));
#1813=DIRECTION('',(0.,1.,0.));
#1814=VECTOR('',#1813,3.7);
#1815=LINE('',#1812,#1814);
#1816=EDGE_CURVE('NONE',#1809,#1811,#1815,.T.);
#1817=ORIENTED_EDGE('',*,*,#1816,.F.);
#1818=CARTESIAN_POINT('',(3.,-0.,3.2));
#1819=DIRECTION('',(-0.,-0.,-1.));
#1820=VECTOR('',#1819,3.2);
#1821=LINE('',#1818,#1820);
#1822=EDGE_CURVE('NONE',#1809,#1677,#1821,.T.);
#1823=ORIENTED_EDGE('',*,*,#1822,.T.);
#1824=ORIENTED_EDGE('',*,*,#1682,.F.);
#1825=ORIENTED_EDGE('',*,*,#1651,.F.);
#1826=CARTESIAN_POINT('',(3.,3.7,1.));
#1827=VERTEX_POINT('',#1826);
#1828=CARTESIAN_POINT('',(3.,2.1,1.));
#1829=DIRECTION('',(0.,1.,0.));
#1830=VECTOR('',#1829,1.6);
#1831=LINE('',#1828,#1830);
#1832=EDGE_CURVE('NONE',#1638,#1827,#1831,.T.);
#1833=ORIENTED_EDGE('',*,*,#1832,.T.);
#1834=CARTESIAN_POINT('',(3.,3.7,3.2));
#1835=DIRECTION('',(0.,0.,-1.));
#1836=VECTOR('',#1835,2.2);
#1837=LINE('',#1834,#1836);
#1838=EDGE_CURVE('NONE',#1811,#1827,#1837,.T.);
#1839=ORIENTED_EDGE('',*,*,#1838,.F.);
#1840=EDGE_LOOP('',(#1817,#1823,#1824,#1825,#1833,#1839));
#1841=FACE_BOUND('',#1840,.T.);
#1842=ADVANCED_FACE('NONE',(#1841),#1807,.F.);
#1843=CARTESIAN_POINT('',(3.,-0.,3.2));
#1844=DIRECTION('',(0.,0.,-1.));
#1845=DIRECTION('',(-1.,0.,0.));
#1846=AXIS2_PLACEMENT_3D('',#1843,#1844,#1845);
#1847=PLANE('',#1846);
#1848=CARTESIAN_POINT('',(2.35,3.7,3.2));
#1849=VERTEX_POINT('',#1848);
#1850=CARTESIAN_POINT('',(2.35,-0.,3.2));
#1851=VERTEX_POINT('',#1850);
#1852=CARTESIAN_POINT('',(2.35,3.7,3.2));
#1853=DIRECTION('',(-0.,-1.,-0.));
#1854=VECTOR('',#1853,3.7);
#1855=LINE('',#1852,#1854);
#1856=EDGE_CURVE('NONE',#1849,#1851,#1855,.T.);
#1857=ORIENTED_EDGE('',*,*,#1856,.T.);
#1858=CARTESIAN_POINT('',(3.,-0.,3.2));
#1859=DIRECTION('',(-1.,-0.,0.));
#1860=VECTOR('',#1859,0.65);
#1861=LINE('',#1858,#1860);
#1862=EDGE_CURVE('NONE',#1809,#1851,#1861,.T.);
#1863=ORIENTED_EDGE('',*,*,#1862,.F.);
#1864=ORIENTED_EDGE('',*,*,#1816,.T.);
#1865=CARTESIAN_POINT('',(3.,3.7,3.2));
#1866=DIRECTION('',(-1.,0.,0.));
#1867=VECTOR('',#1866,0.65);
#1868=LINE('',#1865,#1867);
#1869=EDGE_CURVE('NONE',#1811,#1849,#1868,.T.);
#1870=ORIENTED_EDGE('',*,*,#1869,.T.);
#1871=EDGE_LOOP('',(#1857,#1863,#1864,#1870));
#1872=FACE_BOUND('',#1871,.T.);
#1873=ADVANCED_FACE('NONE',(#1872),#1847,.F.);
#1874=CARTESIAN_POINT('',(2.35,-0.,3.2));
#1875=DIRECTION('',(-1.,0.,0.));
#1876=DIRECTION('',(0.,0.,1.));
#1877=AXIS2_PLACEMENT_3D('',#1874,#1875,#1876);
#1878=PLANE('',#1877);
#1879=CARTESIAN_POINT('',(2.35,-0.,4.9));
#1880=VERTEX_POINT('',#1879);
#1881=CARTESIAN_POINT('',(2.35,-0.,4.9));
#1882=DIRECTION('',(-0.,-0.,-1.));
#1883=VECTOR('',#1882,1.7);
#1884=LINE('',#1881,#1883);
#1885=EDGE_CURVE('NONE',#1880,#1851,#1884,.T.);
#1886=ORIENTED_EDGE('',*,*,#1885,.T.);
#1887=ORIENTED_EDGE('',*,*,#1856,.F.);
#1888=CARTESIAN_POINT('',(2.35,3.7,4.9));
#1889=VERTEX_POINT('',#1888);
#1890=CARTESIAN_POINT('',(2.35,3.7,3.2));
#1891=DIRECTION('',(0.,0.,1.));
#1892=VECTOR('',#1891,1.7);
#1893=LINE('',#1890,#1892);
#1894=EDGE_CURVE('NONE',#1849,#1889,#1893,.T.);
#1895=ORIENTED_EDGE('',*,*,#1894,.T.);
#1896=CARTESIAN_POINT('',(2.35,2.8,4.9));
#1897=DIRECTION('',(0.,1.,0.));
#1898=VECTOR('',#1897,0.9);
#1899=LINE('',#1896,#1898);
#1900=EDGE_CURVE('NONE',#1512,#1889,#1899,.T.);
#1901=ORIENTED_EDGE('',*,*,#1900,.F.);
#1902=ORIENTED_EDGE('',*,*,#1547,.T.);
#1903=ORIENTED_EDGE('',*,*,#1563,.F.);
#1904=ORIENTED_EDGE('',*,*,#1616,.T.);
#1905=CARTESIAN_POINT('',(2.35,2.,4.9));
#1906=DIRECTION('',(-0.,-1.,-0.));
#1907=VECTOR('',#1906,2.);
#1908=LINE('',#1905,#1907);
#1909=EDGE_CURVE('NONE',#1605,#1880,#1908,.T.);
#1910=ORIENTED_EDGE('',*,*,#1909,.T.);
#1911=EDGE_LOOP('',(#1886,#1887,#1895,#1901,#1902,#1903,#1904,#1910));
#1912=FACE_BOUND('',#1911,.T.);
#1913=ADVANCED_FACE('NONE',(#1912),#1878,.F.);
#1914=CARTESIAN_POINT('',(3.,-0.,4.9));
#1915=DIRECTION('',(0.,0.,1.));
#1916=DIRECTION('',(1.,0.,0.));
#1917=AXIS2_PLACEMENT_3D('',#1914,#1915,#1916);
#1918=PLANE('',#1917);
#1919=ORIENTED_EDGE('',*,*,#1900,.T.);
#1920=CARTESIAN_POINT('',(3.,3.7,4.9));
#1921=VERTEX_POINT('',#1920);
#1922=CARTESIAN_POINT('',(3.,3.7,4.9));
#1923=DIRECTION('',(-1.,-0.,0.));
#1924=VECTOR('',#1923,0.65);
#1925=LINE('',#1922,#1924);
#1926=EDGE_CURVE('NONE',#1921,#1889,#1925,.T.);
#1927=ORIENTED_EDGE('',*,*,#1926,.F.);
#1928=CARTESIAN_POINT('',(3.,-0.,4.9));
#1929=VERTEX_POINT('',#1928);
#1930=CARTESIAN_POINT('',(3.,3.7,4.9));
#1931=DIRECTION('',(-0.,-1.,-0.));
#1932=VECTOR('',#1931,3.7);
#1933=LINE('',#1930,#1932);
#1934=EDGE_CURVE('NONE',#1921,#1929,#1933,.T.);
#1935=ORIENTED_EDGE('',*,*,#1934,.T.);
#1936=CARTESIAN_POINT('',(2.35,-0.,4.9));
#1937=DIRECTION('',(1.,0.,-0.));
#1938=VECTOR('',#1937,0.65);
#1939=LINE('',#1936,#1938);
#1940=EDGE_CURVE('NONE',#1880,#1929,#1939,.T.);
#1941=ORIENTED_EDGE('',*,*,#1940,.F.);
#1942=ORIENTED_EDGE('',*,*,#1909,.F.);
#1943=ORIENTED_EDGE('',*,*,#1772,.F.);
#1944=EDGE_LOOP('',(#1919,#1927,#1935,#1941,#1942,#1943));
#1945=FACE_BOUND('',#1944,.T.);
#1946=ADVANCED_FACE('NONE',(#1945),#1918,.F.);
#1947=CARTESIAN_POINT('',(3.,3.7,6.));
#1948=DIRECTION('',(-1.,0.,0.));
#1949=DIRECTION('',(0.,0.,1.));
#1950=AXIS2_PLACEMENT_3D('',#1947,#1948,#1949);
#1951=PLANE('',#1950);
#1952=ORIENTED_EDGE('',*,*,#1934,.F.);
#1953=CARTESIAN_POINT('',(3.,3.7,6.));
#1954=VERTEX_POINT('',#1953);
#1955=CARTESIAN_POINT('',(3.,3.7,4.9));
#1956=DIRECTION('',(0.,0.,1.));
#1957=VECTOR('',#1956,1.1);
#1958=LINE('',#1955,#1957);
#1959=EDGE_CURVE('NONE',#1921,#1954,#1958,.T.);
#1960=ORIENTED_EDGE('',*,*,#1959,.T.);
#1961=CARTESIAN_POINT('',(3.,-0.,6.));
#1962=VERTEX_POINT('',#1961);
#1963=CARTESIAN_POINT('',(3.,3.7,6.));
#1964=DIRECTION('',(-0.,-1.,-0.));
#1965=VECTOR('',#1964,3.7);
#1966=LINE('',#1963,#1965);
#1967=EDGE_CURVE('NONE',#1954,#1962,#1966,.T.);
#1968=ORIENTED_EDGE('',*,*,#1967,.T.);
#1969=CARTESIAN_POINT('',(3.,-0.,4.9));
#1970=DIRECTION('',(0.,-0.,1.));
#1971=VECTOR('',#1970,1.1);
#1972=LINE('',#1969,#1971);
#1973=EDGE_CURVE('NONE',#1929,#1962,#1972,.T.);
#1974=ORIENTED_EDGE('',*,*,#1973,.F.);
#1975=EDGE_LOOP('',(#1952,#1960,#1968,#1974));
#1976=FACE_BOUND('',#1975,.T.);
#1977=ADVANCED_FACE('NONE',(#1976),#1951,.F.);
#1978=CARTESIAN_POINT('',(1.75,3.3,4.2));
#1979=DIRECTION('',(0.,0.,1.));
#1980=DIRECTION('',(1.,0.,0.));
#1981=AXIS2_PLACEMENT_3D('',#1978,#1979,#1980);
#1982=PLANE('',#1981);
#1983=CARTESIAN_POINT('',(1.75,3.7,4.2));
#1984=VERTEX_POINT('',#1983);
#1985=CARTESIAN_POINT('',(1.75,3.3,4.2));
#1986=VERTEX_POINT('',#1985);
#1987=CARTESIAN_POINT('',(1.75,3.7,4.2));
#1988=DIRECTION('',(-0.,-1.,-0.));
#1989=VECTOR('',#1988,0.4);
#1990=LINE('',#1987,#1989);
#1991=EDGE_CURVE('NONE',#1984,#1986,#1990,.T.);
#1992=ORIENTED_EDGE('',*,*,#1991,.T.);
#1993=CARTESIAN_POINT('',(1.05,3.3,4.2));
#1994=VERTEX_POINT('',#1993);
#1995=CARTESIAN_POINT('',(1.75,3.3,4.2));
#1996=DIRECTION('',(-1.,-0.,0.));
#1997=VECTOR('',#1996,0.7);
#1998=LINE('',#1995,#1997);
#1999=EDGE_CURVE('NONE',#1986,#1994,#1998,.T.);
#2000=ORIENTED_EDGE('',*,*,#1999,.T.);
#2001=CARTESIAN_POINT('',(1.05,3.7,4.2));
#2002=VERTEX_POINT('',#2001);
#2003=CARTESIAN_POINT('',(1.05,3.7,4.2));
#2004=DIRECTION('',(-0.,-1.,-0.));
#2005=VECTOR('',#2004,0.4);
#2006=LINE('',#2003,#2005);
#2007=EDGE_CURVE('NONE',#2002,#1994,#2006,.T.);
#2008=ORIENTED_EDGE('',*,*,#2007,.F.);
#2009=CARTESIAN_POINT('',(1.05,3.7,4.2));
#2010=DIRECTION('',(1.,0.,-0.));
#2011=VECTOR('',#2010,0.7);
#2012=LINE('',#2009,#2011);
#2013=EDGE_CURVE('NONE',#2002,#1984,#2012,.T.);
#2014=ORIENTED_EDGE('',*,*,#2013,.T.);
#2015=EDGE_LOOP('',(#1992,#2000,#2008,#2014));
#2016=FACE_BOUND('',#2015,.T.);
#2017=ADVANCED_FACE('NONE',(#2016),#1982,.F.);
#2018=CARTESIAN_POINT('',(1.05,3.3,3.2));
#2019=DIRECTION('',(-1.,0.,0.));
#2020=DIRECTION('',(0.,0.,1.));
#2021=AXIS2_PLACEMENT_3D('',#2018,#2019,#2020);
#2022=PLANE('',#2021);
#2023=ORIENTED_EDGE('',*,*,#2007,.T.);
#2024=CARTESIAN_POINT('',(1.05,3.3,3.2));
#2025=VERTEX_POINT('',#2024);
#2026=CARTESIAN_POINT('',(1.05,3.3,4.2));
#2027=DIRECTION('',(-0.,-0.,-1.));
#2028=VECTOR('',#2027,1.);
#2029=LINE('',#2026,#2028);
#2030=EDGE_CURVE('NONE',#1994,#2025,#2029,.T.);
#2031=ORIENTED_EDGE('',*,*,#2030,.T.);
#2032=CARTESIAN_POINT('',(1.05,3.7,3.2));
#2033=VERTEX_POINT('',#2032);
#2034=CARTESIAN_POINT('',(1.05,3.3,3.2));
#2035=DIRECTION('',(0.,1.,0.));
#2036=VECTOR('',#2035,0.4);
#2037=LINE('',#2034,#2036);
#2038=EDGE_CURVE('NONE',#2025,#2033,#2037,.T.);
#2039=ORIENTED_EDGE('',*,*,#2038,.T.);
#2040=CARTESIAN_POINT('',(1.05,3.7,3.2));
#2041=DIRECTION('',(0.,0.,1.));
#2042=VECTOR('',#2041,1.);
#2043=LINE('',#2040,#2042);
#2044=EDGE_CURVE('NONE',#2033,#2002,#2043,.T.);
#2045=ORIENTED_EDGE('',*,*,#2044,.T.);
#2046=EDGE_LOOP('',(#2023,#2031,#2039,#2045));
#2047=FACE_BOUND('',#2046,.T.);
#2048=ADVANCED_FACE('NONE',(#2047),#2022,.F.);
#2049=CARTESIAN_POINT('',(1.75,3.3,3.2));
#2050=DIRECTION('',(0.,0.,-1.));
#2051=DIRECTION('',(-1.,0.,0.));
#2052=AXIS2_PLACEMENT_3D('',#2049,#2050,#2051);
#2053=PLANE('',#2052);
#2054=ORIENTED_EDGE('',*,*,#2038,.F.);
#2055=CARTESIAN_POINT('',(1.75,3.3,3.2));
#2056=VERTEX_POINT('',#2055);
#2057=CARTESIAN_POINT('',(1.05,3.3,3.2));
#2058=DIRECTION('',(1.,-0.,-0.));
#2059=VECTOR('',#2058,0.7);
#2060=LINE('',#2057,#2059);
#2061=EDGE_CURVE('NONE',#2025,#2056,#2060,.T.);
#2062=ORIENTED_EDGE('',*,*,#2061,.T.);
#2063=CARTESIAN_POINT('',(1.75,3.7,3.2));
#2064=VERTEX_POINT('',#2063);
#2065=CARTESIAN_POINT('',(1.75,3.7,3.2));
#2066=DIRECTION('',(-0.,-1.,-0.));
#2067=VECTOR('',#2066,0.4);
#2068=LINE('',#2065,#2067);
#2069=EDGE_CURVE('NONE',#2064,#2056,#2068,.T.);
#2070=ORIENTED_EDGE('',*,*,#2069,.F.);
#2071=CARTESIAN_POINT('',(1.75,3.7,3.2));
#2072=DIRECTION('',(-1.,0.,0.));
#2073=VECTOR('',#2072,0.7);
#2074=LINE('',#2071,#2073);
#2075=EDGE_CURVE('NONE',#2064,#2033,#2074,.T.);
#2076=ORIENTED_EDGE('',*,*,#2075,.T.);
#2077=EDGE_LOOP('',(#2054,#2062,#2070,#2076));
#2078=FACE_BOUND('',#2077,.T.);
#2079=ADVANCED_FACE('NONE',(#2078),#2053,.F.);
#2080=CARTESIAN_POINT('',(1.75,3.3,2.9));
#2081=DIRECTION('',(1.,0.,0.));
#2082=DIRECTION('',(0.,0.,-1.));
#2083=AXIS2_PLACEMENT_3D('',#2080,#2081,#2082);
#2084=PLANE('',#2083);
#2085=CARTESIAN_POINT('',(1.75,0.6,2.6));
#2086=VERTEX_POINT('',#2085);
#2087=CARTESIAN_POINT('',(1.75,0.6,5.8));
#2088=VERTEX_POINT('',#2087);
#2089=CARTESIAN_POINT('',(1.75,0.6,2.6));
#2090=DIRECTION('',(-0.,-0.,1.));
#2091=VECTOR('',#2090,3.2);
#2092=LINE('',#2089,#2091);
#2093=EDGE_CURVE('NONE',#2086,#2088,#2092,.T.);
#2094=ORIENTED_EDGE('',*,*,#2093,.T.);
#2095=CARTESIAN_POINT('',(1.75,0.6,5.8));
#2096=DIRECTION('',(0.,1.,0.));
#2097=VECTOR('',#2096,1.4);
#2098=LINE('',#2095,#2097);
#2099=EDGE_CURVE('NONE',#2088,#1589,#2098,.T.);
#2100=ORIENTED_EDGE('',*,*,#2099,.T.);
#2101=ORIENTED_EDGE('',*,*,#1594,.F.);
#2102=ORIENTED_EDGE('',*,*,#1572,.F.);
#2103=ORIENTED_EDGE('',*,*,#1533,.F.);
#2104=CARTESIAN_POINT('',(1.75,3.3,5.8));
#2105=VERTEX_POINT('',#2104);
#2106=CARTESIAN_POINT('',(1.75,2.8,5.8));
#2107=DIRECTION('',(0.,1.,0.));
#2108=VECTOR('',#2107,0.5);
#2109=LINE('',#2106,#2108);
#2110=EDGE_CURVE('NONE',#1520,#2105,#2109,.T.);
#2111=ORIENTED_EDGE('',*,*,#2110,.T.);
#2112=CARTESIAN_POINT('',(1.75,3.3,5.8));
#2113=DIRECTION('',(0.,0.,-1.));
#2114=VECTOR('',#2113,1.6);
#2115=LINE('',#2112,#2114);
#2116=EDGE_CURVE('NONE',#2105,#1986,#2115,.T.);
#2117=ORIENTED_EDGE('',*,*,#2116,.T.);
#2118=ORIENTED_EDGE('',*,*,#1991,.F.);
#2119=CARTESIAN_POINT('',(1.75,3.7,4.2));
#2120=DIRECTION('',(0.,0.,-1.));
#2121=VECTOR('',#2120,1.);
#2122=LINE('',#2119,#2121);
#2123=EDGE_CURVE('NONE',#1984,#2064,#2122,.T.);
#2124=ORIENTED_EDGE('',*,*,#2123,.T.);
#2125=ORIENTED_EDGE('',*,*,#2069,.T.);
#2126=CARTESIAN_POINT('',(1.75,3.3,2.9));
#2127=VERTEX_POINT('',#2126);
#2128=CARTESIAN_POINT('',(1.75,3.3,3.2));
#2129=DIRECTION('',(0.,0.,-1.));
#2130=VECTOR('',#2129,0.3);
#2131=LINE('',#2128,#2130);
#2132=EDGE_CURVE('NONE',#2056,#2127,#2131,.T.);
#2133=ORIENTED_EDGE('',*,*,#2132,.T.);
#2134=CARTESIAN_POINT('',(1.75,1.95,2.9));
#2135=VERTEX_POINT('',#2134);
#2136=CARTESIAN_POINT('',(1.75,1.95,2.9));
#2137=DIRECTION('',(0.,1.,0.));
#2138=VECTOR('',#2137,1.35);
#2139=LINE('',#2136,#2138);
#2140=EDGE_CURVE('NONE',#2135,#2127,#2139,.T.);
#2141=ORIENTED_EDGE('',*,*,#2140,.F.);
#2142=CARTESIAN_POINT('',(1.75,1.65,2.6));
#2143=VERTEX_POINT('',#2142);
#2144=CARTESIAN_POINT('',(1.75,1.65,2.6));
#2145=DIRECTION('',(-0.,0.707106781,0.707106781));
#2146=VECTOR('',#2145,0.424264069);
#2147=LINE('',#2144,#2146);
#2148=EDGE_CURVE('NONE',#2143,#2135,#2147,.T.);
#2149=ORIENTED_EDGE('',*,*,#2148,.F.);
#2150=CARTESIAN_POINT('',(1.75,0.6,2.6));
#2151=DIRECTION('',(0.,1.,0.));
#2152=VECTOR('',#2151,1.05);
#2153=LINE('',#2150,#2152);
#2154=EDGE_CURVE('NONE',#2086,#2143,#2153,.T.);
#2155=ORIENTED_EDGE('',*,*,#2154,.F.);
#2156=EDGE_LOOP('',(#2094,#2100,#2101,#2102,#2103,#2111,#2117,#2118,#2124,#2125,#2133,#2141,#2149,#2155));
#2157=FACE_BOUND('',#2156,.T.);
#2158=ADVANCED_FACE('NONE',(#2157),#2084,.F.);
#2159=CARTESIAN_POINT('',(1.95,-0.,6.));
#2160=DIRECTION('',(0.707106781,0.,-0.707106781));
#2161=DIRECTION('',(0.,-1.,0.));
#2162=AXIS2_PLACEMENT_3D('',#2159,#2160,#2161);
#2163=PLANE('',#2162);
#2164=CARTESIAN_POINT('',(1.95,0.4,6.));
#2165=VERTEX_POINT('',#2164);
#2166=CARTESIAN_POINT('',(1.75,0.6,5.8));
#2167=DIRECTION('',(0.577350269,-0.577350269,0.577350269));
#2168=VECTOR('',#2167,0.346410162);
#2169=LINE('',#2166,#2168);
#2170=EDGE_CURVE('NONE',#2088,#2165,#2169,.T.);
#2171=ORIENTED_EDGE('',*,*,#2170,.T.);
#2172=CARTESIAN_POINT('',(1.95,1.8,6.));
#2173=DIRECTION('',(-0.,-1.,-0.));
#2174=VECTOR('',#2173,1.4);
#2175=LINE('',#2172,#2174);
#2176=EDGE_CURVE('NONE',#1732,#2165,#2175,.T.);
#2177=ORIENTED_EDGE('',*,*,#2176,.F.);
#2178=ORIENTED_EDGE('',*,*,#1737,.F.);
#2179=ORIENTED_EDGE('',*,*,#2099,.F.);
#2180=EDGE_LOOP('',(#2171,#2177,#2178,#2179));
#2181=FACE_BOUND('',#2180,.T.);
#2182=ADVANCED_FACE('NONE',(#2181),#2163,.F.);
#2183=CARTESIAN_POINT('',(1.95,-0.,6.));
#2184=DIRECTION('',(0.707106781,0.,-0.707106781));
#2185=DIRECTION('',(0.,-1.,0.));
#2186=AXIS2_PLACEMENT_3D('',#2183,#2184,#2185);
#2187=PLANE('',#2186);
#2188=CARTESIAN_POINT('',(1.95,3.5,6.));
#2189=VERTEX_POINT('',#2188);
#2190=CARTESIAN_POINT('',(1.95,3.5,6.));
#2191=DIRECTION('',(-0.577350269,-0.577350269,-0.577350269));
#2192=VECTOR('',#2191,0.346410162);
#2193=LINE('',#2190,#2192);
#2194=EDGE_CURVE('NONE',#2189,#2105,#2193,.T.);
#2195=ORIENTED_EDGE('',*,*,#2194,.T.);
#2196=ORIENTED_EDGE('',*,*,#2110,.F.);
#2197=ORIENTED_EDGE('',*,*,#1790,.F.);
#2198=CARTESIAN_POINT('',(1.95,3.5,6.));
#2199=DIRECTION('',(-0.,-1.,-0.));
#2200=VECTOR('',#2199,0.5);
#2201=LINE('',#2198,#2200);
#2202=EDGE_CURVE('NONE',#2189,#1785,#2201,.T.);
#2203=ORIENTED_EDGE('',*,*,#2202,.F.);
#2204=EDGE_LOOP('',(#2195,#2196,#2197,#2203));
#2205=FACE_BOUND('',#2204,.T.);
#2206=ADVANCED_FACE('NONE',(#2205),#2187,.F.);
#2207=CARTESIAN_POINT('',(-7.75,0.6,5.8));
#2208=DIRECTION('',(0.,-0.707106781,-0.707106781));
#2209=DIRECTION('',(1.,0.,0.));
#2210=AXIS2_PLACEMENT_3D('',#2207,#2208,#2209);
#2211=PLANE('',#2210);
#2212=CARTESIAN_POINT('',(-1.75,0.6,5.8));
#2213=VERTEX_POINT('',#2212);
#2214=CARTESIAN_POINT('',(-1.75,0.6,5.8));
#2215=DIRECTION('',(1.,0.,-0.));
#2216=VECTOR('',#2215,3.5);
#2217=LINE('',#2214,#2216);
#2218=EDGE_CURVE('NONE',#2213,#2088,#2217,.T.);
#2219=ORIENTED_EDGE('',*,*,#2218,.F.);
#2220=CARTESIAN_POINT('',(-1.95,0.4,6.));
#2221=VERTEX_POINT('',#2220);
#2222=CARTESIAN_POINT('',(-1.75,0.6,5.8));
#2223=DIRECTION('',(-0.577350269,-0.577350269,0.577350269));
#2224=VECTOR('',#2223,0.346410162);
#2225=LINE('',#2222,#2224);
#2226=EDGE_CURVE('NONE',#2213,#2221,#2225,.T.);
#2227=ORIENTED_EDGE('',*,*,#2226,.T.);
#2228=CARTESIAN_POINT('',(1.95,0.4,6.));
#2229=DIRECTION('',(-1.,0.,0.));
#2230=VECTOR('',#2229,3.9);
#2231=LINE('',#2228,#2230);
#2232=EDGE_CURVE('NONE',#2165,#2221,#2231,.T.);
#2233=ORIENTED_EDGE('',*,*,#2232,.F.);
#2234=ORIENTED_EDGE('',*,*,#2170,.F.);
#2235=EDGE_LOOP('',(#2219,#2227,#2233,#2234));
#2236=FACE_BOUND('',#2235,.T.);
#2237=ADVANCED_FACE('NONE',(#2236),#2211,.F.);
#2238=CARTESIAN_POINT('',(-7.75,3.3,5.8));
#2239=DIRECTION('',(0.,0.707106781,-0.707106781));
#2240=DIRECTION('',(-1.,0.,0.));
#2241=AXIS2_PLACEMENT_3D('',#2238,#2239,#2240);
#2242=PLANE('',#2241);
#2243=CARTESIAN_POINT('',(-1.95,3.5,6.));
#2244=VERTEX_POINT('',#2243);
#2245=CARTESIAN_POINT('',(-1.95,3.5,6.));
#2246=DIRECTION('',(1.,-0.,-0.));
#2247=VECTOR('',#2246,3.9);
#2248=LINE('',#2245,#2247);
#2249=EDGE_CURVE('NONE',#2244,#2189,#2248,.T.);
#2250=ORIENTED_EDGE('',*,*,#2249,.F.);
#2251=CARTESIAN_POINT('',(-1.75,3.3,5.8));
#2252=VERTEX_POINT('',#2251);
#2253=CARTESIAN_POINT('',(-1.95,3.5,6.));
#2254=DIRECTION('',(0.577350269,-0.577350269,-0.577350269));
#2255=VECTOR('',#2254,0.346410162);
#2256=LINE('',#2253,#2255);
#2257=EDGE_CURVE('NONE',#2244,#2252,#2256,.T.);
#2258=ORIENTED_EDGE('',*,*,#2257,.T.);
#2259=CARTESIAN_POINT('',(1.75,3.3,5.8));
#2260=DIRECTION('',(-1.,-0.,0.));
#2261=VECTOR('',#2260,3.5);
#2262=LINE('',#2259,#2261);
#2263=EDGE_CURVE('NONE',#2105,#2252,#2262,.T.);
#2264=ORIENTED_EDGE('',*,*,#2263,.F.);
#2265=ORIENTED_EDGE('',*,*,#2194,.F.);
#2266=EDGE_LOOP('',(#2250,#2258,#2264,#2265));
#2267=FACE_BOUND('',#2266,.T.);
#2268=ADVANCED_FACE('NONE',(#2267),#2242,.F.);
#2269=CARTESIAN_POINT('',(-7.75,3.3,2.9));
#2270=DIRECTION('',(0.,1.,0.));
#2271=DIRECTION('',(0.,0.,1.));
#2272=AXIS2_PLACEMENT_3D('',#2269,#2270,#2271);
#2273=PLANE('',#2272);
#2274=ORIENTED_EDGE('',*,*,#2263,.T.);
#2275=CARTESIAN_POINT('',(-1.75,3.3,4.2));
#2276=VERTEX_POINT('',#2275);
#2277=CARTESIAN_POINT('',(-1.75,3.3,4.2));
#2278=DIRECTION('',(0.,0.,1.));
#2279=VECTOR('',#2278,1.6);
#2280=LINE('',#2277,#2279);
#2281=EDGE_CURVE('NONE',#2276,#2252,#2280,.T.);
#2282=ORIENTED_EDGE('',*,*,#2281,.F.);
#2283=CARTESIAN_POINT('',(-1.05,3.3,4.2));
#2284=VERTEX_POINT('',#2283);
#2285=CARTESIAN_POINT('',(-1.05,3.3,4.2));
#2286=DIRECTION('',(-1.,0.,0.));
#2287=VECTOR('',#2286,0.7);
#2288=LINE('',#2285,#2287);
#2289=EDGE_CURVE('NONE',#2284,#2276,#2288,.T.);
#2290=ORIENTED_EDGE('',*,*,#2289,.F.);
#2291=CARTESIAN_POINT('',(-1.05,3.3,3.2));
#2292=VERTEX_POINT('',#2291);
#2293=CARTESIAN_POINT('',(-1.05,3.3,3.2));
#2294=DIRECTION('',(0.,0.,1.));
#2295=VECTOR('',#2294,1.);
#2296=LINE('',#2293,#2295);
#2297=EDGE_CURVE('NONE',#2292,#2284,#2296,.T.);
#2298=ORIENTED_EDGE('',*,*,#2297,.F.);
#2299=CARTESIAN_POINT('',(-1.75,3.3,3.2));
#2300=VERTEX_POINT('',#2299);
#2301=CARTESIAN_POINT('',(-1.75,3.3,3.2));
#2302=DIRECTION('',(1.,0.,-0.));
#2303=VECTOR('',#2302,0.7);
#2304=LINE('',#2301,#2303);
#2305=EDGE_CURVE('NONE',#2300,#2292,#2304,.T.);
#2306=ORIENTED_EDGE('',*,*,#2305,.F.);
#2307=CARTESIAN_POINT('',(-1.75,3.3,2.9));
#2308=VERTEX_POINT('',#2307);
#2309=CARTESIAN_POINT('',(-1.75,3.3,2.9));
#2310=DIRECTION('',(0.,0.,1.));
#2311=VECTOR('',#2310,0.3);
#2312=LINE('',#2309,#2311);
#2313=EDGE_CURVE('NONE',#2308,#2300,#2312,.T.);
#2314=ORIENTED_EDGE('',*,*,#2313,.F.);
#2315=CARTESIAN_POINT('',(1.75,3.3,2.9));
#2316=DIRECTION('',(-1.,-0.,0.));
#2317=VECTOR('',#2316,3.5);
#2318=LINE('',#2315,#2317);
#2319=EDGE_CURVE('NONE',#2127,#2308,#2318,.T.);
#2320=ORIENTED_EDGE('',*,*,#2319,.F.);
#2321=ORIENTED_EDGE('',*,*,#2132,.F.);
#2322=ORIENTED_EDGE('',*,*,#2061,.F.);
#2323=ORIENTED_EDGE('',*,*,#2030,.F.);
#2324=ORIENTED_EDGE('',*,*,#1999,.F.);
#2325=ORIENTED_EDGE('',*,*,#2116,.F.);
#2326=EDGE_LOOP('',(#2274,#2282,#2290,#2298,#2306,#2314,#2320,#2321,#2322,#2323,#2324,#2325));
#2327=FACE_BOUND('',#2326,.T.);
#2328=ADVANCED_FACE('NONE',(#2327),#2273,.F.);
#2329=CARTESIAN_POINT('',(3.,3.7,6.));
#2330=DIRECTION('',(0.,-1.,0.));
#2331=DIRECTION('',(0.,0.,-1.));
#2332=AXIS2_PLACEMENT_3D('',#2329,#2330,#2331);
#2333=PLANE('',#2332);
#2334=CARTESIAN_POINT('',(-3.,3.7,1.));
#2335=VERTEX_POINT('',#2334);
#2336=CARTESIAN_POINT('',(3.,3.7,1.));
#2337=DIRECTION('',(-1.,-0.,0.));
#2338=VECTOR('',#2337,6.);
#2339=LINE('',#2336,#2338);
#2340=EDGE_CURVE('NONE',#1827,#2335,#2339,.T.);
#2341=ORIENTED_EDGE('',*,*,#2340,.T.);
#2342=CARTESIAN_POINT('',(-3.,3.7,3.2));
#2343=VERTEX_POINT('',#2342);
#2344=CARTESIAN_POINT('',(-3.,3.7,3.2));
#2345=DIRECTION('',(-0.,-0.,-1.));
#2346=VECTOR('',#2345,2.2);
#2347=LINE('',#2344,#2346);
#2348=EDGE_CURVE('NONE',#2343,#2335,#2347,.T.);
#2349=ORIENTED_EDGE('',*,*,#2348,.F.);
#2350=CARTESIAN_POINT('',(-2.35,3.7,3.2));
#2351=VERTEX_POINT('',#2350);
#2352=CARTESIAN_POINT('',(-2.35,3.7,3.2));
#2353=DIRECTION('',(-1.,-0.,0.));
#2354=VECTOR('',#2353,0.65);
#2355=LINE('',#2352,#2354);
#2356=EDGE_CURVE('NONE',#2351,#2343,#2355,.T.);
#2357=ORIENTED_EDGE('',*,*,#2356,.F.);
#2358=CARTESIAN_POINT('',(-2.35,3.7,4.9));
#2359=VERTEX_POINT('',#2358);
#2360=CARTESIAN_POINT('',(-2.35,3.7,4.9));
#2361=DIRECTION('',(-0.,-0.,-1.));
#2362=VECTOR('',#2361,1.7);
#2363=LINE('',#2360,#2362);
#2364=EDGE_CURVE('NONE',#2359,#2351,#2363,.T.);
#2365=ORIENTED_EDGE('',*,*,#2364,.F.);
#2366=CARTESIAN_POINT('',(-3.,3.7,4.9));
#2367=VERTEX_POINT('',#2366);
#2368=CARTESIAN_POINT('',(-3.,3.7,4.9));
#2369=DIRECTION('',(1.,-0.,-0.));
#2370=VECTOR('',#2369,0.65);
#2371=LINE('',#2368,#2370);
#2372=EDGE_CURVE('NONE',#2367,#2359,#2371,.T.);
#2373=ORIENTED_EDGE('',*,*,#2372,.F.);
#2374=CARTESIAN_POINT('',(-3.,3.7,6.));
#2375=VERTEX_POINT('',#2374);
#2376=CARTESIAN_POINT('',(-3.,3.7,6.));
#2377=DIRECTION('',(-0.,-0.,-1.));
#2378=VECTOR('',#2377,1.1);
#2379=LINE('',#2376,#2378);
#2380=EDGE_CURVE('NONE',#2375,#2367,#2379,.T.);
#2381=ORIENTED_EDGE('',*,*,#2380,.F.);
#2382=CARTESIAN_POINT('',(-3.,3.7,6.));
#2383=DIRECTION('',(1.,0.,-0.));
#2384=VECTOR('',#2383,6.);
#2385=LINE('',#2382,#2384);
#2386=EDGE_CURVE('NONE',#2375,#1954,#2385,.T.);
#2387=ORIENTED_EDGE('',*,*,#2386,.T.);
#2388=ORIENTED_EDGE('',*,*,#1959,.F.);
#2389=ORIENTED_EDGE('',*,*,#1926,.T.);
#2390=ORIENTED_EDGE('',*,*,#1894,.F.);
#2391=ORIENTED_EDGE('',*,*,#1869,.F.);
#2392=ORIENTED_EDGE('',*,*,#1838,.T.);
#2393=EDGE_LOOP('',(#2341,#2349,#2357,#2365,#2373,#2381,#2387,#2388,#2389,#2390,#2391,#2392));
#2394=FACE_BOUND('',#2393,.T.);
#2395=ORIENTED_EDGE('',*,*,#2123,.F.);
#2396=ORIENTED_EDGE('',*,*,#2013,.F.);
#2397=ORIENTED_EDGE('',*,*,#2044,.F.);
#2398=ORIENTED_EDGE('',*,*,#2075,.F.);
#2399=EDGE_LOOP('',(#2395,#2396,#2397,#2398));
#2400=FACE_BOUND('',#2399,.T.);
#2401=CARTESIAN_POINT('',(-1.05,3.7,3.2));
#2402=VERTEX_POINT('',#2401);
#2403=CARTESIAN_POINT('',(-1.75,3.7,3.2));
#2404=VERTEX_POINT('',#2403);
#2405=CARTESIAN_POINT('',(-1.05,3.7,3.2));
#2406=DIRECTION('',(-1.,-0.,0.));
#2407=VECTOR('',#2406,0.7);
#2408=LINE('',#2405,#2407);
#2409=EDGE_CURVE('NONE',#2402,#2404,#2408,.T.);
#2410=ORIENTED_EDGE('',*,*,#2409,.F.);
#2411=CARTESIAN_POINT('',(-1.05,3.7,4.2));
#2412=VERTEX_POINT('',#2411);
#2413=CARTESIAN_POINT('',(-1.05,3.7,4.2));
#2414=DIRECTION('',(-0.,-0.,-1.));
#2415=VECTOR('',#2414,1.);
#2416=LINE('',#2413,#2415);
#2417=EDGE_CURVE('NONE',#2412,#2402,#2416,.T.);
#2418=ORIENTED_EDGE('',*,*,#2417,.F.);
#2419=CARTESIAN_POINT('',(-1.75,3.7,4.2));
#2420=VERTEX_POINT('',#2419);
#2421=CARTESIAN_POINT('',(-1.75,3.7,4.2));
#2422=DIRECTION('',(1.,-0.,-0.));
#2423=VECTOR('',#2422,0.7);
#2424=LINE('',#2421,#2423);
#2425=EDGE_CURVE('NONE',#2420,#2412,#2424,.T.);
#2426=ORIENTED_EDGE('',*,*,#2425,.F.);
#2427=CARTESIAN_POINT('',(-1.75,3.7,3.2));
#2428=DIRECTION('',(0.,0.,1.));
#2429=VECTOR('',#2428,1.);
#2430=LINE('',#2427,#2429);
#2431=EDGE_CURVE('NONE',#2404,#2420,#2430,.T.);
#2432=ORIENTED_EDGE('',*,*,#2431,.F.);
#2433=EDGE_LOOP('',(#2410,#2418,#2426,#2432));
#2434=FACE_BOUND('',#2433,.T.);
#2435=ADVANCED_FACE('NONE',(#2394,#2400,#2434),#2333,.F.);
#2436=CARTESIAN_POINT('',(3.,-0.,6.));
#2437=DIRECTION('',(0.,0.,-1.));
#2438=DIRECTION('',(-1.,0.,0.));
#2439=AXIS2_PLACEMENT_3D('',#2436,#2437,#2438);
#2440=PLANE('',#2439);
#2441=CARTESIAN_POINT('',(-3.,-0.,6.));
#2442=VERTEX_POINT('',#2441);
#2443=CARTESIAN_POINT('',(-3.,-0.,6.));
#2444=DIRECTION('',(0.,1.,0.));
#2445=VECTOR('',#2444,3.7);
#2446=LINE('',#2443,#2445);
#2447=EDGE_CURVE('NONE',#2442,#2375,#2446,.T.);
#2448=ORIENTED_EDGE('',*,*,#2447,.F.);
#2449=CARTESIAN_POINT('',(-3.,-0.,6.));
#2450=DIRECTION('',(1.,-0.,-0.));
#2451=VECTOR('',#2450,6.);
#2452=LINE('',#2449,#2451);
#2453=EDGE_CURVE('NONE',#2442,#1962,#2452,.T.);
#2454=ORIENTED_EDGE('',*,*,#2453,.T.);
#2455=ORIENTED_EDGE('',*,*,#1967,.F.);
#2456=ORIENTED_EDGE('',*,*,#2386,.F.);
#2457=EDGE_LOOP('',(#2448,#2454,#2455,#2456));
#2458=FACE_BOUND('',#2457,.T.);
#2459=ORIENTED_EDGE('',*,*,#2232,.T.);
#2460=CARTESIAN_POINT('',(-1.95,1.8,6.));
#2461=VERTEX_POINT('',#2460);
#2462=CARTESIAN_POINT('',(-1.95,0.4,6.));
#2463=DIRECTION('',(0.,1.,0.));
#2464=VECTOR('',#2463,1.4);
#2465=LINE('',#2462,#2464);
#2466=EDGE_CURVE('NONE',#2221,#2461,#2465,.T.);
#2467=ORIENTED_EDGE('',*,*,#2466,.T.);
#2468=CARTESIAN_POINT('',(-2.35,1.8,6.));
#2469=VERTEX_POINT('',#2468);
#2470=CARTESIAN_POINT('',(-1.95,1.8,6.));
#2471=DIRECTION('',(-1.,0.,0.));
#2472=VECTOR('',#2471,0.4);
#2473=LINE('',#2470,#2472);
#2474=EDGE_CURVE('NONE',#2461,#2469,#2473,.T.);
#2475=ORIENTED_EDGE('',*,*,#2474,.T.);
#2476=CARTESIAN_POINT('',(-2.35,3.,6.));
#2477=VERTEX_POINT('',#2476);
#2478=CARTESIAN_POINT('',(-2.35,1.8,6.));
#2479=DIRECTION('',(0.,1.,0.));
#2480=VECTOR('',#2479,1.2);
#2481=LINE('',#2478,#2480);
#2482=EDGE_CURVE('NONE',#2469,#2477,#2481,.T.);
#2483=ORIENTED_EDGE('',*,*,#2482,.T.);
#2484=CARTESIAN_POINT('',(-1.95,3.,6.));
#2485=VERTEX_POINT('',#2484);
#2486=CARTESIAN_POINT('',(-2.35,3.,6.));
#2487=DIRECTION('',(1.,-0.,-0.));
#2488=VECTOR('',#2487,0.4);
#2489=LINE('',#2486,#2488);
#2490=EDGE_CURVE('NONE',#2477,#2485,#2489,.T.);
#2491=ORIENTED_EDGE('',*,*,#2490,.T.);
#2492=CARTESIAN_POINT('',(-1.95,3.,6.));
#2493=DIRECTION('',(0.,1.,0.));
#2494=VECTOR('',#2493,0.5);
#2495=LINE('',#2492,#2494);
#2496=EDGE_CURVE('NONE',#2485,#2244,#2495,.T.);
#2497=ORIENTED_EDGE('',*,*,#2496,.T.);
#2498=ORIENTED_EDGE('',*,*,#2249,.T.);
#2499=ORIENTED_EDGE('',*,*,#2202,.T.);
#2500=ORIENTED_EDGE('',*,*,#1798,.T.);
#2501=ORIENTED_EDGE('',*,*,#1759,.T.);
#2502=ORIENTED_EDGE('',*,*,#1743,.T.);
#2503=ORIENTED_EDGE('',*,*,#2176,.T.);
#2504=EDGE_LOOP('',(#2459,#2467,#2475,#2483,#2491,#2497,#2498,#2499,#2500,#2501,#2502,#2503));
#2505=FACE_BOUND('',#2504,.T.);
#2506=ADVANCED_FACE('NONE',(#2458,#2505),#2440,.F.);
#2507=CARTESIAN_POINT('',(3.,0.,0.));
#2508=DIRECTION('',(0.,1.,0.));
#2509=DIRECTION('',(0.,-0.,1.));
#2510=AXIS2_PLACEMENT_3D('',#2507,#2508,#2509);
#2511=PLANE('',#2510);
#2512=ORIENTED_EDGE('',*,*,#2453,.F.);
#2513=CARTESIAN_POINT('',(-3.,-0.,4.9));
#2514=VERTEX_POINT('',#2513);
#2515=CARTESIAN_POINT('',(-3.,-0.,4.9));
#2516=DIRECTION('',(0.,0.,1.));
#2517=VECTOR('',#2516,1.1);
#2518=LINE('',#2515,#2517);
#2519=EDGE_CURVE('NONE',#2514,#2442,#2518,.T.);
#2520=ORIENTED_EDGE('',*,*,#2519,.F.);
#2521=CARTESIAN_POINT('',(-2.35,-0.,4.9));
#2522=VERTEX_POINT('',#2521);
#2523=CARTESIAN_POINT('',(-2.35,-0.,4.9));
#2524=DIRECTION('',(-1.,0.,0.));
#2525=VECTOR('',#2524,0.65);
#2526=LINE('',#2523,#2525);
#2527=EDGE_CURVE('NONE',#2522,#2514,#2526,.T.);
#2528=ORIENTED_EDGE('',*,*,#2527,.F.);
#2529=CARTESIAN_POINT('',(-2.35,-0.,3.2));
#2530=VERTEX_POINT('',#2529);
#2531=CARTESIAN_POINT('',(-2.35,-0.,3.2));
#2532=DIRECTION('',(0.,0.,1.));
#2533=VECTOR('',#2532,1.7);
#2534=LINE('',#2531,#2533);
#2535=EDGE_CURVE('NONE',#2530,#2522,#2534,.T.);
#2536=ORIENTED_EDGE('',*,*,#2535,.F.);
#2537=CARTESIAN_POINT('',(-3.,-0.,3.2));
#2538=VERTEX_POINT('',#2537);
#2539=CARTESIAN_POINT('',(-3.,-0.,3.2));
#2540=DIRECTION('',(1.,0.,-0.));
#2541=VECTOR('',#2540,0.65);
#2542=LINE('',#2539,#2541);
#2543=EDGE_CURVE('NONE',#2538,#2530,#2542,.T.);
#2544=ORIENTED_EDGE('',*,*,#2543,.F.);
#2545=CARTESIAN_POINT('',(-3.,0.,0.));
#2546=VERTEX_POINT('',#2545);
#2547=CARTESIAN_POINT('',(-3.,0.,0.));
#2548=DIRECTION('',(0.,0.,1.));
#2549=VECTOR('',#2548,3.2);
#2550=LINE('',#2547,#2549);
#2551=EDGE_CURVE('NONE',#2546,#2538,#2550,.T.);
#2552=ORIENTED_EDGE('',*,*,#2551,.F.);
#2553=CARTESIAN_POINT('',(-2.5,-0.,0.));
#2554=VERTEX_POINT('',#2553);
#2555=CARTESIAN_POINT('',(-3.,0.,0.));
#2556=DIRECTION('',(1.,0.,-0.));
#2557=VECTOR('',#2556,0.5);
#2558=LINE('',#2555,#2557);
#2559=EDGE_CURVE('NONE',#2546,#2554,#2558,.T.);
#2560=ORIENTED_EDGE('',*,*,#2559,.T.);
#2561=CARTESIAN_POINT('',(-2.5,-0.,1.));
#2562=VERTEX_POINT('',#2561);
#2563=CARTESIAN_POINT('',(-2.5,-0.,1.));
#2564=DIRECTION('',(0.,0.,-1.));
#2565=VECTOR('',#2564,1.);
#2566=LINE('',#2563,#2565);
#2567=EDGE_CURVE('NONE',#2562,#2554,#2566,.T.);
#2568=ORIENTED_EDGE('',*,*,#2567,.F.);
#2569=CARTESIAN_POINT('',(2.5,-0.,1.));
#2570=DIRECTION('',(-1.,-0.,0.));
#2571=VECTOR('',#2570,5.);
#2572=LINE('',#2569,#2571);
#2573=EDGE_CURVE('NONE',#1701,#2562,#2572,.T.);
#2574=ORIENTED_EDGE('',*,*,#2573,.F.);
#2575=ORIENTED_EDGE('',*,*,#1706,.T.);
#2576=ORIENTED_EDGE('',*,*,#1688,.T.);
#2577=ORIENTED_EDGE('',*,*,#1822,.F.);
#2578=ORIENTED_EDGE('',*,*,#1862,.T.);
#2579=ORIENTED_EDGE('',*,*,#1885,.F.);
#2580=ORIENTED_EDGE('',*,*,#1940,.T.);
#2581=ORIENTED_EDGE('',*,*,#1973,.T.);
#2582=EDGE_LOOP('',(#2512,#2520,#2528,#2536,#2544,#2552,#2560,#2568,#2574,#2575,#2576,#2577,#2578,#2579,#2580,#2581));
#2583=FACE_BOUND('',#2582,.T.);
#2584=ADVANCED_FACE('NONE',(#2583),#2511,.F.);
#2585=CARTESIAN_POINT('',(1.75,1.95,2.9));
#2586=DIRECTION('',(0.,-0.707106781,0.707106781));
#2587=DIRECTION('',(0.,-0.707106781,-0.707106781));
#2588=AXIS2_PLACEMENT_3D('',#2585,#2586,#2587);
#2589=PLANE('',#2588);
#2590=CARTESIAN_POINT('',(-1.75,1.95,2.9));
#2591=VERTEX_POINT('',#2590);
#2592=CARTESIAN_POINT('',(-1.75,1.95,2.9));
#2593=DIRECTION('',(1.,0.,-0.));
#2594=VECTOR('',#2593,3.5);
#2595=LINE('',#2592,#2594);
#2596=EDGE_CURVE('NONE',#2591,#2135,#2595,.T.);
#2597=ORIENTED_EDGE('',*,*,#2596,.F.);
#2598=CARTESIAN_POINT('',(-1.75,1.65,2.6));
#2599=VERTEX_POINT('',#2598);
#2600=CARTESIAN_POINT('',(-1.75,1.95,2.9));
#2601=DIRECTION('',(0.,-0.707106781,-0.707106781));
#2602=VECTOR('',#2601,0.424264069);
#2603=LINE('',#2600,#2602);
#2604=EDGE_CURVE('NONE',#2591,#2599,#2603,.T.);
#2605=ORIENTED_EDGE('',*,*,#2604,.T.);
#2606=CARTESIAN_POINT('',(1.75,1.65,2.6));
#2607=DIRECTION('',(-1.,-0.,0.));
#2608=VECTOR('',#2607,3.5);
#2609=LINE('',#2606,#2608);
#2610=EDGE_CURVE('NONE',#2143,#2599,#2609,.T.);
#2611=ORIENTED_EDGE('',*,*,#2610,.F.);
#2612=ORIENTED_EDGE('',*,*,#2148,.T.);
#2613=EDGE_LOOP('',(#2597,#2605,#2611,#2612));
#2614=FACE_BOUND('',#2613,.T.);
#2615=ADVANCED_FACE('NONE',(#2614),#2589,.T.);
#2616=CARTESIAN_POINT('',(1.75,1.65,2.6));
#2617=DIRECTION('',(0.,0.,1.));
#2618=DIRECTION('',(1.,0.,0.));
#2619=AXIS2_PLACEMENT_3D('',#2616,#2617,#2618);
#2620=PLANE('',#2619);
#2621=ORIENTED_EDGE('',*,*,#2610,.T.);
#2622=CARTESIAN_POINT('',(-1.75,0.6,2.6));
#2623=VERTEX_POINT('',#2622);
#2624=CARTESIAN_POINT('',(-1.75,1.65,2.6));
#2625=DIRECTION('',(-0.,-1.,-0.));
#2626=VECTOR('',#2625,1.05);
#2627=LINE('',#2624,#2626);
#2628=EDGE_CURVE('NONE',#2599,#2623,#2627,.T.);
#2629=ORIENTED_EDGE('',*,*,#2628,.T.);
#2630=CARTESIAN_POINT('',(-1.75,0.6,2.6));
#2631=DIRECTION('',(1.,0.,-0.));
#2632=VECTOR('',#2631,3.5);
#2633=LINE('',#2630,#2632);
#2634=EDGE_CURVE('NONE',#2623,#2086,#2633,.T.);
#2635=ORIENTED_EDGE('',*,*,#2634,.T.);
#2636=ORIENTED_EDGE('',*,*,#2154,.T.);
#2637=EDGE_LOOP('',(#2621,#2629,#2635,#2636));
#2638=FACE_BOUND('',#2637,.T.);
#2639=ADVANCED_FACE('NONE',(#2638),#2620,.T.);
#2640=CARTESIAN_POINT('',(-7.75,0.6,2.9));
#2641=DIRECTION('',(0.,-1.,0.));
#2642=DIRECTION('',(0.,0.,-1.));
#2643=AXIS2_PLACEMENT_3D('',#2640,#2641,#2642);
#2644=PLANE('',#2643);
#2645=ORIENTED_EDGE('',*,*,#2634,.F.);
#2646=CARTESIAN_POINT('',(-1.75,0.6,5.8));
#2647=DIRECTION('',(-0.,-0.,-1.));
#2648=VECTOR('',#2647,3.2);
#2649=LINE('',#2646,#2648);
#2650=EDGE_CURVE('NONE',#2213,#2623,#2649,.T.);
#2651=ORIENTED_EDGE('',*,*,#2650,.F.);
#2652=ORIENTED_EDGE('',*,*,#2218,.T.);
#2653=ORIENTED_EDGE('',*,*,#2093,.F.);
#2654=EDGE_LOOP('',(#2645,#2651,#2652,#2653));
#2655=FACE_BOUND('',#2654,.T.);
#2656=ADVANCED_FACE('NONE',(#2655),#2644,.F.);
#2657=CARTESIAN_POINT('',(-3.,0.,1.));
#2658=DIRECTION('',(0.,0.,1.));
#2659=DIRECTION('',(1.,0.,0.));
#2660=AXIS2_PLACEMENT_3D('',#2657,#2658,#2659);
#2661=PLANE('',#2660);
#2662=ORIENTED_EDGE('',*,*,#2573,.T.);
#2663=CARTESIAN_POINT('',(-2.5,2.1,1.));
#2664=VERTEX_POINT('',#2663);
#2665=CARTESIAN_POINT('',(-2.5,2.1,1.));
#2666=DIRECTION('',(-0.,-1.,-0.));
#2667=VECTOR('',#2666,2.1);
#2668=LINE('',#2665,#2667);
#2669=EDGE_CURVE('NONE',#2664,#2562,#2668,.T.);
#2670=ORIENTED_EDGE('',*,*,#2669,.F.);
#2671=CARTESIAN_POINT('',(-3.,2.1,1.));
#2672=VERTEX_POINT('',#2671);
#2673=CARTESIAN_POINT('',(-3.,2.1,1.));
#2674=DIRECTION('',(1.,0.,-0.));
#2675=VECTOR('',#2674,0.5);
#2676=LINE('',#2673,#2675);
#2677=EDGE_CURVE('NONE',#2672,#2664,#2676,.T.);
#2678=ORIENTED_EDGE('',*,*,#2677,.F.);
#2679=CARTESIAN_POINT('',(-3.,3.7,1.));
#2680=DIRECTION('',(-0.,-1.,-0.));
#2681=VECTOR('',#2680,1.6);
#2682=LINE('',#2679,#2681);
#2683=EDGE_CURVE('NONE',#2335,#2672,#2682,.T.);
#2684=ORIENTED_EDGE('',*,*,#2683,.F.);
#2685=ORIENTED_EDGE('',*,*,#2340,.F.);
#2686=ORIENTED_EDGE('',*,*,#1832,.F.);
#2687=ORIENTED_EDGE('',*,*,#1643,.F.);
#2688=ORIENTED_EDGE('',*,*,#1712,.F.);
#2689=EDGE_LOOP('',(#2662,#2670,#2678,#2684,#2685,#2686,#2687,#2688));
#2690=FACE_BOUND('',#2689,.T.);
#2691=ADVANCED_FACE('NONE',(#2690),#2661,.F.);
#2692=CARTESIAN_POINT('',(-3.,0.,2.9));
#2693=DIRECTION('',(0.,0.,1.));
#2694=DIRECTION('',(1.,0.,0.));
#2695=AXIS2_PLACEMENT_3D('',#2692,#2693,#2694);
#2696=PLANE('',#2695);
#2697=ORIENTED_EDGE('',*,*,#2319,.T.);
#2698=CARTESIAN_POINT('',(-1.75,3.3,2.9));
#2699=DIRECTION('',(-0.,-1.,-0.));
#2700=VECTOR('',#2699,1.35);
#2701=LINE('',#2698,#2700);
#2702=EDGE_CURVE('NONE',#2308,#2591,#2701,.T.);
#2703=ORIENTED_EDGE('',*,*,#2702,.T.);
#2704=ORIENTED_EDGE('',*,*,#2596,.T.);
#2705=ORIENTED_EDGE('',*,*,#2140,.T.);
#2706=EDGE_LOOP('',(#2697,#2703,#2704,#2705));
#2707=FACE_BOUND('',#2706,.T.);
#2708=ADVANCED_FACE('NONE',(#2707),#2696,.T.);
#2709=CARTESIAN_POINT('',(-2.35,2.8,4.2));
#2710=DIRECTION('',(-1.,0.,0.));
#2711=DIRECTION('',(0.,0.,1.));
#2712=AXIS2_PLACEMENT_3D('',#2709,#2710,#2711);
#2713=PLANE('',#2712);
#2714=CARTESIAN_POINT('',(-2.35,2.8,4.9));
#2715=VERTEX_POINT('',#2714);
#2716=CARTESIAN_POINT('',(-2.35,2.,4.9));
#2717=VERTEX_POINT('',#2716);
#2718=CARTESIAN_POINT('',(-2.35,2.8,4.9));
#2719=DIRECTION('',(-0.,-1.,-0.));
#2720=VECTOR('',#2719,0.8);
#2721=LINE('',#2718,#2720);
#2722=EDGE_CURVE('NONE',#2715,#2717,#2721,.T.);
#2723=ORIENTED_EDGE('',*,*,#2722,.F.);
#2724=CARTESIAN_POINT('',(-2.35,2.8,5.8));
#2725=VERTEX_POINT('',#2724);
#2726=CARTESIAN_POINT('',(-2.35,2.8,4.9));
#2727=DIRECTION('',(0.,0.,1.));
#2728=VECTOR('',#2727,0.9);
#2729=LINE('',#2726,#2728);
#2730=EDGE_CURVE('NONE',#2715,#2725,#2729,.T.);
#2731=ORIENTED_EDGE('',*,*,#2730,.T.);
#2732=CARTESIAN_POINT('',(-2.35,2.8,5.8));
#2733=DIRECTION('',(0.,0.707106781,0.707106781));
#2734=VECTOR('',#2733,0.282842712);
#2735=LINE('',#2732,#2734);
#2736=EDGE_CURVE('NONE',#2725,#2477,#2735,.T.);
#2737=ORIENTED_EDGE('',*,*,#2736,.T.);
#2738=ORIENTED_EDGE('',*,*,#2482,.F.);
#2739=CARTESIAN_POINT('',(-2.35,2.,5.8));
#2740=VERTEX_POINT('',#2739);
#2741=CARTESIAN_POINT('',(-2.35,1.8,6.));
#2742=DIRECTION('',(0.,0.707106781,-0.707106781));
#2743=VECTOR('',#2742,0.282842712);
#2744=LINE('',#2741,#2743);
#2745=EDGE_CURVE('NONE',#2469,#2740,#2744,.T.);
#2746=ORIENTED_EDGE('',*,*,#2745,.T.);
#2747=CARTESIAN_POINT('',(-2.35,2.,5.8));
#2748=DIRECTION('',(-0.,-0.,-1.));
#2749=VECTOR('',#2748,0.9);
#2750=LINE('',#2747,#2749);
#2751=EDGE_CURVE('NONE',#2740,#2717,#2750,.T.);
#2752=ORIENTED_EDGE('',*,*,#2751,.T.);
#2753=EDGE_LOOP('',(#2723,#2731,#2737,#2738,#2746,#2752));
#2754=FACE_BOUND('',#2753,.T.);
#2755=ADVANCED_FACE('NONE',(#2754),#2713,.F.);
#2756=CARTESIAN_POINT('',(-2.35,2.,4.2));
#2757=DIRECTION('',(0.,-1.,0.));
#2758=DIRECTION('',(0.,0.,-1.));
#2759=AXIS2_PLACEMENT_3D('',#2756,#2757,#2758);
#2760=PLANE('',#2759);
#2761=ORIENTED_EDGE('',*,*,#2751,.F.);
#2762=CARTESIAN_POINT('',(-1.75,2.,5.8));
#2763=VERTEX_POINT('',#2762);
#2764=CARTESIAN_POINT('',(-2.35,2.,5.8));
#2765=DIRECTION('',(1.,0.,-0.));
#2766=VECTOR('',#2765,0.6);
#2767=LINE('',#2764,#2766);
#2768=EDGE_CURVE('NONE',#2740,#2763,#2767,.T.);
#2769=ORIENTED_EDGE('',*,*,#2768,.T.);
#2770=CARTESIAN_POINT('',(-1.75,2.,4.2));
#2771=VERTEX_POINT('',#2770);
#2772=CARTESIAN_POINT('',(-1.75,2.,5.8));
#2773=DIRECTION('',(0.,0.,-1.));
#2774=VECTOR('',#2773,1.6);
#2775=LINE('',#2772,#2774);
#2776=EDGE_CURVE('NONE',#2763,#2771,#2775,.T.);
#2777=ORIENTED_EDGE('',*,*,#2776,.T.);
#2778=CARTESIAN_POINT('',(-2.35,2.,4.2));
#2779=VERTEX_POINT('',#2778);
#2780=CARTESIAN_POINT('',(-2.35,2.,4.2));
#2781=DIRECTION('',(1.,0.,-0.));
#2782=VECTOR('',#2781,0.6);
#2783=LINE('',#2780,#2782);
#2784=EDGE_CURVE('NONE',#2779,#2771,#2783,.T.);
#2785=ORIENTED_EDGE('',*,*,#2784,.F.);
#2786=CARTESIAN_POINT('',(-2.35,2.,4.9));
#2787=DIRECTION('',(-0.,-0.,-1.));
#2788=VECTOR('',#2787,0.7);
#2789=LINE('',#2786,#2788);
#2790=EDGE_CURVE('NONE',#2717,#2779,#2789,.T.);
#2791=ORIENTED_EDGE('',*,*,#2790,.F.);
#2792=EDGE_LOOP('',(#2761,#2769,#2777,#2785,#2791));
#2793=FACE_BOUND('',#2792,.T.);
#2794=ADVANCED_FACE('NONE',(#2793),#2760,.F.);
#2795=CARTESIAN_POINT('',(-2.35,2.,4.2));
#2796=DIRECTION('',(0.,0.,1.));
#2797=DIRECTION('',(1.,0.,0.));
#2798=AXIS2_PLACEMENT_3D('',#2795,#2796,#2797);
#2799=PLANE('',#2798);
#2800=CARTESIAN_POINT('',(-1.75,2.8,4.2));
#2801=VERTEX_POINT('',#2800);
#2802=CARTESIAN_POINT('',(-1.75,2.,4.2));
#2803=DIRECTION('',(0.,1.,0.));
#2804=VECTOR('',#2803,0.8);
#2805=LINE('',#2802,#2804);
#2806=EDGE_CURVE('NONE',#2771,#2801,#2805,.T.);
#2807=ORIENTED_EDGE('',*,*,#2806,.T.);
#2808=CARTESIAN_POINT('',(-2.35,2.8,4.2));
#2809=VERTEX_POINT('',#2808);
#2810=CARTESIAN_POINT('',(-1.75,2.8,4.2));
#2811=DIRECTION('',(-1.,-0.,0.));
#2812=VECTOR('',#2811,0.6);
#2813=LINE('',#2810,#2812);
#2814=EDGE_CURVE('NONE',#2801,#2809,#2813,.T.);
#2815=ORIENTED_EDGE('',*,*,#2814,.T.);
#2816=CARTESIAN_POINT('',(-2.35,2.8,4.2));
#2817=DIRECTION('',(-0.,-1.,-0.));
#2818=VECTOR('',#2817,0.8);
#2819=LINE('',#2816,#2818);
#2820=EDGE_CURVE('NONE',#2809,#2779,#2819,.T.);
#2821=ORIENTED_EDGE('',*,*,#2820,.T.);
#2822=ORIENTED_EDGE('',*,*,#2784,.T.);
#2823=EDGE_LOOP('',(#2807,#2815,#2821,#2822));
#2824=FACE_BOUND('',#2823,.T.);
#2825=ADVANCED_FACE('NONE',(#2824),#2799,.T.);
#2826=CARTESIAN_POINT('',(-2.35,2.8,4.2));
#2827=DIRECTION('',(0.,1.,0.));
#2828=DIRECTION('',(0.,0.,1.));
#2829=AXIS2_PLACEMENT_3D('',#2826,#2827,#2828);
#2830=PLANE('',#2829);
#2831=CARTESIAN_POINT('',(-1.75,2.8,5.8));
#2832=VERTEX_POINT('',#2831);
#2833=CARTESIAN_POINT('',(-1.75,2.8,4.2));
#2834=DIRECTION('',(0.,0.,1.));
#2835=VECTOR('',#2834,1.6);
#2836=LINE('',#2833,#2835);
#2837=EDGE_CURVE('NONE',#2801,#2832,#2836,.T.);
#2838=ORIENTED_EDGE('',*,*,#2837,.T.);
#2839=CARTESIAN_POINT('',(-1.75,2.8,5.8));
#2840=DIRECTION('',(-1.,-0.,0.));
#2841=VECTOR('',#2840,0.6);
#2842=LINE('',#2839,#2841);
#2843=EDGE_CURVE('NONE',#2832,#2725,#2842,.T.);
#2844=ORIENTED_EDGE('',*,*,#2843,.T.);
#2845=ORIENTED_EDGE('',*,*,#2730,.F.);
#2846=CARTESIAN_POINT('',(-2.35,2.8,4.2));
#2847=DIRECTION('',(0.,0.,1.));
#2848=VECTOR('',#2847,0.7);
#2849=LINE('',#2846,#2848);
#2850=EDGE_CURVE('NONE',#2809,#2715,#2849,.T.);
#2851=ORIENTED_EDGE('',*,*,#2850,.F.);
#2852=ORIENTED_EDGE('',*,*,#2814,.F.);
#2853=EDGE_LOOP('',(#2838,#2844,#2845,#2851,#2852));
#2854=FACE_BOUND('',#2853,.T.);
#2855=ADVANCED_FACE('NONE',(#2854),#2830,.F.);
#2856=CARTESIAN_POINT('',(9.,1.5,0.));
#2857=DIRECTION('',(0.,0.,1.));
#2858=DIRECTION('',(1.,0.,0.));
#2859=AXIS2_PLACEMENT_3D('',#2856,#2857,#2858);
#2860=PLANE('',#2859);
#2861=ORIENTED_EDGE('',*,*,#2559,.F.);
#2862=CARTESIAN_POINT('',(-3.,1.5,0.));
#2863=VERTEX_POINT('',#2862);
#2864=CARTESIAN_POINT('',(-3.,1.5,0.));
#2865=DIRECTION('',(-0.,-1.,-0.));
#2866=VECTOR('',#2865,1.5);
#2867=LINE('',#2864,#2866);
#2868=EDGE_CURVE('NONE',#2863,#2546,#2867,.T.);
#2869=ORIENTED_EDGE('',*,*,#2868,.F.);
#2870=CARTESIAN_POINT('',(-2.5,1.5,0.));
#2871=VERTEX_POINT('',#2870);
#2872=CARTESIAN_POINT('',(-2.5,1.5,0.));
#2873=DIRECTION('',(-1.,-0.,0.));
#2874=VECTOR('',#2873,0.5);
#2875=LINE('',#2872,#2874);
#2876=EDGE_CURVE('NONE',#2871,#2863,#2875,.T.);
#2877=ORIENTED_EDGE('',*,*,#2876,.F.);
#2878=CARTESIAN_POINT('',(-2.5,-0.,0.));
#2879=DIRECTION('',(0.,1.,0.));
#2880=VECTOR('',#2879,1.5);
#2881=LINE('',#2878,#2880);
#2882=EDGE_CURVE('NONE',#2554,#2871,#2881,.T.);
#2883=ORIENTED_EDGE('',*,*,#2882,.F.);
#2884=EDGE_LOOP('',(#2861,#2869,#2877,#2883));
#2885=FACE_BOUND('',#2884,.T.);
#2886=ADVANCED_FACE('NONE',(#2885),#2860,.F.);
#2887=CARTESIAN_POINT('',(9.,2.1,1.));
#2888=DIRECTION('',(0.,-0.857492926,0.514495755));
#2889=DIRECTION('',(0.,-0.514495755,-0.857492926));
#2890=AXIS2_PLACEMENT_3D('',#2887,#2888,#2889);
#2891=PLANE('',#2890);
#2892=ORIENTED_EDGE('',*,*,#2876,.T.);
#2893=CARTESIAN_POINT('',(-3.,2.1,1.));
#2894=DIRECTION('',(0.,-0.514495755,-0.857492926));
#2895=VECTOR('',#2894,1.166190379);
#2896=LINE('',#2893,#2895);
#2897=EDGE_CURVE('NONE',#2672,#2863,#2896,.T.);
#2898=ORIENTED_EDGE('',*,*,#2897,.F.);
#2899=ORIENTED_EDGE('',*,*,#2677,.T.);
#2900=CARTESIAN_POINT('',(-2.5,1.5,-0.));
#2901=DIRECTION('',(0.,0.514495755,0.857492926));
#2902=VECTOR('',#2901,1.166190379);
#2903=LINE('',#2900,#2902);
#2904=EDGE_CURVE('NONE',#2871,#2664,#2903,.T.);
#2905=ORIENTED_EDGE('',*,*,#2904,.F.);
#2906=EDGE_LOOP('',(#2892,#2898,#2899,#2905));
#2907=FACE_BOUND('',#2906,.T.);
#2908=ADVANCED_FACE('NONE',(#2907),#2891,.F.);
#2909=CARTESIAN_POINT('',(-2.5,0.,0.));
#2910=DIRECTION('',(1.,0.,0.));
#2911=DIRECTION('',(0.,0.,-1.));
#2912=AXIS2_PLACEMENT_3D('',#2909,#2910,#2911);
#2913=PLANE('',#2912);
#2914=ORIENTED_EDGE('',*,*,#2904,.T.);
#2915=ORIENTED_EDGE('',*,*,#2669,.T.);
#2916=ORIENTED_EDGE('',*,*,#2567,.T.);
#2917=ORIENTED_EDGE('',*,*,#2882,.T.);
#2918=EDGE_LOOP('',(#2914,#2915,#2916,#2917));
#2919=FACE_BOUND('',#2918,.T.);
#2920=ADVANCED_FACE('NONE',(#2919),#2913,.T.);
#2921=CARTESIAN_POINT('',(-1.75,3.3,2.9));
#2922=DIRECTION('',(-1.,0.,0.));
#2923=DIRECTION('',(0.,0.,1.));
#2924=AXIS2_PLACEMENT_3D('',#2921,#2922,#2923);
#2925=PLANE('',#2924);
#2926=ORIENTED_EDGE('',*,*,#2776,.F.);
#2927=CARTESIAN_POINT('',(-1.75,2.,5.8));
#2928=DIRECTION('',(-0.,-1.,-0.));
#2929=VECTOR('',#2928,1.4);
#2930=LINE('',#2927,#2929);
#2931=EDGE_CURVE('NONE',#2763,#2213,#2930,.T.);
#2932=ORIENTED_EDGE('',*,*,#2931,.T.);
#2933=ORIENTED_EDGE('',*,*,#2650,.T.);
#2934=ORIENTED_EDGE('',*,*,#2628,.F.);
#2935=ORIENTED_EDGE('',*,*,#2604,.F.);
#2936=ORIENTED_EDGE('',*,*,#2702,.F.);
#2937=ORIENTED_EDGE('',*,*,#2313,.T.);
#2938=CARTESIAN_POINT('',(-1.75,3.7,3.2));
#2939=DIRECTION('',(-0.,-1.,-0.));
#2940=VECTOR('',#2939,0.4);
#2941=LINE('',#2938,#2940);
#2942=EDGE_CURVE('NONE',#2404,#2300,#2941,.T.);
#2943=ORIENTED_EDGE('',*,*,#2942,.F.);
#2944=ORIENTED_EDGE('',*,*,#2431,.T.);
#2945=CARTESIAN_POINT('',(-1.75,3.3,4.2));
#2946=DIRECTION('',(0.,1.,0.));
#2947=VECTOR('',#2946,0.4);
#2948=LINE('',#2945,#2947);
#2949=EDGE_CURVE('NONE',#2276,#2420,#2948,.T.);
#2950=ORIENTED_EDGE('',*,*,#2949,.F.);
#2951=ORIENTED_EDGE('',*,*,#2281,.T.);
#2952=CARTESIAN_POINT('',(-1.75,3.3,5.8));
#2953=DIRECTION('',(-0.,-1.,-0.));
#2954=VECTOR('',#2953,0.5);
#2955=LINE('',#2952,#2954);
#2956=EDGE_CURVE('NONE',#2252,#2832,#2955,.T.);
#2957=ORIENTED_EDGE('',*,*,#2956,.T.);
#2958=ORIENTED_EDGE('',*,*,#2837,.F.);
#2959=ORIENTED_EDGE('',*,*,#2806,.F.);
#2960=EDGE_LOOP('',(#2926,#2932,#2933,#2934,#2935,#2936,#2937,#2943,#2944,#2950,#2951,#2957,#2958,#2959));
#2961=FACE_BOUND('',#2960,.T.);
#2962=ADVANCED_FACE('NONE',(#2961),#2925,.F.);
#2963=CARTESIAN_POINT('',(-1.75,3.3,4.2));
#2964=DIRECTION('',(0.,0.,-1.));
#2965=DIRECTION('',(-1.,0.,0.));
#2966=AXIS2_PLACEMENT_3D('',#2963,#2964,#2965);
#2967=PLANE('',#2966);
#2968=ORIENTED_EDGE('',*,*,#2289,.T.);
#2969=ORIENTED_EDGE('',*,*,#2949,.T.);
#2970=ORIENTED_EDGE('',*,*,#2425,.T.);
#2971=CARTESIAN_POINT('',(-1.05,3.3,4.2));
#2972=DIRECTION('',(0.,1.,0.));
#2973=VECTOR('',#2972,0.4);
#2974=LINE('',#2971,#2973);
#2975=EDGE_CURVE('NONE',#2284,#2412,#2974,.T.);
#2976=ORIENTED_EDGE('',*,*,#2975,.F.);
#2977=EDGE_LOOP('',(#2968,#2969,#2970,#2976));
#2978=FACE_BOUND('',#2977,.T.);
#2979=ADVANCED_FACE('NONE',(#2978),#2967,.T.);
#2980=CARTESIAN_POINT('',(-1.05,3.3,3.2));
#2981=DIRECTION('',(-1.,0.,0.));
#2982=DIRECTION('',(0.,0.,1.));
#2983=AXIS2_PLACEMENT_3D('',#2980,#2981,#2982);
#2984=PLANE('',#2983);
#2985=ORIENTED_EDGE('',*,*,#2297,.T.);
#2986=ORIENTED_EDGE('',*,*,#2975,.T.);
#2987=ORIENTED_EDGE('',*,*,#2417,.T.);
#2988=CARTESIAN_POINT('',(-1.05,3.3,3.2));
#2989=DIRECTION('',(0.,1.,0.));
#2990=VECTOR('',#2989,0.4);
#2991=LINE('',#2988,#2990);
#2992=EDGE_CURVE('NONE',#2292,#2402,#2991,.T.);
#2993=ORIENTED_EDGE('',*,*,#2992,.F.);
#2994=EDGE_LOOP('',(#2985,#2986,#2987,#2993));
#2995=FACE_BOUND('',#2994,.T.);
#2996=ADVANCED_FACE('NONE',(#2995),#2984,.T.);
#2997=CARTESIAN_POINT('',(-1.75,3.3,3.2));
#2998=DIRECTION('',(0.,0.,1.));
#2999=DIRECTION('',(1.,0.,0.));
#3000=AXIS2_PLACEMENT_3D('',#2997,#2998,#2999);
#3001=PLANE('',#3000);
#3002=ORIENTED_EDGE('',*,*,#2305,.T.);
#3003=ORIENTED_EDGE('',*,*,#2992,.T.);
#3004=ORIENTED_EDGE('',*,*,#2409,.T.);
#3005=ORIENTED_EDGE('',*,*,#2942,.T.);
#3006=EDGE_LOOP('',(#3002,#3003,#3004,#3005));
#3007=FACE_BOUND('',#3006,.T.);
#3008=ADVANCED_FACE('NONE',(#3007),#3001,.T.);
#3009=CARTESIAN_POINT('',(-3.,-0.,3.2));
#3010=DIRECTION('',(0.,0.,1.));
#3011=DIRECTION('',(1.,0.,0.));
#3012=AXIS2_PLACEMENT_3D('',#3009,#3010,#3011);
#3013=PLANE('',#3012);
#3014=CARTESIAN_POINT('',(-2.35,3.7,3.2));
#3015=DIRECTION('',(-0.,-1.,-0.));
#3016=VECTOR('',#3015,3.7);
#3017=LINE('',#3014,#3016);
#3018=EDGE_CURVE('NONE',#2351,#2530,#3017,.T.);
#3019=ORIENTED_EDGE('',*,*,#3018,.F.);
#3020=ORIENTED_EDGE('',*,*,#2356,.T.);
#3021=CARTESIAN_POINT('',(-3.,-0.,3.2));
#3022=DIRECTION('',(0.,1.,0.));
#3023=VECTOR('',#3022,3.7);
#3024=LINE('',#3021,#3023);
#3025=EDGE_CURVE('NONE',#2538,#2343,#3024,.T.);
#3026=ORIENTED_EDGE('',*,*,#3025,.F.);
#3027=ORIENTED_EDGE('',*,*,#2543,.T.);
#3028=EDGE_LOOP('',(#3019,#3020,#3026,#3027));
#3029=FACE_BOUND('',#3028,.T.);
#3030=ADVANCED_FACE('NONE',(#3029),#3013,.T.);
#3031=CARTESIAN_POINT('',(-3.,3.7,6.));
#3032=DIRECTION('',(-1.,0.,0.));
#3033=DIRECTION('',(0.,0.,1.));
#3034=AXIS2_PLACEMENT_3D('',#3031,#3032,#3033);
#3035=PLANE('',#3034);
#3036=ORIENTED_EDGE('',*,*,#2897,.T.);
#3037=ORIENTED_EDGE('',*,*,#2868,.T.);
#3038=ORIENTED_EDGE('',*,*,#2551,.T.);
#3039=ORIENTED_EDGE('',*,*,#3025,.T.);
#3040=ORIENTED_EDGE('',*,*,#2348,.T.);
#3041=ORIENTED_EDGE('',*,*,#2683,.T.);
#3042=EDGE_LOOP('',(#3036,#3037,#3038,#3039,#3040,#3041));
#3043=FACE_BOUND('',#3042,.T.);
#3044=ADVANCED_FACE('NONE',(#3043),#3035,.T.);
#3045=CARTESIAN_POINT('',(-3.,3.7,6.));
#3046=DIRECTION('',(-1.,0.,0.));
#3047=DIRECTION('',(0.,0.,1.));
#3048=AXIS2_PLACEMENT_3D('',#3045,#3046,#3047);
#3049=PLANE('',#3048);
#3050=ORIENTED_EDGE('',*,*,#2519,.T.);
#3051=ORIENTED_EDGE('',*,*,#2447,.T.);
#3052=ORIENTED_EDGE('',*,*,#2380,.T.);
#3053=CARTESIAN_POINT('',(-3.,3.7,4.9));
#3054=DIRECTION('',(-0.,-1.,-0.));
#3055=VECTOR('',#3054,3.7);
#3056=LINE('',#3053,#3055);
#3057=EDGE_CURVE('NONE',#2367,#2514,#3056,.T.);
#3058=ORIENTED_EDGE('',*,*,#3057,.T.);
#3059=EDGE_LOOP('',(#3050,#3051,#3052,#3058));
#3060=FACE_BOUND('',#3059,.T.);
#3061=ADVANCED_FACE('NONE',(#3060),#3049,.T.);
#3062=CARTESIAN_POINT('',(-3.,-0.,4.9));
#3063=DIRECTION('',(0.,0.,-1.));
#3064=DIRECTION('',(-1.,0.,0.));
#3065=AXIS2_PLACEMENT_3D('',#3062,#3063,#3064);
#3066=PLANE('',#3065);
#3067=CARTESIAN_POINT('',(-2.35,2.8,4.9));
#3068=DIRECTION('',(0.,1.,0.));
#3069=VECTOR('',#3068,0.9);
#3070=LINE('',#3067,#3069);
#3071=EDGE_CURVE('NONE',#2715,#2359,#3070,.T.);
#3072=ORIENTED_EDGE('',*,*,#3071,.F.);
#3073=ORIENTED_EDGE('',*,*,#2722,.T.);
#3074=CARTESIAN_POINT('',(-2.35,2.,4.9));
#3075=DIRECTION('',(-0.,-1.,-0.));
#3076=VECTOR('',#3075,2.);
#3077=LINE('',#3074,#3076);
#3078=EDGE_CURVE('NONE',#2717,#2522,#3077,.T.);
#3079=ORIENTED_EDGE('',*,*,#3078,.T.);
#3080=ORIENTED_EDGE('',*,*,#2527,.T.);
#3081=ORIENTED_EDGE('',*,*,#3057,.F.);
#3082=ORIENTED_EDGE('',*,*,#2372,.T.);
#3083=EDGE_LOOP('',(#3072,#3073,#3079,#3080,#3081,#3082));
#3084=FACE_BOUND('',#3083,.T.);
#3085=ADVANCED_FACE('NONE',(#3084),#3066,.T.);
#3086=CARTESIAN_POINT('',(-2.35,-0.,3.2));
#3087=DIRECTION('',(-1.,0.,0.));
#3088=DIRECTION('',(0.,0.,1.));
#3089=AXIS2_PLACEMENT_3D('',#3086,#3087,#3088);
#3090=PLANE('',#3089);
#3091=ORIENTED_EDGE('',*,*,#2364,.T.);
#3092=ORIENTED_EDGE('',*,*,#3018,.T.);
#3093=ORIENTED_EDGE('',*,*,#2535,.T.);
#3094=ORIENTED_EDGE('',*,*,#3078,.F.);
#3095=ORIENTED_EDGE('',*,*,#2790,.T.);
#3096=ORIENTED_EDGE('',*,*,#2820,.F.);
#3097=ORIENTED_EDGE('',*,*,#2850,.T.);
#3098=ORIENTED_EDGE('',*,*,#3071,.T.);
#3099=EDGE_LOOP('',(#3091,#3092,#3093,#3094,#3095,#3096,#3097,#3098));
#3100=FACE_BOUND('',#3099,.T.);
#3101=ADVANCED_FACE('NONE',(#3100),#3090,.T.);
#3102=CARTESIAN_POINT('',(9.,1.8,6.));
#3103=DIRECTION('',(0.,-0.707106781,-0.707106781));
#3104=DIRECTION('',(-1.,0.,0.));
#3105=AXIS2_PLACEMENT_3D('',#3102,#3103,#3104);
#3106=PLANE('',#3105);
#3107=ORIENTED_EDGE('',*,*,#2745,.F.);
#3108=ORIENTED_EDGE('',*,*,#2474,.F.);
#3109=CARTESIAN_POINT('',(-1.75,2.,5.8));
#3110=DIRECTION('',(-0.577350269,-0.577350269,0.577350269));
#3111=VECTOR('',#3110,0.346410162);
#3112=LINE('',#3109,#3111);
#3113=EDGE_CURVE('NONE',#2763,#2461,#3112,.T.);
#3114=ORIENTED_EDGE('',*,*,#3113,.F.);
#3115=ORIENTED_EDGE('',*,*,#2768,.F.);
#3116=EDGE_LOOP('',(#3107,#3108,#3114,#3115));
#3117=FACE_BOUND('',#3116,.T.);
#3118=ADVANCED_FACE('NONE',(#3117),#3106,.F.);
#3119=CARTESIAN_POINT('',(-1.95,-0.,6.));
#3120=DIRECTION('',(-0.707106781,0.,-0.707106781));
#3121=DIRECTION('',(0.,1.,0.));
#3122=AXIS2_PLACEMENT_3D('',#3119,#3120,#3121);
#3123=PLANE('',#3122);
#3124=ORIENTED_EDGE('',*,*,#3113,.T.);
#3125=ORIENTED_EDGE('',*,*,#2466,.F.);
#3126=ORIENTED_EDGE('',*,*,#2226,.F.);
#3127=ORIENTED_EDGE('',*,*,#2931,.F.);
#3128=EDGE_LOOP('',(#3124,#3125,#3126,#3127));
#3129=FACE_BOUND('',#3128,.T.);
#3130=ADVANCED_FACE('NONE',(#3129),#3123,.F.);
#3131=CARTESIAN_POINT('',(9.,3.,6.));
#3132=DIRECTION('',(0.,0.707106781,-0.707106781));
#3133=DIRECTION('',(1.,0.,0.));
#3134=AXIS2_PLACEMENT_3D('',#3131,#3132,#3133);
#3135=PLANE('',#3134);
#3136=ORIENTED_EDGE('',*,*,#2736,.F.);
#3137=ORIENTED_EDGE('',*,*,#2843,.F.);
#3138=CARTESIAN_POINT('',(-1.95,3.,6.));
#3139=DIRECTION('',(0.577350269,-0.577350269,-0.577350269));
#3140=VECTOR('',#3139,0.346410162);
#3141=LINE('',#3138,#3140);
#3142=EDGE_CURVE('NONE',#2485,#2832,#3141,.T.);
#3143=ORIENTED_EDGE('',*,*,#3142,.F.);
#3144=ORIENTED_EDGE('',*,*,#2490,.F.);
#3145=EDGE_LOOP('',(#3136,#3137,#3143,#3144));
#3146=FACE_BOUND('',#3145,.T.);
#3147=ADVANCED_FACE('NONE',(#3146),#3135,.F.);
#3148=CARTESIAN_POINT('',(-1.95,-0.,6.));
#3149=DIRECTION('',(-0.707106781,0.,-0.707106781));
#3150=DIRECTION('',(0.,1.,0.));
#3151=AXIS2_PLACEMENT_3D('',#3148,#3149,#3150);
#3152=PLANE('',#3151);
#3153=ORIENTED_EDGE('',*,*,#3142,.T.);
#3154=ORIENTED_EDGE('',*,*,#2956,.F.);
#3155=ORIENTED_EDGE('',*,*,#2257,.F.);
#3156=ORIENTED_EDGE('',*,*,#2496,.F.);
#3157=EDGE_LOOP('',(#3153,#3154,#3155,#3156));
#3158=FACE_BOUND('',#3157,.T.);
#3159=ADVANCED_FACE('NONE',(#3158),#3152,.F.);
#3160=CLOSED_SHELL('',(#1551,#1582,#1621,#1661,#1692,#1716,#1747,#1778,#1802,#1842,#1873,#1913,#1946,#1977,#2017,#2048,#2079,#2158,#2182,#2206,#2237,#2268,#2328,#2435,#2506,#2584,
#2615,#2639,#2656,#2691,#2708,#2755,#2794,#2825,#2855,#2886,#2908,#2920,#2962,#2979,#2996,#3008,#3030,#3044,#3061,#3085,#3101,#3118,#3130,#3147,#3159));
#3161=MANIFOLD_SOLID_BREP('Combine2',#3160);
#3162=COLOUR_RGB('',1.,1.,0.752941191);
#3163=FILL_AREA_STYLE_COLOUR('',#3162);
#3164=FILL_AREA_STYLE('',(#3163));
#3165=SURFACE_STYLE_FILL_AREA(#3164);
#3166=SURFACE_SIDE_STYLE('',(#3165));
#3167=SURFACE_STYLE_USAGE(.BOTH.,#3166);
#3168=PRESENTATION_STYLE_ASSIGNMENT((#3167));
#1503=STYLED_ITEM('',(#3168),#3161);
#35=SHAPE_REPRESENTATION('temp_import.STEP',(#15),#33);
#36=ADVANCED_BREP_SHAPE_REPRESENTATION('temp_import.STEP',(#132,#362,#781,#1200,#1423,#1502,#3161),#33);
#3176=SHAPE_REPRESENTATION_RELATIONSHIP('','',#35,#36);
#3177=APPLICATION_CONTEXT('data for automotive mechanical design processes');
#3178=APPLICATION_PROTOCOL_DEFINITION('international standard','automotive_design',1994,#3177);
#3179=PRODUCT_CONTEXT('',#3177,'mechanical');
#3180=PRODUCT_DEFINITION_CONTEXT('part definition',#3177,'design');
#43=PRODUCT('temp_import.STEP','temp_import.STEP','',(#3179));
#3181=PRODUCT_RELATED_PRODUCT_CATEGORY('part','',(#43));
#3182=PRODUCT_DEFINITION_FORMATION_WITH_SPECIFIED_SOURCE('','',#43,.NOT_KNOWN.);
#44=PRODUCT_DEFINITION('design','',#3182,#3180);
#42=PRODUCT_DEFINITION_SHAPE('','',#44);
#3183=SHAPE_DEFINITION_REPRESENTATION(#42,#35);
#34=DRAUGHTING_MODEL('',(),#33);
#16=SHAPE_REPRESENTATION('root',(#15,#48),#10);
#24=PRODUCT('root','root','',(#3179));
#3184=PRODUCT_RELATED_PRODUCT_CATEGORY('part','',(#24));
#3185=PRODUCT_DEFINITION_FORMATION_WITH_SPECIFIED_SOURCE('','',#24,.NOT_KNOWN.);
#25=PRODUCT_DEFINITION('design','',#3185,#3180);
#23=PRODUCT_DEFINITION_SHAPE('','',#25);
#3186=SHAPE_DEFINITION_REPRESENTATION(#23,#16);
#11=DRAUGHTING_MODEL('',(),#10);
#1=MECHANICAL_DESIGN_GEOMETRIC_PRESENTATION_REPRESENTATION('',(#54,#140,#363,#782,#1201,#1424,#1503),#10);
ENDSEC;
END-ISO-10303-21;
