#VRML V2.0 utf8
# 3D model generated by easyeda2kicad.py (https://github.com/uPesy/easyeda2kicad.py)

Shape{
    appearance Appearance {
        material  Material 	{
            diffuseColor 0.6470588235294118 0.6196078431372549 0.5882352941176471
            specularColor 0.45098039215686275 0.43529411764705883 0.4117647058823529
            ambientIntensity 0.2
            transparency 0
            shininess 0.5
        }
    }
    geometry IndexedFaceSet {
        ccw TRUE
        solid FALSE
        coord DEF co Coordinate {
            point [
                0.7185 0.5807 -0.7087, 0.7185 0.8563 -0.7087, 0.935 0.5807 -0.7087, 0.935 0.8563 -0.7087, 0.935 0.557 -0.7072, 0.7185 0.557 -0.7072, 0.935 0.5336 -0.7029, 0.7185 0.5336 -0.7029, 0.935 0.5109 -0.6959, 0.7185 0.5109 -0.6959, 0.935 0.4892 -0.6861, 0.7185 0.4892 -0.6861, 0.935 0.4689 -0.6738, 0.7185 0.4689 -0.6738, 0.935 0.4502 -0.6592, 0.7185 0.4502 -0.6592, 0.935 0.4334 -0.6423, 0.7185 0.4334 -0.6423, 0.935 0.4187 -0.6236, 0.7185 0.4187 -0.6236, 0.935 0.4064 -0.6033, 0.7185 0.4064 -0.6033, 0.935 0.3967 -0.5816, 0.7185 0.3967 -0.5816, 0.935 0.3896 -0.5589, 0.7185 0.3896 -0.5589, 0.935 0.3853 -0.5355, 0.7185 0.3853 -0.5355, 0.935 0.3839 -0.5118, 0.7185 0.3839 -0.5118, 0.7185 0.3839 -0.2756, 0.935 0.3839 -0.2756, 0.7185 0.4626 -0.2756, 0.935 0.4626 -0.2756, 0.7185 0.4626 -0.5118, 0.935 0.4626 -0.5118, 0.7185 0.4641 -0.5303, 0.935 0.4641 -0.5303, 0.7185 0.4684 -0.5483, 0.935 0.4684 -0.5483, 0.7185 0.4755 -0.5654, 0.935 0.4755 -0.5654, 0.7185 0.4852 -0.5812, 0.935 0.4852 -0.5812, 0.7185 0.4972 -0.5953, 0.935 0.4972 -0.5953, 0.7185 0.5113 -0.6074, 0.935 0.5113 -0.6074, 0.7185 0.5271 -0.617, 0.935 0.5271 -0.617, 0.7185 0.5442 -0.6241, 0.935 0.5442 -0.6241, 0.7185 0.5622 -0.6285, 0.935 0.5622 -0.6285, 0.7185 0.5807 -0.6299, 0.935 0.5807 -0.6299, 0.7185 0.8563 -0.6299, 0.935 0.8563 -0.6299, -0.7185 0.8563 -0.7087, -0.7185 0.5807 -0.7087, -0.935 0.8563 -0.7087, -0.935 0.5807 -0.7087, -0.7185 0.3839 -0.5118, -0.935 0.3839 -0.5118, -0.935 0.3853 -0.5355, -0.7185 0.3853 -0.5355, -0.935 0.3896 -0.5589, -0.7185 0.3896 -0.5589, -0.935 0.3967 -0.5816, -0.7185 0.3967 -0.5816, -0.935 0.4064 -0.6033, -0.7185 0.4064 -0.6033, -0.935 0.4187 -0.6236, -0.7185 0.4187 -0.6236, -0.935 0.4334 -0.6423, -0.7185 0.4334 -0.6423, -0.935 0.4502 -0.6592, -0.7185 0.4502 -0.6592, -0.935 0.4689 -0.6738, -0.7185 0.4689 -0.6738, -0.935 0.4892 -0.6861, -0.7185 0.4892 -0.6861, -0.935 0.5109 -0.6959, -0.7185 0.5109 -0.6959, -0.935 0.5336 -0.7029, -0.7185 0.5336 -0.7029, -0.935 0.557 -0.7072, -0.7185 0.557 -0.7072, -0.7185 0.3839 -0.2756, -0.935 0.3839 -0.2756, -0.7185 0.4626 -0.2756, -0.935 0.4626 -0.2756, -0.7185 0.4626 -0.5118, -0.935 0.4626 -0.5118, -0.7185 0.5807 -0.6299, -0.935 0.5807 -0.6299, -0.7185 0.5622 -0.6285, -0.935 0.5622 -0.6285, -0.7185 0.5442 -0.6241, -0.935 0.5442 -0.6241, -0.7185 0.5271 -0.617, -0.935 0.5271 -0.617, -0.7185 0.5113 -0.6074, -0.935 0.5113 -0.6074, -0.7185 0.4972 -0.5953, -0.935 0.4972 -0.5953, -0.7185 0.4852 -0.5812, -0.935 0.4852 -0.5812, -0.7185 0.4755 -0.5654, -0.935 0.4755 -0.5654, -0.7185 0.4684 -0.5483, -0.935 0.4684 -0.5483, -0.7185 0.4641 -0.5303, -0.935 0.4641 -0.5303, -0.7185 0.8563 -0.6299, -0.935 0.8563 -0.6299, 0.9252 -0.1673 -0.689, 0.9252 -0.2461 -0.689, -0.9252 -0.1673 -0.689, -0.9252 -0.2461 -0.689, -1.4366 -0.1673 -0.7087, -1.4366 -0.1673 0.6552, -1.378 -0.1673 -0.3937, -1.378 -0.1673 0.3937, -1.4317 -0.1673 0.6693, -1.4255 -0.1673 0.6774, -0.9843 -0.1673 0.3937, -1.4357 -0.1673 0.6598, 1.3976 -0.1673 0.689, 0.6102 -0.1673 0.315, -0.6102 -0.1673 0.315, -1.4173 -0.1673 0.6837, -1.4078 -0.1673 0.6876, -1.3976 -0.1673 0.689, -0.9367 -0.1673 -0.543, -0.9843 -0.1673 -0.3937, -0.9305 -0.1673 -0.5512, -0.9265 -0.1673 -0.5607, 0.6102 -0.1673 -0.315, -0.6102 -0.1673 -0.315, -0.9252 -0.1673 -0.5709, -1.0711 -0.1673 -0.543, -1.0774 -0.1673 -0.5512, -1.0813 -0.1673 -0.5607, -1.0827 -0.1673 -0.5709, -1.0827 -0.1673 -0.7087, 1.0813 -0.1673 -0.5607, 1.0774 -0.1673 -0.5512, 1.378 -0.1673 -0.3937, -0.9449 -0.1673 -0.5368, -0.9544 -0.1673 -0.5328, -0.9646 -0.1673 -0.5315, 0.9843 -0.1673 0.3937, 0.9843 -0.1673 -0.3937, 1.0827 -0.1673 -0.5709, -1.0433 -0.1673 -0.5315, -1.0535 -0.1673 -0.5328, -1.063 -0.1673 -0.5368, 1.4147 -0.1673 0.6851, 1.4222 -0.1673 0.6804, 1.0827 -0.1673 -0.7087, 1.4366 -0.1673 -0.7087, 1.4366 -0.1673 0.6552, 1.378 -0.1673 0.3937, 1.436 -0.1673 0.6584, 0.9449 -0.1673 -0.5368, 0.9367 -0.1673 -0.543, 1.4064 -0.1673 0.688, 1.4284 -0.1673 0.6742, 1.4331 -0.1673 0.6667, 0.9305 -0.1673 -0.5512, 0.9265 -0.1673 -0.5607, 0.9252 -0.1673 -0.5709, 1.0711 -0.1673 -0.543, 1.063 -0.1673 -0.5368, 1.0535 -0.1673 -0.5328, 1.0433 -0.1673 -0.5315, 0.9646 -0.1673 -0.5315, 0.9544 -0.1673 -0.5328, 1.378 -0.2461 -0.3937, 1.4366 -0.2461 -0.7087, 1.4366 -0.2461 0.6552, -0.9265 -0.2461 -0.5607, -0.6102 -0.2461 -0.315, -0.9843 -0.2461 -0.3937, -0.6102 -0.2461 0.315, -0.9843 -0.2461 0.3937, -0.9252 -0.2461 -0.5709, 0.6102 -0.2461 -0.315, 0.9252 -0.2461 -0.5709, -1.0827 -0.2461 -0.5709, -1.0813 -0.2461 -0.5607, -1.378 -0.2461 -0.3937, -1.0774 -0.2461 -0.5512, -0.9449 -0.2461 -0.5368, -0.9367 -0.2461 -0.543, -0.9305 -0.2461 -0.5512, -1.4173 -0.2461 0.6837, -1.4255 -0.2461 0.6774, 0.9367 -0.2461 -0.543, 0.9843 -0.2461 -0.3937, 0.9305 -0.2461 -0.5512, 0.9265 -0.2461 -0.5607, 1.0711 -0.2461 -0.543, 1.0774 -0.2461 -0.5512, 1.0813 -0.2461 -0.5607, 1.0827 -0.2461 -0.5709, 1.0827 -0.2461 -0.7087, 0.6102 -0.2461 0.315, -1.0827 -0.2461 -0.7087, -1.4366 -0.2461 -0.7087, -1.4366 -0.2461 0.6552, -1.378 -0.2461 0.3937, -1.4357 -0.2461 0.6598, -1.4317 -0.2461 0.6693, 1.436 -0.2461 0.6584, 0.9843 -0.2461 0.3937, 1.378 -0.2461 0.3937, -1.0711 -0.2461 -0.543, -1.063 -0.2461 -0.5368, -1.0535 -0.2461 -0.5328, -1.0433 -0.2461 -0.5315, 1.3976 -0.2461 0.689, -1.3976 -0.2461 0.689, -1.4078 -0.2461 0.6876, 0.9449 -0.2461 -0.5368, 0.9544 -0.2461 -0.5328, 0.9646 -0.2461 -0.5315, -0.9646 -0.2461 -0.5315, -0.9544 -0.2461 -0.5328, 1.0433 -0.2461 -0.5315, 1.0535 -0.2461 -0.5328, 1.063 -0.2461 -0.5368, 1.4331 -0.2461 0.6667, 1.4284 -0.2461 0.6742, 1.4222 -0.2461 0.6804, 1.4147 -0.2461 0.6851, 1.4064 -0.2461 0.688, -1.5157 -0.1669 -0.2953, -1.5157 -0.1669 -0.7087, -1.5131 -0.1874 -0.7087, -1.5131 -0.1874 -0.2953, -1.5051 -0.2065 -0.7087, -1.5051 -0.2065 -0.2953, -1.4926 -0.2229 -0.7087, -1.4926 -0.2229 -0.2953, -1.4762 -0.2355 -0.7087, -1.4762 -0.2355 -0.2953, -1.4571 -0.2434 -0.7087, -1.4571 -0.2434 -0.2953, -1.437 -0.2461 0.6496, -1.437 -0.2461 -0.2953, -1.4367 -0.1673 0.6545, -1.4367 -0.1673 -0.7087, -1.437 -0.1669 0.6496, -1.437 -0.167 0.6504, -1.437 -0.1669 -0.2953, -1.437 -0.167 0.6505, -1.437 -0.1669 -0.7087, -1.437 -0.167 -0.7087, -1.437 -0.1671 -0.7087, -1.4369 -0.1671 0.6513, -1.4369 -0.1672 -0.7087, -1.4369 -0.1671 0.6521, -1.4369 -0.1672 -0.7087, -1.4368 -0.1672 0.6529, -1.4368 -0.1673 -0.7087, -1.4368 -0.1673 0.6537, -1.4367 -0.1673 0.6544, -1.5157 0.1476 -0.2953, -1.5157 0.1476 -0.7087, -1.437 0.1476 -0.7087, -1.437 0.1476 -0.2953, 1.437 -0.2461 0.6496, 1.437 -0.2461 -0.4528, 1.4571 -0.2434 -0.4528, 1.4571 -0.2434 -0.7087, 1.4762 -0.2355 -0.7087, 1.4762 -0.2355 -0.4528, 1.4926 -0.2229 -0.7087, 1.4926 -0.2229 -0.4528, 1.5051 -0.2065 -0.7087, 1.5051 -0.2065 -0.4528, 1.5131 -0.1874 -0.7087, 1.5131 -0.1874 -0.4528, 1.5157 -0.1669 -0.7087, 1.5157 -0.1669 -0.4528, 1.437 -0.167 0.6504, 1.437 -0.1669 0.6496, 1.437 -0.1669 -0.4528, 1.437 -0.1669 -0.7087, 1.437 -0.167 -0.7087, 1.437 -0.167 0.6505, 1.437 -0.1671 -0.7087, 1.4369 -0.1671 0.6513, 1.4369 -0.1672 -0.7087, 1.4369 -0.1671 0.652, 1.4369 -0.1672 -0.7087, 1.4368 -0.1672 0.6528, 1.4368 -0.1673 -0.7087, 1.4367 -0.1672 0.6536, 1.4367 -0.1673 -0.7087, 1.4367 -0.1673 0.6544, 1.5157 0.1476 -0.4528, 1.5157 0.1476 -0.7087, 1.437 0.1476 -0.7087, 1.437 0.1476 -0.4528, 1.437 -0.2461 -0.4528, -1.437 -0.2461 0.6496, -1.437 -0.2461 -0.2953, 1.437 -0.2461 0.6496, 1.437 -0.2461 0.6496
            ]
        }
        coordIndex [
            0,1,2,-1,2,1,3,-1,0,2,4,-1,0,4,5,-1,5,4,6,-1,5,6,7,-1,7,6,8,-1,7,8,9,-1,9,8,10,-1,9,10,11,-1,11,10,12,-1,11,12,13,-1,13,12,14,-1,13,14,15,-1,15,14,16,-1,15,16,17,-1,17,16,18,-1,17,18,19,-1,19,18,20,-1,19,20,21,-1,21,20,22,-1,21,22,23,-1,23,22,24,-1,23,24,25,-1,25,24,26,-1,25,26,27,-1,27,26,28,-1,27,28,29,-1,30,29,31,-1,31,29,28,-1,32,30,33,-1,33,30,31,-1,34,32,35,-1,35,32,33,-1,34,35,36,-1,36,35,37,-1,36,37,38,-1,38,37,39,-1,38,39,40,-1,40,39,41,-1,40,41,42,-1,42,41,43,-1,42,43,44,-1,44,43,45,-1,44,45,46,-1,46,45,47,-1,46,47,48,-1,48,47,49,-1,48,49,50,-1,50,49,51,-1,50,51,52,-1,52,51,53,-1,52,53,54,-1,54,53,55,-1,56,54,57,-1,57,54,55,-1,1,56,3,-1,3,56,57,-1,56,1,54,-1,54,1,0,-1,54,0,52,-1,30,32,29,-1,29,32,34,-1,29,34,27,-1,27,34,36,-1,27,36,25,-1,25,36,38,-1,44,17,42,-1,42,17,19,-1,42,19,40,-1,40,19,21,-1,40,21,38,-1,38,21,23,-1,38,23,25,-1,0,5,52,-1,52,5,7,-1,52,7,50,-1,50,7,9,-1,50,9,48,-1,48,9,11,-1,48,11,46,-1,46,11,13,-1,46,13,44,-1,44,13,15,-1,44,15,17,-1,33,31,35,-1,35,31,28,-1,35,28,37,-1,28,26,37,-1,37,26,24,-1,37,24,39,-1,39,24,22,-1,39,22,41,-1,41,22,20,-1,41,20,43,-1,20,18,43,-1,43,18,16,-1,43,16,45,-1,45,16,14,-1,45,14,47,-1,47,14,12,-1,47,12,49,-1,49,12,10,-1,49,10,51,-1,3,57,2,-1,2,57,55,-1,2,55,4,-1,4,55,53,-1,4,53,6,-1,6,53,51,-1,6,51,8,-1,8,51,10,-1,58,59,60,-1,60,59,61,-1,62,63,64,-1,62,64,65,-1,65,64,66,-1,65,66,67,-1,67,66,68,-1,67,68,69,-1,69,68,70,-1,69,70,71,-1,71,70,72,-1,71,72,73,-1,73,72,74,-1,73,74,75,-1,75,74,76,-1,75,76,77,-1,77,76,78,-1,77,78,79,-1,79,78,80,-1,79,80,81,-1,81,80,82,-1,81,82,83,-1,83,82,84,-1,83,84,85,-1,85,84,86,-1,85,86,87,-1,87,86,61,-1,87,61,59,-1,62,88,63,-1,63,88,89,-1,88,90,89,-1,89,90,91,-1,90,92,91,-1,91,92,93,-1,94,95,96,-1,96,95,97,-1,96,97,98,-1,98,97,99,-1,98,99,100,-1,100,99,101,-1,100,101,102,-1,102,101,103,-1,102,103,104,-1,104,103,105,-1,104,105,106,-1,106,105,107,-1,106,107,108,-1,108,107,109,-1,108,109,110,-1,110,109,111,-1,110,111,112,-1,112,111,113,-1,112,113,92,-1,92,113,93,-1,94,114,95,-1,95,114,115,-1,114,58,115,-1,115,58,60,-1,90,88,92,-1,92,88,62,-1,92,62,112,-1,62,65,112,-1,112,65,67,-1,112,67,110,-1,110,67,69,-1,110,69,108,-1,108,69,71,-1,108,71,106,-1,106,71,73,-1,106,73,104,-1,58,114,59,-1,59,114,94,-1,59,94,87,-1,87,94,96,-1,87,96,85,-1,85,96,98,-1,73,75,104,-1,104,75,77,-1,104,77,102,-1,102,77,79,-1,102,79,100,-1,100,79,81,-1,100,81,98,-1,98,81,83,-1,98,83,85,-1,89,91,63,-1,63,91,93,-1,63,93,64,-1,64,93,113,-1,64,113,66,-1,66,113,111,-1,103,76,105,-1,105,76,74,-1,105,74,107,-1,107,74,72,-1,107,72,109,-1,109,72,70,-1,109,70,111,-1,111,70,68,-1,111,68,66,-1,97,84,99,-1,99,84,82,-1,99,82,101,-1,101,82,80,-1,101,80,103,-1,103,80,78,-1,103,78,76,-1,115,60,95,-1,95,60,61,-1,95,61,97,-1,97,61,86,-1,97,86,84,-1,116,117,118,-1,118,117,119,-1,120,121,122,-1,122,121,123,-1,124,125,126,-1,123,121,126,-1,126,121,127,-1,126,127,124,-1,128,129,130,-1,125,131,126,-1,126,131,132,-1,126,132,133,-1,134,135,136,-1,136,135,137,-1,138,116,139,-1,139,116,118,-1,139,118,140,-1,133,128,126,-1,126,128,130,-1,126,130,135,-1,135,130,139,-1,135,139,137,-1,137,139,140,-1,141,142,122,-1,122,142,143,-1,122,143,120,-1,120,143,144,-1,120,144,145,-1,146,147,148,-1,134,149,135,-1,135,149,150,-1,135,150,151,-1,152,153,129,-1,129,153,138,-1,146,148,154,-1,151,155,135,-1,135,155,156,-1,135,156,122,-1,122,156,157,-1,122,157,141,-1,158,159,152,-1,160,154,161,-1,161,154,148,-1,161,148,162,-1,162,148,163,-1,162,163,164,-1,164,163,152,-1,153,165,166,-1,129,128,152,-1,152,128,167,-1,152,167,158,-1,159,168,152,-1,152,168,169,-1,152,169,164,-1,166,170,153,-1,153,170,171,-1,153,171,138,-1,138,171,172,-1,138,172,116,-1,147,173,148,-1,148,173,174,-1,148,174,153,-1,153,174,175,-1,153,175,176,-1,176,177,153,-1,153,177,178,-1,153,178,165,-1,179,180,181,-1,182,183,184,-1,184,183,185,-1,184,185,186,-1,182,187,183,-1,183,187,119,-1,183,119,188,-1,188,119,117,-1,188,117,189,-1,190,191,192,-1,192,191,193,-1,194,195,184,-1,184,195,196,-1,184,196,182,-1,197,198,186,-1,199,200,201,-1,201,200,202,-1,203,204,179,-1,179,204,205,-1,179,205,180,-1,180,205,206,-1,180,206,207,-1,189,202,188,-1,188,202,200,-1,188,200,208,-1,209,190,210,-1,210,190,192,-1,210,192,211,-1,211,192,212,-1,211,212,213,-1,213,212,186,-1,213,186,214,-1,214,186,198,-1,215,216,181,-1,181,216,217,-1,181,217,179,-1,193,218,192,-1,192,218,219,-1,192,219,184,-1,184,219,220,-1,184,220,221,-1,200,216,208,-1,208,216,222,-1,208,222,185,-1,185,222,223,-1,185,223,186,-1,186,223,224,-1,186,224,197,-1,199,225,200,-1,200,225,226,-1,200,226,227,-1,221,228,184,-1,184,228,229,-1,184,229,194,-1,227,230,200,-1,200,230,231,-1,200,231,179,-1,179,231,232,-1,179,232,203,-1,215,233,216,-1,216,233,234,-1,216,234,235,-1,235,236,216,-1,216,236,237,-1,216,237,222,-1,223,222,133,-1,133,222,128,-1,129,138,208,-1,208,138,188,-1,138,139,188,-1,188,139,183,-1,139,130,183,-1,183,130,185,-1,130,129,185,-1,185,129,208,-1,126,135,186,-1,186,135,184,-1,135,122,184,-1,184,122,192,-1,122,123,192,-1,192,123,212,-1,123,126,212,-1,212,126,186,-1,163,148,217,-1,217,148,179,-1,148,153,179,-1,179,153,200,-1,153,152,200,-1,200,152,216,-1,152,163,216,-1,216,163,217,-1,238,239,240,-1,238,240,241,-1,241,240,242,-1,241,242,243,-1,243,242,244,-1,243,244,245,-1,245,244,246,-1,245,246,247,-1,247,246,248,-1,247,248,249,-1,211,250,251,-1,249,248,251,-1,251,248,210,-1,251,210,211,-1,121,120,252,-1,252,120,253,-1,254,255,256,-1,256,255,257,-1,258,256,259,-1,259,256,257,-1,259,257,260,-1,260,257,261,-1,260,261,262,-1,262,261,263,-1,262,263,264,-1,264,263,265,-1,264,265,266,-1,266,265,267,-1,266,267,253,-1,253,267,268,-1,253,268,252,-1,269,270,238,-1,238,270,239,-1,258,271,256,-1,256,271,272,-1,272,271,269,-1,269,271,270,-1,273,181,274,-1,274,181,180,-1,274,180,275,-1,180,276,275,-1,275,276,277,-1,275,277,278,-1,278,277,279,-1,278,279,280,-1,280,279,281,-1,280,281,282,-1,282,281,283,-1,282,283,284,-1,284,283,285,-1,284,285,286,-1,287,288,289,-1,289,290,291,-1,287,289,292,-1,289,291,292,-1,292,291,293,-1,292,293,294,-1,294,293,295,-1,294,295,296,-1,296,295,297,-1,296,297,298,-1,298,297,299,-1,298,299,300,-1,300,299,301,-1,300,301,302,-1,302,301,161,-1,302,161,162,-1,286,285,303,-1,303,285,304,-1,305,290,306,-1,306,290,289,-1,303,304,306,-1,306,304,305,-1,177,176,227,-1,227,176,230,-1,189,117,172,-1,172,117,116,-1,154,160,206,-1,206,160,207,-1,228,221,151,-1,151,221,155,-1,190,209,144,-1,144,209,145,-1,140,118,187,-1,187,118,119,-1,273,307,288,-1,288,307,289,-1,289,307,275,-1,275,278,289,-1,289,278,280,-1,289,280,282,-1,303,306,286,-1,286,306,289,-1,286,289,284,-1,284,289,282,-1,254,256,308,-1,308,256,309,-1,256,272,269,-1,249,309,256,-1,269,238,256,-1,256,238,241,-1,256,241,243,-1,243,245,256,-1,256,245,247,-1,256,247,249,-1,270,271,239,-1,239,271,258,-1,239,258,240,-1,240,258,259,-1,240,259,242,-1,242,259,260,-1,242,260,244,-1,145,209,120,-1,120,209,210,-1,120,210,253,-1,253,210,248,-1,253,248,266,-1,266,248,246,-1,266,246,264,-1,264,246,244,-1,264,244,262,-1,262,244,260,-1,305,304,290,-1,290,304,285,-1,290,285,291,-1,291,285,283,-1,291,283,293,-1,293,283,281,-1,207,160,180,-1,180,160,161,-1,180,161,276,-1,276,161,301,-1,276,301,277,-1,277,301,299,-1,277,299,279,-1,279,299,297,-1,279,297,281,-1,281,297,295,-1,281,295,293,-1,189,172,202,-1,202,172,171,-1,202,171,201,-1,201,171,170,-1,201,170,199,-1,199,170,166,-1,199,166,225,-1,225,166,165,-1,225,165,226,-1,226,165,178,-1,226,178,227,-1,227,178,177,-1,230,176,231,-1,231,176,175,-1,231,175,232,-1,232,175,174,-1,232,174,203,-1,203,174,173,-1,203,173,204,-1,204,173,147,-1,204,147,205,-1,205,147,146,-1,205,146,206,-1,206,146,154,-1,228,151,229,-1,229,151,150,-1,229,150,194,-1,194,150,149,-1,194,149,195,-1,195,149,134,-1,195,134,196,-1,196,134,136,-1,196,136,182,-1,182,136,137,-1,182,137,187,-1,187,137,140,-1,190,144,191,-1,191,144,143,-1,191,143,193,-1,193,143,142,-1,193,142,218,-1,218,142,141,-1,218,141,219,-1,219,141,157,-1,219,157,220,-1,220,157,156,-1,220,156,221,-1,221,156,155,-1,127,121,211,-1,211,121,252,-1,211,252,308,-1,308,252,268,-1,308,268,267,-1,267,265,308,-1,308,265,263,-1,308,263,261,-1,261,257,308,-1,308,257,255,-1,308,255,254,-1,211,213,127,-1,127,213,214,-1,127,214,124,-1,124,214,198,-1,124,198,125,-1,125,198,197,-1,125,197,131,-1,131,197,224,-1,131,224,132,-1,132,224,223,-1,132,223,133,-1,215,169,233,-1,233,169,168,-1,233,168,234,-1,234,168,159,-1,234,159,235,-1,235,159,158,-1,235,158,236,-1,236,158,167,-1,236,167,237,-1,237,167,128,-1,237,128,222,-1,288,287,310,-1,310,287,292,-1,292,294,310,-1,310,294,296,-1,310,296,298,-1,298,300,310,-1,310,300,302,-1,310,302,181,-1,181,302,162,-1,181,162,215,-1,215,162,164,-1,215,164,169,-1,
        ]
    }
}
Shape{
    appearance Appearance {
        material  Material 	{
            diffuseColor 1.0 1.0 1.0
            specularColor 0.5019607843137255 0.5019607843137255 0.5019607843137255
            ambientIntensity 0.2
            transparency 0
            shininess 0.5
        }
    }
    geometry IndexedFaceSet {
        ccw TRUE
        solid FALSE
        coord DEF co Coordinate {
            point [
                -0.1663 0.7382 0.3536, -0.1657 0.7382 0.3534, -0.1657 0.7382 0.3461, -0.1304 0.7382 0.3782, -0.1269 0.7382 0.3778, -0.147 0.7382 0.3778, -1.1811 0.7382 0.374, -1.1816 0.7382 0.3778, -0.2659 0.7382 0.3778, 1.378 0.7382 0.6496, 1.378 0.7382 0.5863, 1.3386 0.7382 0.689, -0.0684 0.7382 0.5855, -0.0745 0.7382 0.5863, -0.0426 0.7382 0.5863, -0.089 0.7382 0.5053, -0.0839 0.7382 0.5048, -0.1104 0.7382 0.5048, 0.7087 0.7382 -0.2559, 0.7087 0.7382 -0.689, 0.0392 0.7382 -0.689, 0.435 0.7382 0.4758, 0.4338 0.7382 0.4814, 0.9066 0.7382 0.4814, 0.1078 0.7382 0.5226, 0.0925 0.7382 0.5093, 0.0392 0.7382 0.5863, 0.1845 0.7382 0.5945, 0.1722 0.7382 0.5863, 0.1591 0.7382 0.5775, 0.1405 0.7382 0.556, 0.1284 0.7382 0.5325, 0.1246 0.7382 0.5312, 0.2131 0.7382 0.6046, 0.0392 0.7382 0.689, 0.2365 0.7382 0.6071, 0.2648 0.7382 0.6036, 0.9066 0.7382 0.689, 0.291 0.7382 0.5934, 0.4085 0.7382 0.5336, 0.403 0.7382 0.5387, 0.9066 0.7382 0.5863, 0.3049 0.7382 0.5849, 0.3026 0.7382 0.5863, 0.3839 0.7382 0.5514, 0.3626 0.7382 0.5588, 0.343 0.7382 0.561, 0.3182 0.7382 0.5734, 0.3365 0.7382 0.5606, 0.3299 0.7382 0.5598, 0.9066 0.7382 0.5048, 0.4304 0.7382 0.4983, 0.4272 0.7382 0.5048, 0.4207 0.7382 0.5184, 0.3658 0.7382 0.3794, 0.376 0.7382 0.3826, 0.9066 0.7382 0.3778, 0.3962 0.7382 0.3933, 0.4113 0.7382 0.4067, 0.4137 0.7382 0.4095, 0.4257 0.7382 0.4279, 0.4331 0.7382 0.4492, 0.4352 0.7382 0.4687, 0.3352 0.7382 0.3461, 0.3405 0.7382 0.3483, 0.3516 0.7382 0.3567, 0.3601 0.7382 0.3672, 0.3651 0.7382 0.3778, 0.0392 0.7382 0.3461, 0.2881 0.7382 0.3461, 0.2979 0.7382 0.3423, 0.3117 0.7382 0.3406, 0.3139 0.7382 0.3407, 0.2583 0.7382 0.3778, 0.2584 0.7382 0.3777, 0.2651 0.7382 0.365, 0.2739 0.7382 0.3551, 0.2852 0.7382 0.3472, 0.269 0.7382 0.4357, 0.1927 0.7382 0.4756, 0.2789 0.7382 0.4448, 0.291 0.7382 0.4512, 0.1076 0.7382 0.4623, 0.1102 0.7382 0.4732, 0.1146 0.7382 0.4814, 0.3979 0.7382 0.4814, 0.181 0.7382 0.3786, 0.1848 0.7382 0.3799, 0.1886 0.7382 0.3824, 0.1906 0.7382 0.3844, 0.1889 0.7382 0.4091, 0.1854 0.7382 0.4116, 0.1751 0.7382 0.4454, 0.1814 0.7382 0.413, 0.0824 0.7382 0.4185, 0.0931 0.7382 0.4038, 0.0392 0.7382 0.3778, 0.0946 0.7382 0.4022, 0.1096 0.7382 0.3901, 0.3946 0.7382 0.4473, 0.3878 0.7382 0.4356, 0.3589 0.7382 0.4298, 0.3776 0.7382 0.4251, 0.3652 0.7382 0.4175, 0.3378 0.7382 0.4486, 0.3495 0.7382 0.4405, 0.3994 0.7382 0.4699, 0.3987 0.7382 0.4612, 0.0744 0.7382 0.4756, 0.072 0.7382 0.4579, 0.0392 0.7382 0.4814, 0.0721 0.7382 0.455, 0.075 0.7382 0.4364, 0.127 0.7382 0.3819, 0.1449 0.7382 0.3782, 0.1785 0.7382 0.3782, 0.195 0.7382 0.3959, 0.1949 0.7382 0.3975, 0.2548 0.7382 0.4033, 0.1939 0.7382 0.4019, 0.1919 0.7382 0.4058, 0.3252 0.7382 0.4534, 0.3117 0.7382 0.4551, 0.3047 0.7382 0.4547, 0.193 0.7382 0.388, 0.1945 0.7382 0.3918, 0.2551 0.7382 0.3917, 0.2548 0.7382 0.3976, 0.1773 0.7382 0.4135, 0.1768 0.7382 0.4135, 0.1751 0.7382 0.4131, 0.1189 0.7382 0.4273, 0.1126 0.7382 0.4361, 0.1087 0.7382 0.4463, 0.1073 0.7382 0.4573, 0.1739 0.7382 0.4129, 0.1483 0.7382 0.4129, 0.1381 0.7382 0.4149, 0.1281 0.7382 0.4195, 0.1197 0.7382 0.4264, 0.1563 0.7382 0.5018, 0.3928 0.7382 0.4963, 0.3977 0.7382 0.4836, 0.1517 0.7382 0.5018, 0.1155 0.7382 0.483, 0.1221 0.7382 0.4904, 0.131 0.7382 0.4966, 0.1409 0.7382 0.5004, 0.3869 0.7382 0.5048, 0.3123 0.7382 0.5183, 0.3164 0.7382 0.5205, 0.1664 0.7382 0.5324, 0.1785 0.7382 0.5484, 0.1839 0.7382 0.5535, 0.2 0.7382 0.5643, 0.218 0.7382 0.5709, 0.3292 0.7382 0.5252, 0.3424 0.7382 0.5268, 0.3483 0.7382 0.5265, 0.1569 0.7382 0.5048, 0.1586 0.7382 0.5136, 0.236 0.7382 0.5729, 0.2387 0.7382 0.5729, 0.3044 0.7382 0.535, 0.2576 0.7382 0.57, 0.2919 0.7382 0.5505, 0.2762 0.7382 0.5623, 0.3623 0.7382 0.5232, 0.375 0.7382 0.5165, 0.3849 0.7382 0.5077, 0.0894 0.7382 0.5048, 0.0392 0.7382 0.5048, 0.0811 0.7382 0.493, 0.0766 0.7382 0.4814, -0.2659 0.7382 0.5274, -0.262 0.7382 0.5274, -0.2659 0.7382 0.5048, -0.2543 0.7382 0.5055, -0.2406 0.7382 0.5048, -0.2429 0.7382 0.5055, -0.2406 0.7382 0.5863, -0.2659 0.7382 0.5661, -0.2659 0.7382 0.5863, -0.2733 0.7382 0.5856, -0.2844 0.7382 0.5856, -0.147 0.7382 0.5416, -0.1254 0.7382 0.5416, -0.147 0.7382 0.5146, -0.1254 0.7382 0.5146, -0.1657 0.7382 0.5863, -0.147 0.7382 0.5863, -0.1563 0.7382 0.5856, -0.147 0.7382 0.5856, -0.1563 0.7382 0.5764, -0.1581 0.7382 0.5146, -0.1657 0.7382 0.5048, -0.1581 0.7382 0.5055, -0.147 0.7382 0.5048, -0.154 0.7382 0.5416, -0.154 0.7382 0.5508, -0.147 0.7382 0.5508, -0.147 0.7382 0.5764, -0.1254 0.7382 0.5764, -0.1254 0.7382 0.5508, -0.115 0.7382 0.5856, -0.1104 0.7382 0.5863, -0.115 0.7382 0.5055, -0.0906 0.7382 0.5861, -0.099 0.7382 0.5837, -0.147 0.7382 0.5055, -0.099 0.7382 0.5729, -0.0976 0.7382 0.5082, -0.0821 0.7382 0.5135, -0.0912 0.7382 0.5152, -0.099 0.7382 0.5187, -0.099 0.7382 0.5088, -0.05 0.7382 0.5417, -0.0981 0.7382 0.5733, -0.09 0.7382 0.5764, -0.0539 0.7382 0.5272, -0.0578 0.7382 0.5218, -0.0593 0.7382 0.5203, -0.0646 0.7382 0.5166, -0.0703 0.7382 0.5144, -0.0783 0.7382 0.5134, -0.0583 0.7382 0.5687, -0.054 0.7382 0.5627, -0.0638 0.7382 0.5732, -0.0701 0.7382 0.5761, -0.0801 0.7382 0.5776, -0.077 0.7382 0.5775, -0.0499 0.7382 0.5447, -0.0513 0.7382 0.5558, -0.0513 0.7382 0.5337, -0.0426 0.7382 0.689, -0.08 0.7382 0.5869, -0.1104 0.7382 0.689, -0.0802 0.7382 0.5869, -0.0885 0.7382 0.5863, -0.0448 0.7382 0.5676, -0.0506 0.7382 0.5752, -0.0525 0.7382 0.577, -0.06 0.7382 0.5822, -0.0378 0.7382 0.5863, -0.041 0.7382 0.5587, -0.0426 0.7382 0.5625, -0.0426 0.7382 0.5259, -0.0407 0.7382 0.5309, -0.0378 0.7382 0.5048, -0.0391 0.7382 0.544, -0.0392 0.7382 0.5482, -0.0558 0.7382 0.5097, -0.0493 0.7382 0.5151, -0.0426 0.7382 0.5048, -0.044 0.7382 0.5225, -0.0768 0.7382 0.5042, -0.072 0.7382 0.5044, -0.0426 0.7382 0.4814, -0.0698 0.7382 0.5048, -0.0633 0.7382 0.5062, -1.1811 0.7382 0.1378, -1.1811 0.7382 0.3461, -0.2659 0.7382 0.3461, -1.3766 0.7382 -0.3448, -1.378 0.7382 -0.3346, -1.3386 0.7382 -0.374, -1.3488 0.7382 0.0971, -1.3386 0.7382 0.0984, -0.9449 0.7382 -0.2559, -1.2205 0.7382 0.0984, -1.2117 0.7382 0.0994, -1.2034 0.7382 0.1023, -1.1959 0.7382 0.107, -0.7087 0.7382 -0.2559, -1.3727 0.7382 0.0787, -1.3766 0.7382 0.0692, -1.378 0.7382 0.0591, -1.1897 0.7382 0.1132, -1.185 0.7382 0.1207, -1.1821 0.7382 0.129, -0.9449 0.7382 -0.374, -1.3583 0.7382 -0.3687, -1.3664 0.7382 -0.3625, -1.3727 0.7382 -0.3543, -1.3664 0.7382 0.0869, -1.3583 0.7382 0.0932, -1.3488 0.7382 -0.3727, 1.3386 0.7382 -0.374, 0.9449 0.7382 -0.374, 0.9449 0.7382 -0.2559, 1.1811 0.7382 0.1378, 1.1824 0.7382 0.1276, 0.9066 0.7382 -0.2559, 1.3766 0.7382 -0.3448, 1.3727 0.7382 -0.3543, 1.3664 0.7382 -0.3625, 1.3488 0.7382 -0.3727, 1.378 0.7382 -0.3346, 1.378 0.7382 0.0591, 1.3766 0.7382 0.0692, 1.1811 0.7382 0.3461, 0.9066 0.7382 0.3461, 0.3274 0.7382 0.3428, 1.1864 0.7382 0.1181, 1.1926 0.7382 0.11, 1.2008 0.7382 0.1037, 1.2103 0.7382 0.0998, 1.3488 0.7382 0.0971, 1.3583 0.7382 0.0932, 1.3583 0.7382 -0.3687, 1.2205 0.7382 0.0984, 1.3386 0.7382 0.0984, 1.3664 0.7382 0.0869, 1.3727 0.7382 0.0787, 1.1811 0.7382 0.374, 1.1926 0.7382 0.4019, 1.1864 0.7382 0.3937, 1.1824 0.7382 0.3842, 1.1816 0.7382 0.3778, 1.2205 0.7382 0.4134, 1.2103 0.7382 0.412, 1.2008 0.7382 0.4081, 1.3766 0.7382 0.4426, 1.3727 0.7382 0.4331, 1.3664 0.7382 0.4249, 1.378 0.7382 0.4528, 1.3583 0.7382 0.4187, 1.3488 0.7382 0.4147, 1.3664 0.7382 0.6774, 1.3583 0.7382 0.6837, 1.3488 0.7382 0.6876, 1.3727 0.7382 0.6693, 1.3766 0.7382 0.6598, -1.3386 0.7382 0.689, -1.378 0.7382 0.5863, -1.378 0.7382 0.6496, -0.2953 0.7382 0.5274, -0.3035 0.7382 0.5055, -0.3149 0.7382 0.5055, -1.378 0.7382 0.5048, -1.3727 0.7382 0.6693, -1.3664 0.7382 0.6774, -1.3583 0.7382 0.6837, -1.3766 0.7382 0.6598, -1.3488 0.7382 0.6876, -0.3545 0.7382 0.3785, -0.3431 0.7382 0.3785, -0.4037 0.7382 0.3785, -0.3956 0.7382 0.4004, -0.3622 0.7382 0.4004, -1.378 0.7382 0.4814, -0.2659 0.7382 0.4814, -0.3847 0.7382 0.4586, -0.3736 0.7382 0.4586, -1.1864 0.7382 0.3937, -1.1926 0.7382 0.4019, -0.4152 0.7382 0.3785, -1.1824 0.7382 0.3842, -0.3326 0.7382 0.3968, -0.3266 0.7382 0.3897, -0.3183 0.7382 0.3838, -0.2735 0.7382 0.4586, -0.2735 0.7382 0.3785, -0.2955 0.7382 0.3785, -0.3092 0.7382 0.3802, -0.3266 0.7382 0.448, -0.3294 0.7382 0.4453, -0.3343 0.7382 0.4383, -0.3373 0.7382 0.4307, -0.2963 0.7382 0.4586, -0.3086 0.7382 0.4572, -0.3182 0.7382 0.4537, -0.3387 0.7382 0.4196, -0.3384 0.7382 0.4145, -0.3365 0.7382 0.4051, -1.2008 0.7382 0.4081, -1.2103 0.7382 0.412, -1.2205 0.7382 0.4134, -1.378 0.7382 0.4528, -1.3386 0.7382 0.4134, -1.3766 0.7382 0.4426, -1.3583 0.7382 0.4187, -1.3664 0.7382 0.4249, -1.3727 0.7382 0.4331, -1.3488 0.7382 0.4147, -0.2362 0.7382 0.5321, -0.2323 0.7382 0.5238, -0.2099 0.7382 0.5863, -0.2099 0.7382 0.5836, -0.2179 0.7382 0.5807, -0.2099 0.7382 0.5076, -0.2099 0.7382 0.5048, -0.2181 0.7382 0.5108, -0.2263 0.7382 0.5167, -0.2263 0.7382 0.575, -0.2291 0.7382 0.5723, -0.2341 0.7382 0.5653, -0.2371 0.7382 0.5577, -0.2384 0.7382 0.5466, -0.2382 0.7382 0.5415, -0.1961 0.7382 0.5856, -0.2083 0.7382 0.5842, -0.209 0.7382 0.5072, -0.1952 0.7382 0.5055, -0.1732 0.7382 0.5055, -0.1732 0.7382 0.5856, -0.0734 0.7382 0.3791, -0.0697 0.7382 0.3778, -0.0821 0.7382 0.3785, -0.0503 0.7382 0.4057, -0.0518 0.7382 0.4219, -0.0483 0.7382 0.4029, -0.0469 0.7382 0.3993, -0.0771 0.7382 0.3815, -0.0582 0.7382 0.3779, -0.0544 0.7382 0.3793, -0.0426 0.7382 0.3778, -0.048 0.7382 0.3858, -0.0467 0.7382 0.3892, -0.0613 0.7382 0.4357, -0.0538 0.7382 0.4328, -0.0518 0.7382 0.4317, -0.074 0.7382 0.4285, -0.0706 0.7382 0.4288, -0.0652 0.7382 0.4125, -0.0533 0.7382 0.4084, -0.0576 0.7382 0.4106, -0.0588 0.7382 0.4263, -0.065 0.7382 0.4283, -0.0511 0.7382 0.3816, -0.0501 0.7382 0.3827, -0.0821 0.7382 0.3873, -0.0819 0.7382 0.3873, -0.0802 0.7382 0.3849, -0.1103 0.7382 0.4095, -0.1058 0.7382 0.3909, -0.1104 0.7382 0.4094, -0.1094 0.7382 0.3886, -0.1104 0.7382 0.3882, -0.0462 0.7382 0.3938, -0.0462 0.7382 0.395, -0.0821 0.7382 0.4148, -0.0818 0.7382 0.4192, -0.0808 0.7382 0.4228, -0.0796 0.7382 0.4249, -0.0877 0.7382 0.4308, -0.0898 0.7382 0.4275, -0.1073 0.7382 0.4268, -0.0914 0.7382 0.423, -0.1062 0.7382 0.4236, -0.0715 0.7382 0.437, -0.0774 0.7382 0.4365, -0.0817 0.7382 0.4352, -0.0781 0.7382 0.4265, -0.0763 0.7382 0.4277, -0.1104 0.7382 0.4814, -0.1091 0.7382 0.4295, -0.085 0.7382 0.4333, -0.1087 0.7382 0.4112, -0.1075 0.7382 0.413, -0.0922 0.7382 0.4153, -0.1063 0.7382 0.416, -0.1058 0.7382 0.4203, -0.0693 0.7382 0.3777, -0.1104 0.7382 0.3461, -0.0426 0.7382 0.3461, -0.064 0.7382 0.3771, -0.0586 0.7382 0.3778, -0.0644 0.7382 0.3771, -0.1058 0.7382 0.3805, -0.0922 0.7382 0.3785, -0.1104 0.7382 0.3789, -0.1104 0.7382 0.3778, -0.1128 0.7382 0.378, -0.1148 0.7382 0.3778, -0.1213 0.7382 0.3771, -0.1416 0.7382 0.4345, -0.1416 0.7382 0.4247, -0.141 0.7382 0.4035, -0.1427 0.7382 0.4011, -0.1428 0.7382 0.3871, -0.141 0.7382 0.3845, -0.1104 0.7382 0.4308, -0.1122 0.7382 0.4324, -0.1147 0.7382 0.4339, -0.12 0.7382 0.436, -0.1281 0.7382 0.437, -0.147 0.7382 0.4814, -0.1351 0.7382 0.4364, -0.1379 0.7382 0.3817, -0.1357 0.7382 0.3803, -0.1439 0.7382 0.3982, -0.1444 0.7382 0.3941, -0.144 0.7382 0.3903, -0.1271 0.7382 0.4288, -0.1241 0.7382 0.4286, -0.1162 0.7382 0.4212, -0.1215 0.7382 0.4279, -0.1192 0.7382 0.4267, -0.1162 0.7382 0.4198, -0.1166 0.7382 0.4183, -0.1174 0.7382 0.4169, -0.1183 0.7382 0.4158, -0.1219 0.7382 0.4136, -0.1341 0.7382 0.428, -0.1281 0.7382 0.4109, -0.1398 0.7382 0.4258, -0.132 0.7382 0.4093, -0.1386 0.7382 0.4056, -0.1177 0.7382 0.4254, -0.1168 0.7382 0.4241, -0.1163 0.7382 0.4228, -0.1156 0.7382 0.3861, -0.121 0.7382 0.4036, -0.115 0.7382 0.4064, -0.1223 0.7382 0.3853, -0.1227 0.7382 0.3853, -0.1276 0.7382 0.4009, -0.1278 0.7382 0.3859, -0.1341 0.7382 0.3931, -0.134 0.7382 0.3943, -0.1304 0.7382 0.3869, -0.1313 0.7382 0.3874, -0.1325 0.7382 0.3884, -0.1334 0.7382 0.3897, -0.1339 0.7382 0.3912, -0.1335 0.7382 0.3959, -0.1328 0.7382 0.3972, -0.1315 0.7382 0.3985, -0.1941 0.7382 0.4357, -0.2045 0.7382 0.4357, -0.2099 0.7382 0.4814, -0.1758 0.7382 0.3927, -0.177 0.7382 0.388, -0.1773 0.7382 0.388, -0.1657 0.7382 0.4814, -0.1657 0.7382 0.4218, -0.1785 0.7382 0.3926, -0.1777 0.7382 0.39, -0.1657 0.7382 0.3778, -0.1657 0.7382 0.3948, -0.1496 0.7382 0.4357, -0.1608 0.7382 0.4357, -0.172 0.7382 0.3786, -0.1717 0.7382 0.3778, -0.1676 0.7382 0.3682, -0.147 0.7382 0.3461, -0.1517 0.7382 0.3524, -0.1517 0.7382 0.3613, -0.1537 0.7382 0.3606, -0.1574 0.7382 0.3602, -0.1593 0.7382 0.3603, -0.1615 0.7382 0.361, -0.1634 0.7382 0.3622, -0.1624 0.7382 0.3521, -0.1581 0.7382 0.3516, -0.1559 0.7382 0.3516, -0.1654 0.7382 0.3643, -0.1657 0.7382 0.3647, -0.1785 0.7382 0.3699, -0.1784 0.7382 0.3694, -0.2099 0.7382 0.3461, -0.1817 0.7382 0.3778, -0.1736 0.7382 0.3604, -0.1699 0.7382 0.3562, -0.1698 0.7382 0.3561, -0.2406 0.7382 0.4146, -0.2256 0.7382 0.4146, -0.2406 0.7382 0.3876, -0.2256 0.7382 0.3876, -0.2565 0.7382 0.4586, -0.2565 0.7382 0.4494, -0.2584 0.7382 0.3876, -0.2584 0.7382 0.3785, -0.2406 0.7382 0.3778, -0.2543 0.7382 0.4146, -0.2543 0.7382 0.4237, -0.2406 0.7382 0.4237, -0.2406 0.7382 0.4494, -0.2256 0.7382 0.4494, -0.2256 0.7382 0.4237, -0.2406 0.7382 0.3785, -0.2153 0.7382 0.3785, -0.2099 0.7382 0.3778, -0.2153 0.7382 0.4586, -0.2406 0.7382 0.4586, -0.2406 0.7382 0.4814, -0.2659 0.7382 0.689, -0.2406 0.7382 0.689, -0.2099 0.7382 0.689, -0.1657 0.7382 0.689, -0.147 0.7382 0.689, -0.0378 0.7382 0.689, -0.0039 0.7382 0.5856, -0.0039 0.7382 0.5146, -0.0358 0.7382 0.5146, -0.0358 0.7382 0.5055, 0.0064 0.7382 0.5856, 0.0064 0.7382 0.5055, -0.0378 0.7382 0.4814, 1.3386 0.7382 0.4134, 1.378 0.7382 0.4814, 1.378 0.7382 0.5048, -0.0378 0.7382 0.3778, -0.0348 0.7382 0.4586, -0.0348 0.7382 0.4494, -0.0366 0.7382 0.3876, -0.0366 0.7382 0.3785, 0.0064 0.7382 0.3785, 0.0064 0.7382 0.4586, -0.0039 0.7382 0.4146, -0.0039 0.7382 0.3876, -0.0325 0.7382 0.4146, -0.0325 0.7382 0.4237, -0.0039 0.7382 0.4237, -0.0039 0.7382 0.4494, -0.2406 0.7382 0.3461, -0.0378 0.7382 0.3461, -0.0378 0.7382 -0.689, -0.0426 0.7382 -0.689, -0.1104 0.7382 -0.689, -0.147 0.7382 -0.689, -0.1657 0.7382 -0.689, -0.2099 0.7382 -0.689, -0.2406 0.7382 -0.689, -0.2659 0.7382 -0.689, -0.7087 0.7382 -0.689, 0.9449 0.3839 -0.374, 0.9449 0.3839 -0.2559, -0.9449 0.3839 -0.374, -0.9449 0.3839 -0.2559, -0.7087 0.3839 -0.689, -0.7087 0.3839 -0.2559, 0.7087 0.3839 -0.689, 0.7087 0.3839 -0.2559, -0.9449 0.3839 -0.689, 0.9449 0.3839 -0.689, 0.555 0.1083 -0.689, 0.5668 0.1368 -0.689, 0.5709 0.1673 -0.689, 0.5668 0.1979 -0.689, 0.9449 -0.1673 -0.689, 0.5363 0.0838 -0.689, 0.5118 0.065 -0.689, 0.555 0.2264 -0.689, 0.5363 0.2508 -0.689, 0.5118 0.2696 -0.689, 0.4833 0.2814 -0.689, 0.3937 0.065 -0.689, 0.4222 0.0532 -0.689, -0.9449 -0.1673 -0.689, 0.4528 0.0492 -0.689, 0.4833 0.0532 -0.689, 0.3505 0.1083 -0.689, 0.3692 0.0838 -0.689, -0.3505 0.1083 -0.689, -0.3692 0.0838 -0.689, -0.555 0.2264 -0.689, -0.5363 0.2508 -0.689, -0.5118 0.2696 -0.689, -0.5668 0.1979 -0.689, -0.5709 0.1673 -0.689, -0.5668 0.1368 -0.689, -0.555 0.1083 -0.689, -0.5363 0.0838 -0.689, -0.5118 0.065 -0.689, -0.4833 0.0532 -0.689, -0.4528 0.0492 -0.689, -0.4222 0.0532 -0.689, -0.3937 0.065 -0.689, -0.3505 0.2264 -0.689, -0.3692 0.2508 -0.689, 0.3937 0.2696 -0.689, -0.3937 0.2696 -0.689, -0.4222 0.2814 -0.689, -0.4528 0.2854 -0.689, -0.4833 0.2814 -0.689, 0.3692 0.2508 -0.689, 0.3505 0.2264 -0.689, 0.3387 0.1979 -0.689, 0.4222 0.2814 -0.689, 0.4528 0.2854 -0.689, 0.3387 0.1368 -0.689, -0.3387 0.1368 -0.689, 0.3346 0.1673 -0.689, -0.3346 0.1673 -0.689, -0.3387 0.1979 -0.689, 1.1811 -0.1673 0.374, 1.1824 -0.1673 0.3842, 1.0039 -0.1673 0.374, -1.3386 -0.1673 0.689, 0.5892 -0.1673 0.2661, 0.5906 -0.1673 0.2559, 0.9449 -0.1673 -0.374, 0.5906 -0.1673 -0.2559, -1.1811 -0.1673 0.374, -1.0039 -0.1673 0.374, -1.1824 -0.1673 0.3842, -1.1864 -0.1673 0.3937, 0.5892 -0.1673 -0.2661, 0.5853 -0.1673 -0.2756, 0.579 -0.1673 -0.2837, 0.5709 -0.1673 -0.29, -1.2205 -0.1673 0.4134, -1.2103 -0.1673 0.412, -1.2008 -0.1673 0.4081, -1.1926 -0.1673 0.4019, -0.5906 -0.1673 0.2559, -0.5892 -0.1673 0.2661, 1.1864 -0.1673 0.3937, 1.1926 -0.1673 0.4019, 1.3386 -0.1673 0.689, 1.2008 -0.1673 0.4081, 1.3473 -0.1673 0.688, 1.378 -0.1673 0.4528, 1.378 -0.1673 0.6496, 1.2205 -0.1673 0.4134, 1.2103 -0.1673 0.412, -0.5892 -0.1673 -0.2661, -0.5906 -0.1673 -0.2559, -0.9449 -0.1673 -0.374, -1.0039 -0.1673 -0.374, -0.5853 -0.1673 0.2756, -0.579 -0.1673 0.2837, -0.5709 -0.1673 0.29, 0.5853 -0.1673 0.2756, 1.0039 -0.1673 -0.374, 0.5614 -0.1673 -0.2939, 0.5512 -0.1673 -0.2953, -0.5512 -0.1673 -0.2953, -0.5614 -0.1673 -0.2939, -0.5709 -0.1673 -0.29, -0.579 -0.1673 -0.2837, -0.5853 -0.1673 -0.2756, 1.3741 -0.1673 0.6667, 1.3694 -0.1673 0.6742, 0.5614 -0.1673 0.2939, 0.5709 -0.1673 0.29, 0.579 -0.1673 0.2837, -1.3766 -0.1673 0.6598, -1.378 -0.1673 0.6496, 1.377 -0.1673 0.6584, 1.3631 -0.1673 0.6804, 1.3557 -0.1673 0.6851, -1.3583 -0.1673 0.6837, -1.3664 -0.1673 0.6774, -1.3727 -0.1673 0.6693, -0.5614 -0.1673 0.2939, -0.5512 -0.1673 0.2953, 0.5512 -0.1673 0.2953, -1.378 -0.1673 0.4528, -1.3386 -0.1673 0.4134, -1.3766 -0.1673 0.4426, -1.3727 -0.1673 0.4331, 1.3741 -0.1673 0.4357, 1.3473 -0.1673 0.4144, 1.3694 -0.1673 0.4282, 1.3557 -0.1673 0.4173, 1.3631 -0.1673 0.422, -1.3488 -0.1673 0.6876, -1.3664 -0.1673 0.4249, -1.3583 -0.1673 0.4187, -1.3488 -0.1673 0.4147, 1.3386 -0.1673 0.4134, 1.377 -0.1673 0.444, -1.3386 -0.2264 -0.374, -1.0039 -0.2264 -0.374, -1.1811 -0.1673 0.1378, 1.1811 -0.1673 0.1378, 1.3386 -0.2264 -0.374, 1.0039 -0.2264 -0.374, 1.3583 -0.1673 0.374, 1.3583 -0.1673 0.0932, 1.3488 -0.1673 0.0971, 1.3386 -0.1673 0.0984, 1.2205 -0.1673 0.0984, 1.2103 -0.1673 0.0998, 1.1864 -0.1673 0.1181, 1.1824 -0.1673 0.1276, 1.1926 -0.1673 0.11, 1.2008 -0.1673 0.1037, 1.0039 -0.2264 0.374, 1.3583 -0.2264 0.374, 1.3583 -0.2264 -0.3687, 1.3583 -0.1673 -0.3687, -1.3488 -0.1673 0.0971, -1.3583 -0.1673 0.0932, -1.3583 -0.1673 0.374, -1.3386 -0.1673 0.0984, -1.185 -0.1673 0.1207, -1.1897 -0.1673 0.1132, -1.2205 -0.1673 0.0984, -1.1821 -0.1673 0.129, -1.1959 -0.1673 0.107, -1.2034 -0.1673 0.1023, -1.2117 -0.1673 0.0994, -1.3583 -0.1673 -0.3687, -1.3583 -0.2264 -0.3687, -1.3583 -0.2264 0.374, -1.0039 -0.2264 0.374, -1.3727 -0.2264 -0.374, -1.3766 -0.2264 -0.3645, -1.378 -0.2264 -0.3543, -1.378 -0.2264 0.3543, -1.3766 -0.2264 0.3645, -0.9895 -0.2264 0.374, -0.9856 -0.2264 0.3645, -0.9843 -0.2264 0.3543, -0.9843 -0.2264 -0.3543, -1.0134 -0.2264 0.3924, -1.0039 -0.2264 0.3884, -0.9958 -0.2264 0.3822, -1.3727 -0.2264 0.374, -1.3664 -0.2264 0.3822, -1.3583 -0.2264 0.3884, -1.3488 -0.2264 -0.3727, -1.3583 -0.2264 -0.3884, -1.3664 -0.2264 -0.3822, -1.0236 -0.2264 -0.3937, -1.3386 -0.2264 -0.3937, -1.3488 -0.2264 -0.3924, -0.9856 -0.2264 -0.3645, -0.9895 -0.2264 -0.374, -0.9958 -0.2264 -0.3822, -1.3488 -0.2264 0.3924, -1.3386 -0.2264 0.3937, -1.0236 -0.2264 0.3937, -1.0039 -0.2264 -0.3884, -1.0134 -0.2264 -0.3924, -0.9843 -0.3051 -0.3543, -0.9843 -0.3051 0.3543, -1.0236 -0.3051 0.3937, -1.3386 -0.3051 0.3937, -1.378 -0.3051 -0.3543, -1.378 -0.3051 0.3543, -1.3386 -0.3051 -0.3937, -1.0236 -0.3051 -0.3937, -1.0236 -0.3445 -0.3543, -1.0236 -0.3445 0.3543, -1.3386 -0.3445 -0.3543, -1.3386 -0.3445 0.3543, 1.378 -0.3051 0.3543, 1.378 -0.3051 -0.3543, 1.378 -0.2264 0.3543, 1.378 -0.2264 -0.3543, 1.3386 -0.2264 0.3937, 1.0236 -0.2264 0.3937, 1.3386 -0.3051 0.3937, 1.0236 -0.3051 0.3937, 0.9843 -0.2264 0.3543, 0.9843 -0.2264 -0.3543, 0.9843 -0.3051 0.3543, 0.9843 -0.3051 -0.3543, 1.0236 -0.2264 -0.3937, 1.3386 -0.2264 -0.3937, 1.0236 -0.3051 -0.3937, 1.3386 -0.3051 -0.3937, 1.3386 -0.3445 -0.3543, 1.3386 -0.3445 0.3543, 1.0236 -0.3445 -0.3543, 1.0236 -0.3445 0.3543, 1.3766 -0.2264 -0.3645, 1.3727 -0.2264 -0.374, 0.9856 -0.2264 0.3645, 0.9895 -0.2264 0.374, 0.9958 -0.2264 0.3822, 1.0039 -0.2264 0.3884, 1.3488 -0.2264 0.3924, 1.3583 -0.2264 0.3884, 1.3664 -0.2264 0.3822, 1.3727 -0.2264 0.374, 1.0134 -0.2264 0.3924, 0.9895 -0.2264 -0.374, 0.9856 -0.2264 -0.3645, 1.3766 -0.2264 0.3645, 1.3664 -0.2264 -0.3822, 1.3583 -0.2264 -0.3884, 1.3488 -0.2264 -0.3727, 1.3488 -0.2264 -0.3924, 1.0134 -0.2264 -0.3924, 1.0039 -0.2264 -0.3884, 0.9958 -0.2264 -0.3822, -0.4222 0.0532 -0.8858, -0.3937 0.065 -0.8858, -0.3692 0.0838 -0.8858, -0.3505 0.1083 -0.8858, -0.3387 0.1368 -0.8858, -0.3346 0.1673 -0.8858, -0.3387 0.1979 -0.8858, -0.3505 0.2264 -0.8858, -0.3692 0.2508 -0.8858, -0.3937 0.2696 -0.8858, -0.4222 0.2814 -0.8858, -0.4528 0.2854 -0.8858, -0.4833 0.2814 -0.8858, -0.5118 0.2696 -0.8858, -0.5363 0.2508 -0.8858, -0.555 0.2264 -0.8858, -0.5668 0.1979 -0.8858, -0.5709 0.1673 -0.8858, -0.5668 0.1368 -0.8858, -0.555 0.1083 -0.8858, -0.5363 0.0838 -0.8858, -0.5118 0.065 -0.8858, -0.4833 0.0532 -0.8858, -0.4528 0.0492 -0.8858, 0.4833 0.0532 -0.8858, 0.5118 0.065 -0.8858, 0.5363 0.0838 -0.8858, 0.555 0.1083 -0.8858, 0.5668 0.1368 -0.8858, 0.5709 0.1673 -0.8858, 0.5668 0.1979 -0.8858, 0.555 0.2264 -0.8858, 0.5363 0.2508 -0.8858, 0.5118 0.2696 -0.8858, 0.4833 0.2814 -0.8858, 0.4528 0.2854 -0.8858, 0.4222 0.2814 -0.8858, 0.3937 0.2696 -0.8858, 0.3692 0.2508 -0.8858, 0.3505 0.2264 -0.8858, 0.3387 0.1979 -0.8858, 0.3346 0.1673 -0.8858, 0.3387 0.1368 -0.8858, 0.3505 0.1083 -0.8858, 0.3692 0.0838 -0.8858, 0.3937 0.065 -0.8858, 0.4222 0.0532 -0.8858, 0.4528 0.0492 -0.8858, 0.468 0.1408 -0.9999, 0.4607 0.1378 -0.9999, 0.4528 0.1673 -1.0039, 0.4744 0.1457 -0.9999, 0.4792 0.152 -0.9999, 0.4823 0.1594 -0.9999, 0.4833 0.1673 -0.9999, 0.4823 0.1752 -0.9999, 0.4792 0.1826 -0.9999, 0.4744 0.1889 -0.9999, 0.468 0.1938 -0.9999, 0.4607 0.1969 -0.9999, 0.4528 0.1979 -0.9999, 0.4448 0.1969 -0.9999, 0.4375 0.1938 -0.9999, 0.4311 0.1889 -0.9999, 0.4263 0.1826 -0.9999, 0.4232 0.1752 -0.9999, 0.4222 0.1673 -0.9999, 0.4232 0.1594 -0.9999, 0.4263 0.152 -0.9999, 0.4311 0.1457 -0.9999, 0.4375 0.1408 -0.9999, 0.4448 0.1378 -0.9999, 0.4528 0.1368 -0.9999, 0.4823 0.0571 -0.9164, 0.5098 0.0685 -0.9164, 0.5334 0.0867 -0.9164, 0.5516 0.1103 -0.9164, 0.563 0.1378 -0.9164, 0.5668 0.1673 -0.9164, 0.563 0.1969 -0.9164, 0.5516 0.2244 -0.9164, 0.5334 0.248 -0.9164, 0.5098 0.2661 -0.9164, 0.4823 0.2775 -0.9164, 0.4528 0.2814 -0.9164, 0.4232 0.2775 -0.9164, 0.3957 0.2661 -0.9164, 0.3721 0.248 -0.9164, 0.354 0.2244 -0.9164, 0.3426 0.1969 -0.9164, 0.3387 0.1673 -0.9164, 0.3426 0.1378 -0.9164, 0.354 0.1103 -0.9164, 0.3721 0.0867 -0.9164, 0.3957 0.0685 -0.9164, 0.4232 0.0571 -0.9164, 0.4528 0.0532 -0.9164, 0.4792 0.0685 -0.9449, 0.5039 0.0787 -0.9449, 0.5251 0.095 -0.9449, 0.5413 0.1162 -0.9449, 0.5516 0.1408 -0.9449, 0.555 0.1673 -0.9449, 0.5516 0.1938 -0.9449, 0.5413 0.2185 -0.9449, 0.5251 0.2397 -0.9449, 0.5039 0.2559 -0.9449, 0.4792 0.2661 -0.9449, 0.4528 0.2696 -0.9449, 0.4263 0.2661 -0.9449, 0.4016 0.2559 -0.9449, 0.3804 0.2397 -0.9449, 0.3642 0.2185 -0.9449, 0.354 0.1938 -0.9449, 0.3505 0.1673 -0.9449, 0.354 0.1408 -0.9449, 0.3642 0.1162 -0.9449, 0.3804 0.095 -0.9449, 0.4016 0.0787 -0.9449, 0.4263 0.0685 -0.9449, 0.4528 0.065 -0.9449, 0.4744 0.0867 -0.9693, 0.4945 0.095 -0.9693, 0.5118 0.1083 -0.9693, 0.5251 0.1256 -0.9693, 0.5334 0.1457 -0.9693, 0.5363 0.1673 -0.9693, 0.5334 0.1889 -0.9693, 0.5251 0.2091 -0.9693, 0.5118 0.2264 -0.9693, 0.4945 0.2397 -0.9693, 0.4744 0.248 -0.9693, 0.4528 0.2508 -0.9693, 0.4311 0.248 -0.9693, 0.411 0.2397 -0.9693, 0.3937 0.2264 -0.9693, 0.3804 0.2091 -0.9693, 0.3721 0.1889 -0.9693, 0.3692 0.1673 -0.9693, 0.3721 0.1457 -0.9693, 0.3804 0.1256 -0.9693, 0.3937 0.1083 -0.9693, 0.411 0.095 -0.9693, 0.4311 0.0867 -0.9693, 0.4528 0.0838 -0.9693, 0.468 0.1103 -0.9881, 0.4823 0.1162 -0.9881, 0.4945 0.1256 -0.9881, 0.5039 0.1378 -0.9881, 0.5098 0.152 -0.9881, 0.5118 0.1673 -0.9881, 0.5098 0.1826 -0.9881, 0.5039 0.1969 -0.9881, 0.4945 0.2091 -0.9881, 0.4823 0.2185 -0.9881, 0.468 0.2244 -0.9881, 0.4528 0.2264 -0.9881, 0.4375 0.2244 -0.9881, 0.4232 0.2185 -0.9881, 0.411 0.2091 -0.9881, 0.4016 0.1969 -0.9881, 0.3957 0.1826 -0.9881, 0.3937 0.1673 -0.9881, 0.3957 0.152 -0.9881, 0.4016 0.1378 -0.9881, 0.411 0.1256 -0.9881, 0.4232 0.1162 -0.9881, 0.4375 0.1103 -0.9881, 0.4528 0.1083 -0.9881, -0.4528 0.1673 -1.0039, -0.4448 0.1969 -0.9999, -0.4375 0.1938 -0.9999, -0.4528 0.1979 -0.9999, -0.4263 0.1826 -0.9999, -0.4232 0.1752 -0.9999, -0.4311 0.1889 -0.9999, -0.4232 0.1594 -0.9999, -0.4263 0.152 -0.9999, -0.4222 0.1673 -0.9999, -0.4375 0.1408 -0.9999, -0.4448 0.1378 -0.9999, -0.4311 0.1457 -0.9999, -0.4607 0.1378 -0.9999, -0.468 0.1408 -0.9999, -0.4528 0.1368 -0.9999, -0.4792 0.152 -0.9999, -0.4823 0.1594 -0.9999, -0.4744 0.1457 -0.9999, -0.4823 0.1752 -0.9999, -0.4792 0.1826 -0.9999, -0.4833 0.1673 -0.9999, -0.468 0.1938 -0.9999, -0.4607 0.1969 -0.9999, -0.4744 0.1889 -0.9999, -0.4375 0.2244 -0.9881, -0.4232 0.2185 -0.9881, -0.411 0.2091 -0.9881, -0.4016 0.1969 -0.9881, -0.3957 0.1826 -0.9881, -0.3937 0.1673 -0.9881, -0.3957 0.152 -0.9881, -0.4016 0.1378 -0.9881, -0.411 0.1256 -0.9881, -0.4232 0.1162 -0.9881, -0.4375 0.1103 -0.9881, -0.4528 0.1083 -0.9881, -0.468 0.1103 -0.9881, -0.4823 0.1162 -0.9881, -0.4945 0.1256 -0.9881, -0.5039 0.1378 -0.9881, -0.5098 0.152 -0.9881, -0.5118 0.1673 -0.9881, -0.5098 0.1826 -0.9881, -0.5039 0.1969 -0.9881, -0.4945 0.2091 -0.9881, -0.4823 0.2185 -0.9881, -0.468 0.2244 -0.9881, -0.4528 0.2264 -0.9881, -0.4311 0.248 -0.9693, -0.411 0.2397 -0.9693, -0.3937 0.2264 -0.9693, -0.3804 0.2091 -0.9693, -0.3721 0.1889 -0.9693, -0.3692 0.1673 -0.9693, -0.3721 0.1457 -0.9693, -0.3804 0.1256 -0.9693, -0.3937 0.1083 -0.9693, -0.411 0.095 -0.9693, -0.4311 0.0867 -0.9693, -0.4528 0.0838 -0.9693, -0.4744 0.0867 -0.9693, -0.4945 0.095 -0.9693, -0.5118 0.1083 -0.9693, -0.5251 0.1256 -0.9693, -0.5334 0.1457 -0.9693, -0.5363 0.1673 -0.9693, -0.5334 0.1889 -0.9693, -0.5251 0.2091 -0.9693, -0.5118 0.2264 -0.9693, -0.4945 0.2397 -0.9693, -0.4744 0.248 -0.9693, -0.4528 0.2508 -0.9693, -0.4263 0.2661 -0.9449, -0.4016 0.2559 -0.9449, -0.3804 0.2397 -0.9449, -0.3642 0.2185 -0.9449, -0.354 0.1938 -0.9449, -0.3505 0.1673 -0.9449, -0.354 0.1408 -0.9449, -0.3642 0.1162 -0.9449, -0.3804 0.095 -0.9449, -0.4016 0.0787 -0.9449, -0.4263 0.0685 -0.9449, -0.4528 0.065 -0.9449, -0.4792 0.0685 -0.9449, -0.5039 0.0787 -0.9449, -0.5251 0.095 -0.9449, -0.5413 0.1162 -0.9449, -0.5516 0.1408 -0.9449, -0.555 0.1673 -0.9449, -0.5516 0.1938 -0.9449, -0.5413 0.2185 -0.9449, -0.5251 0.2397 -0.9449, -0.5039 0.2559 -0.9449, -0.4792 0.2661 -0.9449, -0.4528 0.2696 -0.9449, -0.4232 0.2775 -0.9164, -0.3957 0.2661 -0.9164, -0.3721 0.248 -0.9164, -0.354 0.2244 -0.9164, -0.3426 0.1969 -0.9164, -0.3387 0.1673 -0.9164, -0.3426 0.1378 -0.9164, -0.354 0.1103 -0.9164, -0.3721 0.0867 -0.9164, -0.3957 0.0685 -0.9164, -0.4232 0.0571 -0.9164, -0.4528 0.0532 -0.9164, -0.4823 0.0571 -0.9164, -0.5098 0.0685 -0.9164, -0.5334 0.0867 -0.9164, -0.5516 0.1103 -0.9164, -0.563 0.1378 -0.9164, -0.5668 0.1673 -0.9164, -0.563 0.1969 -0.9164, -0.5516 0.2244 -0.9164, -0.5334 0.248 -0.9164, -0.5098 0.2661 -0.9164, -0.4823 0.2775 -0.9164, -0.4528 0.2814 -0.9164, -0.4528 0.2814 -0.9164
            ]
        }
        coordIndex [
            0,1,2,-1,3,4,5,-1,6,7,8,-1,9,10,11,-1,12,13,14,-1,15,16,17,-1,18,19,20,-1,21,22,23,-1,24,25,26,-1,27,28,26,-1,26,28,29,-1,26,29,30,-1,30,31,26,-1,26,31,32,-1,26,32,24,-1,33,27,34,-1,33,34,35,-1,35,34,36,-1,36,34,37,-1,36,37,38,-1,39,40,41,-1,42,43,41,-1,40,44,41,-1,41,44,45,-1,41,45,42,-1,42,45,46,-1,42,46,47,-1,47,46,48,-1,47,48,49,-1,23,22,50,-1,22,51,50,-1,50,51,52,-1,50,52,41,-1,41,52,53,-1,41,53,39,-1,54,55,56,-1,55,57,56,-1,56,57,58,-1,56,58,59,-1,59,60,56,-1,56,60,61,-1,56,61,23,-1,23,61,62,-1,23,62,21,-1,63,64,56,-1,56,64,65,-1,65,66,56,-1,56,66,67,-1,56,67,54,-1,18,68,69,-1,69,70,18,-1,18,70,71,-1,18,71,72,-1,73,74,68,-1,68,74,75,-1,75,76,68,-1,68,76,77,-1,68,77,69,-1,78,79,80,-1,80,79,81,-1,82,83,79,-1,79,83,84,-1,79,84,85,-1,86,87,73,-1,73,87,88,-1,73,88,89,-1,90,91,92,-1,92,91,93,-1,94,95,96,-1,96,95,97,-1,96,97,98,-1,99,100,101,-1,101,100,102,-1,101,102,103,-1,104,85,105,-1,105,85,106,-1,105,106,101,-1,101,106,107,-1,101,107,99,-1,108,109,110,-1,110,109,111,-1,110,111,96,-1,96,111,112,-1,96,112,94,-1,98,113,96,-1,96,113,114,-1,96,114,73,-1,73,114,115,-1,73,115,86,-1,116,117,118,-1,118,117,119,-1,118,119,92,-1,92,119,120,-1,92,120,90,-1,104,121,85,-1,85,121,122,-1,85,122,79,-1,79,122,123,-1,79,123,81,-1,89,124,73,-1,73,124,125,-1,73,125,126,-1,126,125,116,-1,126,116,127,-1,127,116,118,-1,93,128,92,-1,92,128,129,-1,92,129,130,-1,131,132,92,-1,92,132,133,-1,92,133,79,-1,79,133,134,-1,79,134,82,-1,130,135,92,-1,92,135,136,-1,92,136,137,-1,137,138,92,-1,92,138,139,-1,92,139,131,-1,140,141,142,-1,142,85,140,-1,140,85,84,-1,140,84,143,-1,143,84,144,-1,144,145,143,-1,143,145,146,-1,143,146,147,-1,148,149,150,-1,151,152,149,-1,152,153,149,-1,149,153,154,-1,149,154,155,-1,150,156,148,-1,148,156,157,-1,148,157,158,-1,141,140,148,-1,148,140,159,-1,148,159,149,-1,149,159,160,-1,149,160,151,-1,155,161,149,-1,149,161,162,-1,149,162,163,-1,163,162,164,-1,163,164,165,-1,165,164,166,-1,167,168,158,-1,158,168,169,-1,158,169,148,-1,25,170,171,-1,171,170,172,-1,171,172,110,-1,110,172,173,-1,110,173,108,-1,174,175,176,-1,176,175,177,-1,176,177,178,-1,178,177,179,-1,178,179,180,-1,180,179,181,-1,180,181,182,-1,182,181,183,-1,182,183,184,-1,185,186,187,-1,187,186,188,-1,189,190,191,-1,191,190,192,-1,191,193,189,-1,189,193,194,-1,189,194,195,-1,195,194,196,-1,195,196,197,-1,185,187,198,-1,198,187,194,-1,198,194,199,-1,199,194,193,-1,199,193,200,-1,193,201,200,-1,200,201,202,-1,200,202,203,-1,192,190,204,-1,204,190,205,-1,204,205,206,-1,207,208,205,-1,196,209,197,-1,197,209,206,-1,197,206,17,-1,17,206,205,-1,17,205,210,-1,210,205,208,-1,15,17,211,-1,212,213,210,-1,210,213,214,-1,210,214,17,-1,17,214,215,-1,17,215,211,-1,216,217,218,-1,219,220,210,-1,210,220,221,-1,210,221,222,-1,222,223,210,-1,210,223,224,-1,210,224,212,-1,225,226,227,-1,227,226,228,-1,218,229,216,-1,216,229,230,-1,216,230,231,-1,231,230,228,-1,231,228,232,-1,232,228,226,-1,217,216,210,-1,210,216,233,-1,210,233,219,-1,234,235,236,-1,236,235,237,-1,236,237,238,-1,14,239,240,-1,240,241,14,-1,14,241,242,-1,14,242,12,-1,243,244,14,-1,14,244,245,-1,14,245,239,-1,246,247,248,-1,248,247,249,-1,248,249,243,-1,243,249,250,-1,243,250,244,-1,251,252,253,-1,253,252,254,-1,255,256,257,-1,257,256,258,-1,257,258,253,-1,253,258,259,-1,253,259,251,-1,260,261,262,-1,263,264,265,-1,266,267,268,-1,268,267,269,-1,268,269,270,-1,270,271,268,-1,268,271,272,-1,268,272,273,-1,274,268,275,-1,275,268,276,-1,272,277,273,-1,273,277,278,-1,273,278,262,-1,262,278,279,-1,262,279,260,-1,276,268,264,-1,264,268,280,-1,264,280,265,-1,281,282,283,-1,274,284,268,-1,268,284,285,-1,268,285,266,-1,263,265,283,-1,283,265,286,-1,283,286,281,-1,287,288,289,-1,290,291,292,-1,293,294,295,-1,296,287,297,-1,297,287,289,-1,297,289,298,-1,298,289,299,-1,300,290,301,-1,301,290,292,-1,301,292,63,-1,63,292,18,-1,63,18,302,-1,302,18,72,-1,291,303,292,-1,292,303,304,-1,292,304,289,-1,289,304,305,-1,289,305,306,-1,289,307,308,-1,293,295,297,-1,297,295,309,-1,297,309,296,-1,306,310,289,-1,289,310,311,-1,289,311,307,-1,308,312,289,-1,289,312,313,-1,289,313,299,-1,63,56,301,-1,301,56,314,-1,301,314,300,-1,315,316,23,-1,23,316,317,-1,23,317,56,-1,56,317,318,-1,56,318,314,-1,319,320,23,-1,23,320,321,-1,23,321,315,-1,322,323,324,-1,322,324,325,-1,325,324,326,-1,325,326,327,-1,11,10,37,-1,328,11,329,-1,329,11,330,-1,328,331,11,-1,11,331,332,-1,11,332,9,-1,333,334,335,-1,336,174,337,-1,337,174,176,-1,337,176,338,-1,338,176,339,-1,338,339,184,-1,184,339,334,-1,184,334,182,-1,182,334,333,-1,340,341,342,-1,335,343,333,-1,333,343,340,-1,333,340,344,-1,344,340,342,-1,345,346,8,-1,347,348,349,-1,350,351,352,-1,352,351,353,-1,354,355,352,-1,349,345,347,-1,347,345,8,-1,347,8,356,-1,356,8,7,-1,356,7,352,-1,352,7,357,-1,352,357,354,-1,358,359,346,-1,346,359,360,-1,361,351,362,-1,362,351,8,-1,362,8,363,-1,363,8,346,-1,363,346,364,-1,364,346,360,-1,365,366,353,-1,353,366,367,-1,353,367,368,-1,361,369,351,-1,351,369,370,-1,351,370,353,-1,353,370,371,-1,353,371,365,-1,368,372,353,-1,353,372,373,-1,353,373,346,-1,346,373,374,-1,346,374,358,-1,355,375,352,-1,352,375,376,-1,352,376,350,-1,350,376,377,-1,350,377,378,-1,378,377,379,-1,378,379,380,-1,381,382,383,-1,380,379,383,-1,383,379,384,-1,383,384,381,-1,385,386,178,-1,387,388,180,-1,180,388,389,-1,390,391,392,-1,392,391,178,-1,392,178,393,-1,393,178,386,-1,389,394,180,-1,180,394,395,-1,180,395,396,-1,396,397,180,-1,180,397,398,-1,180,398,178,-1,178,398,399,-1,178,399,385,-1,189,400,387,-1,387,400,401,-1,387,401,388,-1,390,402,391,-1,391,402,403,-1,391,403,195,-1,195,403,404,-1,195,404,189,-1,189,404,405,-1,189,405,400,-1,406,407,408,-1,409,410,411,-1,411,410,412,-1,406,408,413,-1,414,415,416,-1,416,417,418,-1,419,257,420,-1,420,257,421,-1,422,423,424,-1,409,425,410,-1,410,425,426,-1,410,426,427,-1,427,426,424,-1,427,424,428,-1,428,424,423,-1,415,429,416,-1,416,429,430,-1,416,430,417,-1,431,432,408,-1,408,432,433,-1,408,433,413,-1,434,435,436,-1,436,435,437,-1,436,437,438,-1,418,439,416,-1,416,439,440,-1,416,440,257,-1,257,440,412,-1,257,412,421,-1,421,412,410,-1,441,442,424,-1,424,442,443,-1,424,443,444,-1,445,446,447,-1,447,446,448,-1,447,448,449,-1,419,450,257,-1,257,450,451,-1,257,451,452,-1,444,453,424,-1,424,453,454,-1,424,454,422,-1,16,255,455,-1,455,255,257,-1,455,257,456,-1,456,257,452,-1,456,452,447,-1,447,452,457,-1,447,457,445,-1,458,459,460,-1,460,459,461,-1,460,461,448,-1,448,461,462,-1,448,462,449,-1,407,463,464,-1,465,466,467,-1,464,463,465,-1,465,463,468,-1,465,468,466,-1,434,458,435,-1,435,458,460,-1,435,460,469,-1,469,460,470,-1,469,470,471,-1,471,470,472,-1,471,472,473,-1,473,472,474,-1,475,474,464,-1,464,474,472,-1,464,472,407,-1,407,472,470,-1,407,470,408,-1,476,477,5,-1,478,479,477,-1,480,481,5,-1,456,482,455,-1,455,482,483,-1,455,483,484,-1,484,485,455,-1,455,485,486,-1,455,486,487,-1,487,486,488,-1,487,488,476,-1,481,489,5,-1,5,489,490,-1,5,490,3,-1,479,491,477,-1,477,491,492,-1,477,492,5,-1,5,492,493,-1,5,493,480,-1,494,495,496,-1,496,495,497,-1,496,497,498,-1,496,499,494,-1,494,499,500,-1,494,500,501,-1,501,502,494,-1,494,502,503,-1,494,503,504,-1,504,503,505,-1,504,505,506,-1,506,505,507,-1,506,507,477,-1,477,507,508,-1,477,508,478,-1,509,510,498,-1,498,510,511,-1,498,511,496,-1,512,513,438,-1,438,513,514,-1,438,514,436,-1,512,515,513,-1,513,515,516,-1,513,516,517,-1,517,516,518,-1,517,519,520,-1,518,521,517,-1,517,521,522,-1,517,522,523,-1,523,524,517,-1,517,524,525,-1,517,525,519,-1,520,526,517,-1,517,526,527,-1,517,527,528,-1,529,530,531,-1,532,533,534,-1,531,535,529,-1,529,535,536,-1,529,536,537,-1,537,536,532,-1,537,532,538,-1,538,532,534,-1,539,540,5,-1,5,540,541,-1,476,5,487,-1,487,5,541,-1,487,541,535,-1,535,541,542,-1,535,542,536,-1,543,540,544,-1,544,540,539,-1,544,539,545,-1,546,547,548,-1,475,464,4,-1,4,464,546,-1,4,546,5,-1,5,546,548,-1,5,548,539,-1,539,548,549,-1,539,549,550,-1,550,551,539,-1,539,551,552,-1,539,552,553,-1,1,554,2,-1,2,554,555,-1,2,555,546,-1,546,555,556,-1,546,556,547,-1,553,557,539,-1,539,557,558,-1,539,558,545,-1,559,560,561,-1,559,561,562,-1,560,563,561,-1,561,563,564,-1,561,564,2,-1,2,564,565,-1,2,565,0,-1,566,567,568,-1,568,567,569,-1,570,571,351,-1,351,571,572,-1,351,572,8,-1,8,572,573,-1,8,573,574,-1,566,568,575,-1,575,568,572,-1,575,572,576,-1,576,572,571,-1,576,571,577,-1,571,578,577,-1,577,578,579,-1,577,579,580,-1,573,581,574,-1,574,581,582,-1,574,582,583,-1,583,582,584,-1,570,351,585,-1,585,351,586,-1,585,586,584,-1,584,586,531,-1,584,531,583,-1,583,531,530,-1,583,530,562,-1,333,587,182,-1,182,587,588,-1,182,588,180,-1,180,588,589,-1,180,589,387,-1,387,589,590,-1,387,590,189,-1,189,590,591,-1,189,591,190,-1,190,591,236,-1,190,236,205,-1,205,236,238,-1,205,238,207,-1,27,26,34,-1,34,26,243,-1,34,243,592,-1,592,243,14,-1,592,14,234,-1,234,14,13,-1,234,13,235,-1,593,594,595,-1,596,248,595,-1,595,248,243,-1,595,243,593,-1,593,243,26,-1,593,26,597,-1,25,171,26,-1,26,171,598,-1,26,598,597,-1,16,455,17,-1,17,455,487,-1,17,487,197,-1,197,487,535,-1,197,535,195,-1,195,535,531,-1,195,531,391,-1,391,531,586,-1,391,586,178,-1,178,586,351,-1,178,351,176,-1,176,351,350,-1,176,350,339,-1,596,598,248,-1,248,598,171,-1,248,171,599,-1,599,171,110,-1,327,600,325,-1,325,600,319,-1,325,319,601,-1,601,319,23,-1,601,23,602,-1,602,23,50,-1,602,50,10,-1,10,50,41,-1,10,41,37,-1,37,41,43,-1,37,43,38,-1,254,246,253,-1,253,246,248,-1,253,248,257,-1,257,248,599,-1,257,599,416,-1,416,599,603,-1,604,605,599,-1,599,605,606,-1,599,606,603,-1,603,606,607,-1,603,607,608,-1,604,599,609,-1,609,599,110,-1,609,110,608,-1,608,110,96,-1,608,96,603,-1,610,611,612,-1,612,611,606,-1,612,606,613,-1,613,606,605,-1,613,605,614,-1,614,605,615,-1,562,561,583,-1,583,561,616,-1,583,616,574,-1,574,616,262,-1,574,262,8,-1,8,262,261,-1,8,261,6,-1,73,68,96,-1,96,68,617,-1,96,617,603,-1,603,617,465,-1,603,465,416,-1,416,465,467,-1,416,467,414,-1,18,20,68,-1,68,20,618,-1,68,618,617,-1,617,618,619,-1,617,619,465,-1,465,619,620,-1,465,620,464,-1,464,620,621,-1,464,621,546,-1,546,621,622,-1,546,622,2,-1,2,622,623,-1,2,623,561,-1,561,623,624,-1,561,624,616,-1,616,624,625,-1,616,625,262,-1,262,625,626,-1,262,626,273,-1,288,627,289,-1,289,627,628,-1,629,280,630,-1,630,280,268,-1,626,631,273,-1,273,631,632,-1,633,19,634,-1,634,19,18,-1,630,632,629,-1,629,632,631,-1,629,631,635,-1,636,633,627,-1,627,633,634,-1,627,634,628,-1,637,638,633,-1,633,638,639,-1,633,639,640,-1,633,636,637,-1,637,636,641,-1,637,641,642,-1,642,641,643,-1,640,644,633,-1,633,644,645,-1,633,645,19,-1,19,645,646,-1,19,646,647,-1,648,649,650,-1,650,649,651,-1,650,651,641,-1,641,651,652,-1,641,652,643,-1,653,654,655,-1,655,654,648,-1,655,648,656,-1,657,635,658,-1,658,635,631,-1,658,631,659,-1,657,660,635,-1,635,660,661,-1,635,661,650,-1,650,661,662,-1,650,662,663,-1,663,664,650,-1,650,664,665,-1,650,665,666,-1,666,667,650,-1,650,667,668,-1,650,668,648,-1,648,668,669,-1,648,669,656,-1,670,671,672,-1,673,674,626,-1,626,674,675,-1,626,675,631,-1,631,675,676,-1,631,676,659,-1,672,677,670,-1,670,677,678,-1,670,678,679,-1,671,673,672,-1,672,673,626,-1,672,626,680,-1,680,626,19,-1,680,19,681,-1,681,19,647,-1,653,655,682,-1,682,655,683,-1,682,683,684,-1,684,683,685,-1,684,685,679,-1,679,685,686,-1,679,686,670,-1,687,688,689,-1,689,688,690,-1,691,692,693,-1,693,692,694,-1,695,696,697,-1,697,696,689,-1,697,689,698,-1,694,699,693,-1,693,699,700,-1,693,700,641,-1,641,700,701,-1,641,701,702,-1,703,704,690,-1,690,704,705,-1,690,705,689,-1,689,705,706,-1,689,706,698,-1,707,708,696,-1,688,709,690,-1,690,709,710,-1,690,710,711,-1,711,710,712,-1,711,712,713,-1,714,715,716,-1,716,715,717,-1,718,719,720,-1,720,719,707,-1,720,707,721,-1,721,707,696,-1,708,722,696,-1,696,722,723,-1,696,723,724,-1,691,693,725,-1,725,693,726,-1,725,726,689,-1,702,727,641,-1,641,727,728,-1,641,728,650,-1,650,728,729,-1,650,729,730,-1,730,731,650,-1,650,731,732,-1,650,732,720,-1,720,732,733,-1,720,733,718,-1,734,735,712,-1,736,737,689,-1,689,737,738,-1,689,738,725,-1,739,740,690,-1,717,715,712,-1,712,715,741,-1,712,741,734,-1,735,742,712,-1,712,742,743,-1,712,743,713,-1,744,745,746,-1,724,747,696,-1,696,747,748,-1,696,748,689,-1,689,748,749,-1,689,749,736,-1,690,740,703,-1,703,740,750,-1,703,750,751,-1,751,750,752,-1,751,752,753,-1,754,755,756,-1,756,755,757,-1,756,757,758,-1,739,690,746,-1,746,690,759,-1,746,759,744,-1,760,761,753,-1,753,761,762,-1,753,762,751,-1,716,763,714,-1,714,763,755,-1,714,755,764,-1,764,755,754,-1,325,9,714,-1,714,9,715,-1,690,711,333,-1,333,711,11,-1,335,378,740,-1,740,378,750,-1,629,720,721,-1,280,629,265,-1,265,629,721,-1,265,721,765,-1,765,721,766,-1,6,260,695,-1,695,260,767,-1,703,751,377,-1,377,751,379,-1,319,600,716,-1,716,600,763,-1,290,314,768,-1,768,314,687,-1,769,770,287,-1,287,770,726,-1,726,693,287,-1,287,693,627,-1,287,627,288,-1,768,687,771,-1,772,773,771,-1,771,773,774,-1,771,774,768,-1,768,774,775,-1,768,775,776,-1,777,778,779,-1,779,778,768,-1,779,768,780,-1,780,768,776,-1,770,781,726,-1,726,781,689,-1,771,782,772,-1,772,782,783,-1,772,783,784,-1,782,771,781,-1,781,771,687,-1,781,687,689,-1,785,786,787,-1,785,787,788,-1,789,790,791,-1,787,695,788,-1,788,695,767,-1,788,767,791,-1,791,767,792,-1,791,792,789,-1,790,793,791,-1,791,793,794,-1,791,794,795,-1,796,797,786,-1,786,797,798,-1,786,798,787,-1,799,766,696,-1,696,766,721,-1,787,798,695,-1,695,798,799,-1,695,799,696,-1,800,801,797,-1,797,801,802,-1,797,802,798,-1,798,802,803,-1,798,803,804,-1,805,806,799,-1,799,806,807,-1,799,807,766,-1,766,807,808,-1,809,810,799,-1,799,810,811,-1,799,811,805,-1,804,812,798,-1,798,812,813,-1,798,813,814,-1,815,816,797,-1,797,816,817,-1,797,817,800,-1,766,818,765,-1,765,818,819,-1,765,819,815,-1,815,819,820,-1,815,820,816,-1,808,821,766,-1,766,821,822,-1,766,822,823,-1,814,824,798,-1,798,824,825,-1,798,825,799,-1,799,825,826,-1,799,826,809,-1,823,827,766,-1,766,827,828,-1,766,828,818,-1,808,807,829,-1,829,807,830,-1,826,825,831,-1,831,825,832,-1,833,834,802,-1,802,834,803,-1,819,818,835,-1,835,818,836,-1,837,838,839,-1,839,838,840,-1,841,842,843,-1,843,842,844,-1,845,846,847,-1,847,846,848,-1,849,850,851,-1,851,850,852,-1,853,854,855,-1,855,854,856,-1,857,858,859,-1,859,858,860,-1,861,862,783,-1,863,864,781,-1,781,864,865,-1,781,865,866,-1,867,868,782,-1,782,868,869,-1,782,869,870,-1,866,871,781,-1,781,871,846,-1,781,846,782,-1,782,846,845,-1,782,845,867,-1,872,873,770,-1,770,873,850,-1,770,850,781,-1,781,850,849,-1,781,849,863,-1,870,874,782,-1,782,874,843,-1,782,843,783,-1,783,843,844,-1,783,844,861,-1,862,875,783,-1,783,875,876,-1,783,876,877,-1,877,876,878,-1,877,878,769,-1,769,878,854,-1,769,854,770,-1,770,854,853,-1,770,853,879,-1,879,880,770,-1,770,880,881,-1,770,881,872,-1,667,882,668,-1,668,882,883,-1,668,883,669,-1,669,883,884,-1,669,884,656,-1,656,884,885,-1,656,885,655,-1,655,885,886,-1,655,886,683,-1,683,886,887,-1,683,887,685,-1,685,887,888,-1,685,888,686,-1,686,888,889,-1,686,889,670,-1,670,889,890,-1,670,890,671,-1,671,890,891,-1,671,891,673,-1,673,891,892,-1,673,892,674,-1,674,892,893,-1,674,893,675,-1,675,893,894,-1,675,894,676,-1,676,894,895,-1,676,895,659,-1,659,895,896,-1,659,896,658,-1,658,896,897,-1,658,897,657,-1,657,897,898,-1,657,898,660,-1,660,898,899,-1,660,899,661,-1,661,899,900,-1,661,900,662,-1,662,900,901,-1,662,901,663,-1,663,901,902,-1,663,902,664,-1,664,902,903,-1,664,903,665,-1,665,903,904,-1,665,904,666,-1,666,904,905,-1,666,905,667,-1,667,905,882,-1,651,906,652,-1,652,906,907,-1,652,907,643,-1,643,907,908,-1,643,908,642,-1,642,908,909,-1,642,909,637,-1,637,909,910,-1,637,910,638,-1,638,910,911,-1,638,911,639,-1,639,911,912,-1,639,912,640,-1,640,912,913,-1,640,913,644,-1,644,913,914,-1,644,914,645,-1,645,914,915,-1,645,915,646,-1,646,915,916,-1,646,916,647,-1,647,916,917,-1,647,917,681,-1,681,917,918,-1,681,918,680,-1,680,918,919,-1,680,919,672,-1,672,919,920,-1,672,920,677,-1,677,920,921,-1,677,921,678,-1,678,921,922,-1,678,922,679,-1,679,922,923,-1,679,923,684,-1,684,923,924,-1,684,924,682,-1,682,924,925,-1,682,925,653,-1,653,925,926,-1,653,926,654,-1,654,926,927,-1,654,927,648,-1,648,927,928,-1,648,928,649,-1,649,928,929,-1,649,929,651,-1,651,929,906,-1,930,931,932,-1,930,932,933,-1,934,933,932,-1,935,934,932,-1,936,935,932,-1,937,936,932,-1,938,937,932,-1,939,938,932,-1,940,939,932,-1,941,940,932,-1,942,941,932,-1,943,942,932,-1,944,943,932,-1,945,944,932,-1,946,945,932,-1,947,946,932,-1,948,947,932,-1,949,948,932,-1,950,949,932,-1,951,950,932,-1,952,951,932,-1,953,952,932,-1,954,953,932,-1,931,954,932,-1,929,955,906,-1,906,955,956,-1,906,956,907,-1,907,956,957,-1,907,957,908,-1,908,957,958,-1,908,958,909,-1,909,958,959,-1,909,959,910,-1,910,959,960,-1,910,960,911,-1,911,960,961,-1,911,961,912,-1,912,961,962,-1,912,962,913,-1,913,962,963,-1,913,963,914,-1,914,963,964,-1,914,964,915,-1,915,964,965,-1,915,965,916,-1,916,965,966,-1,916,966,917,-1,917,966,967,-1,917,967,918,-1,918,967,968,-1,918,968,919,-1,919,968,969,-1,919,969,920,-1,920,969,970,-1,920,970,921,-1,921,970,971,-1,921,971,922,-1,922,971,972,-1,922,972,923,-1,923,972,973,-1,923,973,924,-1,924,973,974,-1,924,974,925,-1,925,974,975,-1,925,975,926,-1,926,975,976,-1,926,976,927,-1,927,976,977,-1,927,977,928,-1,928,977,978,-1,928,978,929,-1,929,978,955,-1,978,979,955,-1,955,979,980,-1,955,980,956,-1,956,980,981,-1,956,981,957,-1,957,981,982,-1,957,982,958,-1,958,982,983,-1,958,983,959,-1,959,983,984,-1,959,984,960,-1,960,984,985,-1,960,985,961,-1,961,985,986,-1,961,986,962,-1,962,986,987,-1,962,987,963,-1,963,987,988,-1,963,988,964,-1,964,988,989,-1,964,989,965,-1,965,989,990,-1,965,990,966,-1,966,990,991,-1,966,991,967,-1,967,991,992,-1,967,992,968,-1,968,992,993,-1,968,993,969,-1,969,993,994,-1,969,994,970,-1,970,994,995,-1,970,995,971,-1,971,995,996,-1,971,996,972,-1,972,996,997,-1,972,997,973,-1,973,997,998,-1,973,998,974,-1,974,998,999,-1,974,999,975,-1,975,999,1000,-1,975,1000,976,-1,976,1000,1001,-1,976,1001,977,-1,977,1001,1002,-1,977,1002,978,-1,978,1002,979,-1,1002,1003,979,-1,979,1003,1004,-1,979,1004,980,-1,980,1004,1005,-1,980,1005,981,-1,981,1005,1006,-1,981,1006,982,-1,982,1006,1007,-1,982,1007,983,-1,983,1007,1008,-1,983,1008,984,-1,984,1008,1009,-1,984,1009,985,-1,985,1009,1010,-1,985,1010,986,-1,986,1010,1011,-1,986,1011,987,-1,987,1011,1012,-1,987,1012,988,-1,988,1012,1013,-1,988,1013,989,-1,989,1013,1014,-1,989,1014,990,-1,990,1014,1015,-1,990,1015,991,-1,991,1015,1016,-1,991,1016,992,-1,992,1016,1017,-1,992,1017,993,-1,993,1017,1018,-1,993,1018,994,-1,994,1018,1019,-1,994,1019,995,-1,995,1019,1020,-1,995,1020,996,-1,996,1020,1021,-1,996,1021,997,-1,997,1021,1022,-1,997,1022,998,-1,998,1022,1023,-1,998,1023,999,-1,999,1023,1024,-1,999,1024,1000,-1,1000,1024,1025,-1,1000,1025,1001,-1,1001,1025,1026,-1,1001,1026,1002,-1,1002,1026,1003,-1,1026,1027,1003,-1,1003,1027,1028,-1,1003,1028,1004,-1,1004,1028,1029,-1,1004,1029,1005,-1,1005,1029,1030,-1,1005,1030,1006,-1,1006,1030,1031,-1,1006,1031,1007,-1,1007,1031,1032,-1,1007,1032,1008,-1,1008,1032,1033,-1,1008,1033,1009,-1,1009,1033,1034,-1,1009,1034,1010,-1,1010,1034,1035,-1,1010,1035,1011,-1,1011,1035,1036,-1,1011,1036,1012,-1,1012,1036,1037,-1,1012,1037,1013,-1,1013,1037,1038,-1,1013,1038,1014,-1,1014,1038,1039,-1,1014,1039,1015,-1,1015,1039,1040,-1,1015,1040,1016,-1,1016,1040,1041,-1,1016,1041,1017,-1,1017,1041,1042,-1,1017,1042,1018,-1,1018,1042,1043,-1,1018,1043,1019,-1,1019,1043,1044,-1,1019,1044,1020,-1,1020,1044,1045,-1,1020,1045,1021,-1,1021,1045,1046,-1,1021,1046,1022,-1,1022,1046,1047,-1,1022,1047,1023,-1,1023,1047,1048,-1,1023,1048,1024,-1,1024,1048,1049,-1,1024,1049,1025,-1,1025,1049,1050,-1,1025,1050,1026,-1,1026,1050,1027,-1,1050,931,1027,-1,1027,931,930,-1,1027,930,1028,-1,1028,930,933,-1,1028,933,1029,-1,1029,933,934,-1,1029,934,1030,-1,1030,934,935,-1,1030,935,1031,-1,1031,935,936,-1,1031,936,1032,-1,1032,936,937,-1,1032,937,1033,-1,1033,937,938,-1,1033,938,1034,-1,1034,938,939,-1,1034,939,1035,-1,1035,939,940,-1,1035,940,1036,-1,1036,940,941,-1,1036,941,1037,-1,1037,941,942,-1,1037,942,1038,-1,1038,942,943,-1,1038,943,1039,-1,1039,943,944,-1,1039,944,1040,-1,1040,944,945,-1,1040,945,1041,-1,1041,945,946,-1,1041,946,1042,-1,1042,946,947,-1,1042,947,1043,-1,1043,947,948,-1,1043,948,1044,-1,1044,948,949,-1,1044,949,1045,-1,1045,949,950,-1,1045,950,1046,-1,1046,950,951,-1,1046,951,1047,-1,1047,951,952,-1,1047,952,1048,-1,1048,952,953,-1,1048,953,1049,-1,1049,953,954,-1,1049,954,1050,-1,1050,954,931,-1,1051,1052,1053,-1,1054,1052,1051,-1,1051,1055,1056,-1,1057,1055,1051,-1,1053,1057,1051,-1,1051,1058,1059,-1,1060,1058,1051,-1,1056,1060,1051,-1,1051,1061,1062,-1,1063,1061,1051,-1,1059,1063,1051,-1,1051,1064,1065,-1,1066,1064,1051,-1,1062,1066,1051,-1,1051,1067,1068,-1,1069,1067,1051,-1,1065,1069,1051,-1,1051,1070,1071,-1,1072,1070,1051,-1,1068,1072,1051,-1,1051,1073,1074,-1,1075,1073,1051,-1,1071,1075,1051,-1,1074,1054,1051,-1,1054,1076,1052,-1,1052,1076,1077,-1,1052,1077,1053,-1,1053,1077,1078,-1,1053,1078,1057,-1,1057,1078,1079,-1,1057,1079,1055,-1,1055,1079,1080,-1,1055,1080,1056,-1,1056,1080,1081,-1,1056,1081,1060,-1,1060,1081,1082,-1,1060,1082,1058,-1,1058,1082,1083,-1,1058,1083,1059,-1,1059,1083,1084,-1,1059,1084,1063,-1,1063,1084,1085,-1,1063,1085,1061,-1,1061,1085,1086,-1,1061,1086,1062,-1,1062,1086,1087,-1,1062,1087,1066,-1,1066,1087,1088,-1,1066,1088,1064,-1,1064,1088,1089,-1,1064,1089,1065,-1,1065,1089,1090,-1,1065,1090,1069,-1,1069,1090,1091,-1,1069,1091,1067,-1,1067,1091,1092,-1,1067,1092,1068,-1,1068,1092,1093,-1,1068,1093,1072,-1,1072,1093,1094,-1,1072,1094,1070,-1,1070,1094,1095,-1,1070,1095,1071,-1,1071,1095,1096,-1,1071,1096,1075,-1,1075,1096,1097,-1,1075,1097,1073,-1,1073,1097,1098,-1,1073,1098,1074,-1,1074,1098,1099,-1,1074,1099,1054,-1,1054,1099,1076,-1,1099,1100,1076,-1,1076,1100,1101,-1,1076,1101,1077,-1,1077,1101,1102,-1,1077,1102,1078,-1,1078,1102,1103,-1,1078,1103,1079,-1,1079,1103,1104,-1,1079,1104,1080,-1,1080,1104,1105,-1,1080,1105,1081,-1,1081,1105,1106,-1,1081,1106,1082,-1,1082,1106,1107,-1,1082,1107,1083,-1,1083,1107,1108,-1,1083,1108,1084,-1,1084,1108,1109,-1,1084,1109,1085,-1,1085,1109,1110,-1,1085,1110,1086,-1,1086,1110,1111,-1,1086,1111,1087,-1,1087,1111,1112,-1,1087,1112,1088,-1,1088,1112,1113,-1,1088,1113,1089,-1,1089,1113,1114,-1,1089,1114,1090,-1,1090,1114,1115,-1,1090,1115,1091,-1,1091,1115,1116,-1,1091,1116,1092,-1,1092,1116,1117,-1,1092,1117,1093,-1,1093,1117,1118,-1,1093,1118,1094,-1,1094,1118,1119,-1,1094,1119,1095,-1,1095,1119,1120,-1,1095,1120,1096,-1,1096,1120,1121,-1,1096,1121,1097,-1,1097,1121,1122,-1,1097,1122,1098,-1,1098,1122,1123,-1,1098,1123,1099,-1,1099,1123,1100,-1,1123,1124,1100,-1,1100,1124,1125,-1,1100,1125,1101,-1,1101,1125,1126,-1,1101,1126,1102,-1,1102,1126,1127,-1,1102,1127,1103,-1,1103,1127,1128,-1,1103,1128,1104,-1,1104,1128,1129,-1,1104,1129,1105,-1,1105,1129,1130,-1,1105,1130,1106,-1,1106,1130,1131,-1,1106,1131,1107,-1,1107,1131,1132,-1,1107,1132,1108,-1,1108,1132,1133,-1,1108,1133,1109,-1,1109,1133,1134,-1,1109,1134,1110,-1,1110,1134,1135,-1,1110,1135,1111,-1,1111,1135,1136,-1,1111,1136,1112,-1,1112,1136,1137,-1,1112,1137,1113,-1,1113,1137,1138,-1,1113,1138,1114,-1,1114,1138,1139,-1,1114,1139,1115,-1,1115,1139,1140,-1,1115,1140,1116,-1,1116,1140,1141,-1,1116,1141,1117,-1,1117,1141,1142,-1,1117,1142,1118,-1,1118,1142,1143,-1,1118,1143,1119,-1,1119,1143,1144,-1,1119,1144,1120,-1,1120,1144,1145,-1,1120,1145,1121,-1,1121,1145,1146,-1,1121,1146,1122,-1,1122,1146,1147,-1,1122,1147,1123,-1,1123,1147,1124,-1,1147,1148,1124,-1,1124,1148,1149,-1,1124,1149,1125,-1,1125,1149,1150,-1,1125,1150,1126,-1,1126,1150,1151,-1,1126,1151,1127,-1,1127,1151,1152,-1,1127,1152,1128,-1,1128,1152,1153,-1,1128,1153,1129,-1,1129,1153,1154,-1,1129,1154,1130,-1,1130,1154,1155,-1,1130,1155,1131,-1,1131,1155,1156,-1,1131,1156,1132,-1,1132,1156,1157,-1,1132,1157,1133,-1,1133,1157,1158,-1,1133,1158,1134,-1,1134,1158,1159,-1,1134,1159,1135,-1,1135,1159,1160,-1,1135,1160,1136,-1,1136,1160,1161,-1,1136,1161,1137,-1,1137,1161,1162,-1,1137,1162,1138,-1,1138,1162,1163,-1,1138,1163,1139,-1,1139,1163,1164,-1,1139,1164,1140,-1,1140,1164,1165,-1,1140,1165,1141,-1,1141,1165,1166,-1,1141,1166,1142,-1,1142,1166,1167,-1,1142,1167,1143,-1,1143,1167,1168,-1,1143,1168,1144,-1,1144,1168,1169,-1,1144,1169,1145,-1,1145,1169,1170,-1,1145,1170,1146,-1,1146,1170,1171,-1,1146,1171,1147,-1,1147,1171,1148,-1,1171,892,1148,-1,1148,892,891,-1,1148,891,1149,-1,1149,891,890,-1,1149,890,1150,-1,1150,890,889,-1,1150,889,1151,-1,1151,889,888,-1,1151,888,1152,-1,1152,888,887,-1,1152,887,1153,-1,1153,887,886,-1,1153,886,1154,-1,1154,886,885,-1,1154,885,1155,-1,1155,885,884,-1,1155,884,1156,-1,1156,884,883,-1,1156,883,1157,-1,1157,883,882,-1,1157,882,1158,-1,1158,882,905,-1,1158,905,1159,-1,1159,905,904,-1,1159,904,1160,-1,1160,904,903,-1,1160,903,1161,-1,1161,903,902,-1,1161,902,1162,-1,1162,902,901,-1,1162,901,1163,-1,1163,901,900,-1,1163,900,1164,-1,1164,900,899,-1,1164,899,1165,-1,1165,899,898,-1,1165,898,1166,-1,1166,898,897,-1,1166,897,1167,-1,1167,897,896,-1,1167,896,1168,-1,1168,896,895,-1,1168,895,1169,-1,1169,895,894,-1,1169,894,1170,-1,1170,894,893,-1,1170,893,1171,-1,1171,893,892,-1,
        ]
    }
}
Shape{
    appearance Appearance {
        material  Material 	{
            diffuseColor 0.25098039215686274 0.25098039215686274 0.25098039215686274
            specularColor 0.12549019607843137 0.12549019607843137 0.12549019607843137
            ambientIntensity 0.2
            transparency 0
            shininess 0.5
        }
    }
    geometry IndexedFaceSet {
        ccw TRUE
        solid FALSE
        coord DEF co Coordinate {
            point [
                0.5512 -0.6004 -0.2953, -0.5512 -0.6004 -0.2953, 0.5512 -0.1673 -0.2953, -0.5512 -0.1673 -0.2953, -0.5906 -0.6004 -0.2559, -0.5906 -0.6004 0.2559, -0.5906 -0.1673 -0.2559, -0.5906 -0.1673 0.2559, -0.5512 -0.6004 0.2953, 0.5512 -0.6004 0.2953, -0.5512 -0.1673 0.2953, 0.5512 -0.1673 0.2953, 0.5906 -0.1673 -0.2559, 0.5906 -0.1673 0.2559, 0.5906 -0.6004 -0.2559, 0.5906 -0.6004 0.2559, 0.5512 -0.6398 0.2559, -0.5512 -0.6398 0.2559, 0.5512 -0.6398 -0.2559, -0.5512 -0.6398 -0.2559, -0.5614 -0.1673 0.2939, -0.5614 -0.6004 0.2939, -0.5709 -0.1673 0.29, -0.5709 -0.6004 0.29, -0.579 -0.1673 0.2837, -0.579 -0.6004 0.2837, -0.5853 -0.1673 0.2756, -0.5853 -0.6004 0.2756, -0.5892 -0.1673 0.2661, -0.5892 -0.6004 0.2661, -0.5892 -0.1673 -0.2661, -0.5892 -0.6004 -0.2661, -0.5853 -0.1673 -0.2756, -0.5853 -0.6004 -0.2756, -0.579 -0.1673 -0.2837, -0.579 -0.6004 -0.2837, -0.5709 -0.1673 -0.29, -0.5709 -0.6004 -0.29, -0.5614 -0.1673 -0.2939, -0.5614 -0.6004 -0.2939, -0.5614 -0.6384 0.2559, -0.5614 -0.6384 -0.2559, -0.5709 -0.6345 0.2559, -0.5709 -0.6345 -0.2559, -0.579 -0.6282 0.2559, -0.579 -0.6282 -0.2559, -0.5853 -0.6201 0.2559, -0.5853 -0.6201 -0.2559, -0.5892 -0.6106 0.2559, -0.5892 -0.6106 -0.2559, -0.5879 -0.6106 0.2657, -0.5682 -0.6345 0.2657, -0.56 -0.6384 0.261, -0.5584 -0.6384 0.2631, -0.5512 -0.6384 0.2661, -0.5538 -0.6384 0.2657, -0.561 -0.6384 0.2585, -0.5702 -0.6345 0.261, -0.5781 -0.6282 0.2631, -0.5651 -0.6345 0.2698, -0.5563 -0.6384 0.2647, -0.561 -0.6345 0.273, -0.5563 -0.6345 0.2749, -0.5512 -0.6345 0.2756, -0.5753 -0.6282 0.2698, -0.5709 -0.6282 0.2756, -0.5651 -0.6282 0.28, -0.5584 -0.6282 0.2828, -0.5512 -0.6282 0.2837, -0.5841 -0.6201 0.2647, -0.5807 -0.6201 0.273, -0.5753 -0.6201 0.28, -0.5682 -0.6201 0.2854, -0.56 -0.6201 0.2888, -0.5512 -0.6201 0.29, -0.5841 -0.6106 0.2749, -0.5781 -0.6106 0.2828, -0.5702 -0.6106 0.2888, -0.561 -0.6106 0.2926, -0.5512 -0.6106 0.2939, -0.5512 -0.6106 -0.2939, -0.561 -0.6106 -0.2926, -0.561 -0.6345 -0.273, -0.5563 -0.6384 -0.2647, -0.5584 -0.6384 -0.2631, -0.561 -0.6384 -0.2585, -0.5538 -0.6384 -0.2657, -0.5563 -0.6345 -0.2749, -0.5584 -0.6282 -0.2828, -0.5512 -0.6384 -0.2661, -0.5651 -0.6345 -0.2698, -0.56 -0.6384 -0.261, -0.5682 -0.6345 -0.2657, -0.5702 -0.6345 -0.261, -0.5512 -0.6345 -0.2756, -0.5512 -0.6282 -0.2837, -0.5512 -0.6201 -0.29, -0.5651 -0.6282 -0.28, -0.5709 -0.6282 -0.2756, -0.5753 -0.6282 -0.2698, -0.5781 -0.6282 -0.2631, -0.56 -0.6201 -0.2888, -0.5682 -0.6201 -0.2854, -0.5753 -0.6201 -0.28, -0.5807 -0.6201 -0.273, -0.5841 -0.6201 -0.2647, -0.5702 -0.6106 -0.2888, -0.5781 -0.6106 -0.2828, -0.5841 -0.6106 -0.2749, -0.5879 -0.6106 -0.2657, 0.5512 -0.6384 0.2661, 0.5512 -0.6345 0.2756, 0.5512 -0.6282 0.2837, 0.5512 -0.6201 0.29, 0.5512 -0.6106 0.2939, 0.5892 -0.1673 0.2661, 0.5892 -0.6004 0.2661, 0.5853 -0.1673 0.2756, 0.5853 -0.6004 0.2756, 0.579 -0.1673 0.2837, 0.579 -0.6004 0.2837, 0.5709 -0.1673 0.29, 0.5709 -0.6004 0.29, 0.5614 -0.1673 0.2939, 0.5614 -0.6004 0.2939, 0.5614 -0.1673 -0.2939, 0.5614 -0.6004 -0.2939, 0.5709 -0.1673 -0.29, 0.5709 -0.6004 -0.29, 0.579 -0.1673 -0.2837, 0.579 -0.6004 -0.2837, 0.5853 -0.1673 -0.2756, 0.5853 -0.6004 -0.2756, 0.5892 -0.1673 -0.2661, 0.5892 -0.6004 -0.2661, 0.5512 -0.6384 -0.2661, 0.5512 -0.6345 -0.2756, 0.5512 -0.6282 -0.2837, 0.5512 -0.6201 -0.29, 0.5512 -0.6106 -0.2939, 0.561 -0.6106 0.2926, 0.561 -0.6345 0.273, 0.5563 -0.6384 0.2647, 0.5584 -0.6384 0.2631, 0.5614 -0.6384 0.2559, 0.561 -0.6384 0.2585, 0.5538 -0.6384 0.2657, 0.5563 -0.6345 0.2749, 0.5584 -0.6282 0.2828, 0.5651 -0.6345 0.2698, 0.56 -0.6384 0.261, 0.5682 -0.6345 0.2657, 0.5702 -0.6345 0.261, 0.5709 -0.6345 0.2559, 0.5651 -0.6282 0.28, 0.5709 -0.6282 0.2756, 0.5753 -0.6282 0.2698, 0.5781 -0.6282 0.2631, 0.579 -0.6282 0.2559, 0.56 -0.6201 0.2888, 0.5682 -0.6201 0.2854, 0.5753 -0.6201 0.28, 0.5807 -0.6201 0.273, 0.5841 -0.6201 0.2647, 0.5853 -0.6201 0.2559, 0.5702 -0.6106 0.2888, 0.5781 -0.6106 0.2828, 0.5841 -0.6106 0.2749, 0.5879 -0.6106 0.2657, 0.5892 -0.6106 0.2559, 0.5892 -0.6106 -0.2559, 0.5879 -0.6106 -0.2657, 0.5682 -0.6345 -0.2657, 0.56 -0.6384 -0.261, 0.5584 -0.6384 -0.2631, 0.5538 -0.6384 -0.2657, 0.561 -0.6384 -0.2585, 0.5702 -0.6345 -0.261, 0.5781 -0.6282 -0.2631, 0.5614 -0.6384 -0.2559, 0.5651 -0.6345 -0.2698, 0.5563 -0.6384 -0.2647, 0.561 -0.6345 -0.273, 0.5563 -0.6345 -0.2749, 0.5709 -0.6345 -0.2559, 0.579 -0.6282 -0.2559, 0.5853 -0.6201 -0.2559, 0.5753 -0.6282 -0.2698, 0.5709 -0.6282 -0.2756, 0.5651 -0.6282 -0.28, 0.5584 -0.6282 -0.2828, 0.5841 -0.6201 -0.2647, 0.5807 -0.6201 -0.273, 0.5753 -0.6201 -0.28, 0.5682 -0.6201 -0.2854, 0.56 -0.6201 -0.2888, 0.5841 -0.6106 -0.2749, 0.5781 -0.6106 -0.2828, 0.5702 -0.6106 -0.2888, 0.561 -0.6106 -0.2926, 0.561 -0.6106 -0.2926
            ]
        }
        coordIndex [
            0,1,2,-1,2,1,3,-1,4,5,6,-1,6,5,7,-1,8,9,10,-1,10,9,11,-1,12,13,14,-1,14,13,15,-1,16,17,18,-1,18,17,19,-1,8,10,20,-1,8,20,21,-1,21,20,22,-1,21,22,23,-1,23,22,24,-1,23,24,25,-1,25,24,26,-1,25,26,27,-1,27,26,28,-1,27,28,29,-1,29,28,7,-1,29,7,5,-1,4,6,30,-1,4,30,31,-1,31,30,32,-1,31,32,33,-1,33,32,34,-1,33,34,35,-1,35,34,36,-1,35,36,37,-1,37,36,38,-1,37,38,39,-1,39,38,3,-1,39,3,1,-1,19,17,40,-1,19,40,41,-1,41,40,42,-1,41,42,43,-1,43,42,44,-1,43,44,45,-1,45,44,46,-1,45,46,47,-1,47,46,48,-1,47,48,49,-1,49,48,5,-1,49,5,4,-1,5,48,50,-1,51,52,53,-1,17,54,55,-1,53,52,17,-1,56,17,52,-1,56,52,57,-1,57,52,51,-1,57,51,58,-1,40,17,56,-1,59,60,61,-1,61,60,55,-1,61,55,62,-1,62,55,54,-1,62,54,63,-1,40,56,42,-1,42,56,57,-1,42,57,44,-1,44,57,58,-1,44,58,46,-1,64,59,65,-1,65,59,61,-1,65,61,66,-1,66,61,62,-1,66,62,67,-1,67,62,63,-1,67,63,68,-1,69,64,70,-1,70,64,65,-1,70,65,71,-1,71,65,66,-1,71,66,72,-1,72,66,67,-1,72,67,73,-1,73,67,68,-1,73,68,74,-1,48,69,50,-1,50,69,70,-1,50,70,75,-1,75,70,71,-1,75,71,76,-1,76,71,72,-1,76,72,77,-1,77,72,73,-1,77,73,78,-1,78,73,74,-1,78,74,79,-1,5,50,29,-1,29,50,75,-1,29,75,27,-1,27,75,76,-1,27,76,25,-1,25,76,77,-1,25,77,23,-1,23,77,78,-1,23,78,21,-1,21,78,79,-1,21,79,8,-1,60,17,55,-1,48,46,69,-1,69,46,58,-1,69,58,64,-1,64,58,51,-1,64,51,59,-1,59,51,53,-1,59,53,60,-1,60,53,17,-1,1,80,81,-1,82,83,84,-1,19,41,85,-1,84,83,19,-1,86,19,83,-1,86,83,87,-1,87,83,82,-1,87,82,88,-1,89,19,86,-1,90,91,92,-1,92,91,85,-1,92,85,93,-1,93,85,41,-1,93,41,43,-1,89,86,94,-1,94,86,87,-1,94,87,95,-1,95,87,88,-1,95,88,96,-1,97,90,98,-1,98,90,92,-1,98,92,99,-1,99,92,93,-1,99,93,100,-1,100,93,43,-1,100,43,45,-1,101,97,102,-1,102,97,98,-1,102,98,103,-1,103,98,99,-1,103,99,104,-1,104,99,100,-1,104,100,105,-1,105,100,45,-1,105,45,47,-1,80,101,81,-1,81,101,102,-1,81,102,106,-1,106,102,103,-1,106,103,107,-1,107,103,104,-1,107,104,108,-1,108,104,105,-1,108,105,109,-1,109,105,47,-1,109,47,49,-1,1,81,39,-1,39,81,106,-1,39,106,37,-1,37,106,107,-1,37,107,35,-1,35,107,108,-1,35,108,33,-1,33,108,109,-1,33,109,31,-1,31,109,49,-1,31,49,4,-1,91,19,85,-1,80,96,101,-1,101,96,88,-1,101,88,97,-1,97,88,82,-1,97,82,90,-1,90,82,84,-1,90,84,91,-1,91,84,19,-1,17,16,110,-1,17,110,54,-1,54,110,111,-1,54,111,63,-1,63,111,112,-1,63,112,68,-1,68,112,113,-1,68,113,74,-1,74,113,114,-1,74,114,79,-1,79,114,9,-1,79,9,8,-1,15,13,115,-1,15,115,116,-1,116,115,117,-1,116,117,118,-1,118,117,119,-1,118,119,120,-1,120,119,121,-1,120,121,122,-1,122,121,123,-1,122,123,124,-1,124,123,11,-1,124,11,9,-1,0,2,125,-1,0,125,126,-1,126,125,127,-1,126,127,128,-1,128,127,129,-1,128,129,130,-1,130,129,131,-1,130,131,132,-1,132,131,133,-1,132,133,134,-1,134,133,12,-1,134,12,14,-1,18,19,89,-1,18,89,135,-1,135,89,94,-1,135,94,136,-1,136,94,95,-1,136,95,137,-1,137,95,96,-1,137,96,138,-1,138,96,80,-1,138,80,139,-1,139,80,1,-1,139,1,0,-1,9,114,140,-1,141,142,143,-1,16,144,145,-1,143,142,16,-1,146,16,142,-1,146,142,147,-1,147,142,141,-1,147,141,148,-1,110,16,146,-1,149,150,151,-1,151,150,145,-1,151,145,152,-1,152,145,144,-1,152,144,153,-1,110,146,111,-1,111,146,147,-1,111,147,112,-1,112,147,148,-1,112,148,113,-1,154,149,155,-1,155,149,151,-1,155,151,156,-1,156,151,152,-1,156,152,157,-1,157,152,153,-1,157,153,158,-1,159,154,160,-1,160,154,155,-1,160,155,161,-1,161,155,156,-1,161,156,162,-1,162,156,157,-1,162,157,163,-1,163,157,158,-1,163,158,164,-1,114,159,140,-1,140,159,160,-1,140,160,165,-1,165,160,161,-1,165,161,166,-1,166,161,162,-1,166,162,167,-1,167,162,163,-1,167,163,168,-1,168,163,164,-1,168,164,169,-1,9,140,124,-1,124,140,165,-1,124,165,122,-1,122,165,166,-1,122,166,120,-1,120,166,167,-1,120,167,118,-1,118,167,168,-1,118,168,116,-1,116,168,169,-1,116,169,15,-1,150,16,145,-1,114,113,159,-1,159,113,148,-1,159,148,154,-1,154,148,141,-1,154,141,149,-1,149,141,143,-1,149,143,150,-1,150,143,16,-1,14,170,171,-1,172,173,174,-1,18,135,175,-1,174,173,18,-1,176,18,173,-1,176,173,177,-1,177,173,172,-1,177,172,178,-1,179,18,176,-1,180,181,182,-1,182,181,175,-1,182,175,183,-1,183,175,135,-1,183,135,136,-1,179,176,184,-1,184,176,177,-1,184,177,185,-1,185,177,178,-1,185,178,186,-1,187,180,188,-1,188,180,182,-1,188,182,189,-1,189,182,183,-1,189,183,190,-1,190,183,136,-1,190,136,137,-1,191,187,192,-1,192,187,188,-1,192,188,193,-1,193,188,189,-1,193,189,194,-1,194,189,190,-1,194,190,195,-1,195,190,137,-1,195,137,138,-1,170,191,171,-1,171,191,192,-1,171,192,196,-1,196,192,193,-1,196,193,197,-1,197,193,194,-1,197,194,198,-1,198,194,195,-1,198,195,199,-1,199,195,138,-1,199,138,139,-1,14,171,134,-1,134,171,196,-1,134,196,132,-1,132,196,197,-1,132,197,130,-1,130,197,198,-1,130,198,128,-1,128,198,199,-1,128,199,126,-1,126,199,139,-1,126,139,0,-1,181,18,175,-1,170,186,191,-1,191,186,178,-1,191,178,187,-1,187,178,172,-1,187,172,180,-1,180,172,174,-1,180,174,181,-1,181,174,18,-1,16,18,179,-1,16,179,144,-1,144,179,184,-1,144,184,153,-1,153,184,185,-1,153,185,158,-1,158,185,186,-1,158,186,164,-1,164,186,170,-1,164,170,169,-1,169,170,14,-1,169,14,15,-1,
        ]
    }
}
Shape{
    appearance Appearance {
        material  Material 	{
            diffuseColor 0.7529411764705882 0.7529411764705882 0.7529411764705882
            specularColor 0.3764705882352941 0.3764705882352941 0.3764705882352941
            ambientIntensity 0.2
            transparency 0
            shininess 0.5
        }
    }
    geometry IndexedFaceSet {
        ccw TRUE
        solid FALSE
        coord DEF co Coordinate {
            point [
                -0.9449 -0.1673 -0.689, -0.9449 -0.1673 -0.374, -0.9449 0.3839 -0.689, -0.9449 0.3839 -0.374, 0.9449 -0.1673 -0.689, 0.9449 0.3839 -0.689, 0.9449 -0.1673 -0.374, 0.9449 0.3839 -0.374, 0.9449 0.3839 -0.374
            ]
        }
        coordIndex [
            0,1,2,-1,2,1,3,-1,4,5,6,-1,6,5,7,-1,
        ]
    }
}
Shape{
    appearance Appearance {
        material  Material 	{
            diffuseColor 1.0 1.0 1.0
            specularColor 0.5019607843137255 0.5019607843137255 0.5019607843137255
            ambientIntensity 0.2
            transparency 0
            shininess 0.5
        }
    }
    geometry IndexedFaceSet {
        ccw TRUE
        solid FALSE
        coord DEF co Coordinate {
            point [
                -1.3727 -0.1673 0.0787, -1.3766 -0.1673 0.0692, -1.378 -0.1673 0.0591, -1.3664 -0.1673 0.0869, -1.378 -0.1673 -0.3346, -1.3583 -0.1673 -0.3687, -1.3583 -0.1673 0.0932, -1.3766 -0.1673 -0.3448, -1.3727 -0.1673 -0.3543, -1.3664 -0.1673 -0.3625, -1.378 0.7382 -0.3346, -1.378 0.7382 0.0591, -1.3386 -0.1673 0.0984, -1.2205 -0.1673 0.0984, -1.3386 0.7382 0.0984, -1.2205 0.7382 0.0984, 1.3727 -0.1673 -0.3543, 1.3766 -0.1673 -0.3448, 1.378 -0.1673 -0.3346, 1.3664 -0.1673 -0.3625, 1.378 -0.1673 0.0591, 1.3766 -0.1673 0.0692, 1.3727 -0.1673 0.0787, 1.3664 -0.1673 0.0869, 1.3583 -0.1673 0.0932, 1.3583 -0.1673 -0.3687, 1.3386 0.7382 0.0984, 1.2205 0.7382 0.0984, 1.3386 -0.1673 0.0984, 1.2205 -0.1673 0.0984, 1.378 0.7382 -0.3346, 1.378 0.7382 0.0591, -1.3386 0.7382 -0.374, -1.3386 -0.2264 -0.374, -1.3488 -0.2264 -0.3727, -1.3583 -0.2264 -0.3687, -1.3488 0.7382 -0.3727, -1.3583 0.7382 -0.3687, -1.3664 0.7382 -0.3625, -1.3727 0.7382 -0.3543, -1.3766 0.7382 -0.3448, 1.3583 -0.2264 -0.3687, 1.3488 -0.2264 -0.3727, 1.3488 0.7382 -0.3727, 1.3583 0.7382 -0.3687, 1.3664 0.7382 -0.3625, 1.3727 0.7382 -0.3543, 1.3766 0.7382 -0.3448, 1.3386 -0.2264 -0.374, 1.3386 0.7382 -0.374, 1.3766 0.7382 0.0692, 1.3727 0.7382 0.0787, 1.3664 0.7382 0.0869, 1.3583 0.7382 0.0932, 1.3488 0.7382 0.0971, 1.3488 -0.1673 0.0971, 1.2103 -0.1673 0.0998, 1.2103 0.7382 0.0998, 1.2008 -0.1673 0.1037, 1.2008 0.7382 0.1037, 1.1926 -0.1673 0.11, 1.1926 0.7382 0.11, 1.1864 -0.1673 0.1181, 1.1864 0.7382 0.1181, 1.1824 -0.1673 0.1276, 1.1824 0.7382 0.1276, 1.1811 -0.1673 0.1378, 1.1811 0.7382 0.1378, 1.2205 0.7382 0.4134, 1.2205 -0.1673 0.4134, 1.2103 0.7382 0.412, 1.2103 -0.1673 0.412, 1.2008 0.7382 0.4081, 1.2008 -0.1673 0.4081, 1.1926 0.7382 0.4019, 1.1926 -0.1673 0.4019, 1.1864 0.7382 0.3937, 1.1864 -0.1673 0.3937, 1.1824 0.7382 0.3842, 1.1824 -0.1673 0.3842, 1.1811 0.7382 0.374, 1.1811 -0.1673 0.374, 1.3386 -0.1673 0.4134, 1.3386 0.7382 0.4134, 1.3473 0.7382 0.4144, 1.3473 -0.1673 0.4144, 1.3557 0.7382 0.4173, 1.3557 -0.1673 0.4173, 1.3631 0.7382 0.422, 1.3631 -0.1673 0.422, 1.3694 0.7382 0.4282, 1.3694 -0.1673 0.4282, 1.3741 0.7382 0.4357, 1.3741 -0.1673 0.4357, 1.377 0.7382 0.444, 1.377 -0.1673 0.444, 1.378 0.7382 0.4528, 1.378 -0.1673 0.4528, 1.3386 0.7382 0.689, 1.3386 -0.1673 0.689, 1.3473 -0.1673 0.688, 1.3473 0.7382 0.688, 1.3557 -0.1673 0.6851, 1.3557 0.7382 0.6851, 1.3631 -0.1673 0.6804, 1.3631 0.7382 0.6804, 1.3694 -0.1673 0.6742, 1.3694 0.7382 0.6742, 1.3741 -0.1673 0.6667, 1.3741 0.7382 0.6667, 1.377 -0.1673 0.6584, 1.377 0.7382 0.6584, 1.378 -0.1673 0.6496, 1.378 0.7382 0.6496, -1.378 0.7382 0.6496, -1.378 -0.1673 0.6496, -1.3766 -0.1673 0.6598, -1.3766 0.7382 0.6598, -1.3727 -0.1673 0.6693, -1.3727 0.7382 0.6693, -1.3664 -0.1673 0.6774, -1.3664 0.7382 0.6774, -1.3583 -0.1673 0.6837, -1.3583 0.7382 0.6837, -1.3488 -0.1673 0.6876, -1.3488 0.7382 0.6876, -1.3386 -0.1673 0.689, -1.3386 0.7382 0.689, -1.1811 0.7382 0.374, -1.1811 -0.1673 0.374, -1.1824 0.7382 0.3842, -1.1824 -0.1673 0.3842, -1.1864 0.7382 0.3937, -1.1864 -0.1673 0.3937, -1.1926 0.7382 0.4019, -1.1926 -0.1673 0.4019, -1.2008 0.7382 0.4081, -1.2008 -0.1673 0.4081, -1.2103 0.7382 0.412, -1.2103 -0.1673 0.412, -1.2205 0.7382 0.4134, -1.2205 -0.1673 0.4134, -1.378 -0.1673 0.4528, -1.378 0.7382 0.4528, -1.3766 0.7382 0.4426, -1.3766 -0.1673 0.4426, -1.3727 0.7382 0.4331, -1.3727 -0.1673 0.4331, -1.3664 0.7382 0.4249, -1.3664 -0.1673 0.4249, -1.3583 0.7382 0.4187, -1.3583 -0.1673 0.4187, -1.3488 0.7382 0.4147, -1.3488 -0.1673 0.4147, -1.3386 0.7382 0.4134, -1.3386 -0.1673 0.4134, -1.3488 0.7382 0.0971, -1.3488 -0.1673 0.0971, -1.3583 0.7382 0.0932, -1.3664 0.7382 0.0869, -1.3727 0.7382 0.0787, -1.3766 0.7382 0.0692, -1.1811 -0.1673 0.1378, -1.1811 0.7382 0.1378, -1.1821 -0.1673 0.129, -1.1821 0.7382 0.129, -1.185 -0.1673 0.1207, -1.185 0.7382 0.1207, -1.1897 -0.1673 0.1132, -1.1897 0.7382 0.1132, -1.1959 -0.1673 0.107, -1.1959 0.7382 0.107, -1.2034 -0.1673 0.1023, -1.2034 0.7382 0.1023, -1.2117 -0.1673 0.0994, -1.2117 0.7382 0.0994, -0.7087 0.3839 -0.2559, -0.9449 0.3839 -0.2559, -0.7087 0.7382 -0.2559, -0.9449 0.7382 -0.2559, 0.7087 0.7382 -0.2559, 0.9449 0.7382 -0.2559, 0.7087 0.3839 -0.2559, 0.9449 0.3839 -0.2559, 1.0236 -0.3051 0.3937, 1.0236 -0.2264 0.3937, 1.0134 -0.2264 0.3924, 1.0134 -0.3051 0.3924, 1.0039 -0.2264 0.3884, 1.0039 -0.3051 0.3884, 0.9958 -0.2264 0.3822, 0.9958 -0.3051 0.3822, 0.9895 -0.2264 0.374, 0.9895 -0.3051 0.374, 0.9856 -0.2264 0.3645, 0.9856 -0.3051 0.3645, 0.9843 -0.2264 0.3543, 0.9843 -0.3051 0.3543, 1.3386 -0.3051 0.3937, 1.0236 -0.3153 0.3924, 1.3386 -0.3153 0.3924, 1.0236 -0.3248 0.3884, 1.3386 -0.3248 0.3884, 1.0236 -0.333 0.3822, 1.3386 -0.333 0.3822, 1.0236 -0.3392 0.374, 1.3386 -0.3392 0.374, 1.0236 -0.3431 0.3645, 1.3386 -0.3431 0.3645, 1.0236 -0.3445 0.3543, 1.3386 -0.3445 0.3543, 1.378 -0.3051 0.3543, 1.378 -0.2264 0.3543, 1.3766 -0.2264 0.3645, 1.3766 -0.3051 0.3645, 1.3727 -0.2264 0.374, 1.3727 -0.3051 0.374, 1.3664 -0.2264 0.3822, 1.3664 -0.3051 0.3822, 1.3583 -0.2264 0.3884, 1.3583 -0.3051 0.3884, 1.3488 -0.2264 0.3924, 1.3488 -0.3051 0.3924, 1.3386 -0.2264 0.3937, 0.9854 -0.3139 0.3543, 0.9856 -0.3153 0.3543, 0.9869 -0.315 0.3645, 0.9884 -0.3221 0.3543, 0.9895 -0.3248 0.3543, 0.9907 -0.3241 0.3645, 0.9931 -0.3295 0.3543, 0.9958 -0.333 0.3543, 0.9967 -0.332 0.3645, 0.9993 -0.3356 0.3543, 1.0039 -0.3392 0.3543, 1.0046 -0.3381 0.3645, 1.0066 -0.3403 0.3543, 1.0134 -0.3431 0.3543, 1.0138 -0.3419 0.3645, 1.0149 -0.3433 0.3543, 1.0148 -0.3381 0.374, 1.0164 -0.332 0.3822, 1.0185 -0.3241 0.3884, 1.021 -0.315 0.3924, 1.0066 -0.3346 0.374, 1.0097 -0.3292 0.3822, 1.0138 -0.3222 0.3884, 1.0185 -0.3139 0.3924, 0.9995 -0.3292 0.374, 1.0039 -0.3248 0.3822, 1.0097 -0.319 0.3884, 1.0164 -0.3123 0.3924, 0.9941 -0.3222 0.374, 0.9995 -0.319 0.3822, 1.0066 -0.315 0.3884, 1.0148 -0.3102 0.3924, 0.9907 -0.3139 0.374, 0.9967 -0.3123 0.3822, 1.0046 -0.3102 0.3884, 1.0138 -0.3078 0.3924, 1.3753 -0.315 0.3645, 1.3556 -0.315 0.3884, 1.3474 -0.3102 0.3924, 1.3458 -0.3123 0.3924, 1.3412 -0.315 0.3924, 1.3484 -0.3078 0.3924, 1.3576 -0.3102 0.3884, 1.3655 -0.3123 0.3822, 1.3525 -0.319 0.3884, 1.3437 -0.3139 0.3924, 1.3484 -0.3222 0.3884, 1.3437 -0.3241 0.3884, 1.3627 -0.319 0.3822, 1.3583 -0.3248 0.3822, 1.3525 -0.3292 0.3822, 1.3458 -0.332 0.3822, 1.3715 -0.3139 0.374, 1.3681 -0.3222 0.374, 1.3627 -0.3292 0.374, 1.3556 -0.3346 0.374, 1.3474 -0.3381 0.374, 1.3715 -0.3241 0.3645, 1.3655 -0.332 0.3645, 1.3576 -0.3381 0.3645, 1.3484 -0.3419 0.3645, 1.3766 -0.3153 0.3543, 1.3727 -0.3248 0.3543, 1.3664 -0.333 0.3543, 1.3583 -0.3392 0.3543, 1.3488 -0.3431 0.3543, 0.9843 -0.3051 -0.3543, 0.9843 -0.2264 -0.3543, 0.9856 -0.2264 -0.3645, 0.9856 -0.3051 -0.3645, 0.9895 -0.2264 -0.374, 0.9895 -0.3051 -0.374, 0.9958 -0.2264 -0.3822, 0.9958 -0.3051 -0.3822, 1.0039 -0.2264 -0.3884, 1.0039 -0.3051 -0.3884, 1.0134 -0.2264 -0.3924, 1.0134 -0.3051 -0.3924, 1.0236 -0.2264 -0.3937, 1.0236 -0.3051 -0.3937, 0.9852 -0.3139 -0.3543, 0.9882 -0.3222 -0.3543, 0.9928 -0.3297 -0.3543, 0.9991 -0.3359 -0.3543, 1.0065 -0.3406 -0.3543, 1.0149 -0.3435 -0.3543, 1.0236 -0.3445 -0.3543, 1.378 -0.3051 -0.3543, 1.3766 -0.3153 -0.3543, 1.3727 -0.3248 -0.3543, 1.3664 -0.333 -0.3543, 1.3583 -0.3392 -0.3543, 1.3488 -0.3431 -0.3543, 1.3386 -0.3445 -0.3543, 1.3386 -0.3051 -0.3937, 1.3386 -0.2264 -0.3937, 1.3488 -0.2264 -0.3924, 1.3488 -0.3051 -0.3924, 1.3583 -0.2264 -0.3884, 1.3583 -0.3051 -0.3884, 1.3664 -0.2264 -0.3822, 1.3664 -0.3051 -0.3822, 1.3727 -0.2264 -0.374, 1.3727 -0.3051 -0.374, 1.3766 -0.2264 -0.3645, 1.3766 -0.3051 -0.3645, 1.378 -0.2264 -0.3543, 1.0137 -0.3074 -0.3924, 1.0144 -0.3095 -0.3924, 1.0157 -0.3115 -0.3924, 1.0173 -0.3131 -0.3924, 1.0192 -0.3143 -0.3924, 1.0214 -0.3151 -0.3924, 1.0236 -0.3153 -0.3924, 1.0236 -0.3248 -0.3884, 1.0192 -0.3243 -0.3884, 1.0236 -0.333 -0.3822, 1.0174 -0.3323 -0.3822, 1.0236 -0.3392 -0.374, 1.016 -0.3384 -0.374, 1.0236 -0.3431 -0.3645, 1.0152 -0.3422 -0.3645, 1.0071 -0.3394 -0.3645, 0.9999 -0.3348 -0.3645, 0.9939 -0.3288 -0.3645, 0.9894 -0.3216 -0.3645, 0.9865 -0.3136 -0.3645, 1.0088 -0.3358 -0.374, 1.0024 -0.3318 -0.374, 0.997 -0.3264 -0.374, 0.9929 -0.3199 -0.374, 0.9904 -0.3127 -0.374, 1.0115 -0.3302 -0.3822, 1.0063 -0.3269 -0.3822, 1.0019 -0.3225 -0.3822, 0.9985 -0.3172 -0.3822, 0.9965 -0.3113 -0.3822, 1.0151 -0.3229 -0.3884, 1.0113 -0.3205 -0.3884, 1.0082 -0.3174 -0.3884, 1.0059 -0.3137 -0.3884, 1.0044 -0.3095 -0.3884, 1.3753 -0.315 -0.3645, 1.3715 -0.3241 -0.3645, 1.3715 -0.3139 -0.374, 1.3681 -0.3222 -0.374, 1.3655 -0.3123 -0.3822, 1.3627 -0.319 -0.3822, 1.3576 -0.3102 -0.3884, 1.3556 -0.315 -0.3884, 1.3484 -0.3078 -0.3924, 1.3474 -0.3102 -0.3924, 1.3655 -0.332 -0.3645, 1.3627 -0.3292 -0.374, 1.3583 -0.3248 -0.3822, 1.3525 -0.319 -0.3884, 1.3458 -0.3123 -0.3924, 1.3576 -0.3381 -0.3645, 1.3484 -0.3419 -0.3645, 1.3556 -0.3346 -0.374, 1.3474 -0.3381 -0.374, 1.3525 -0.3292 -0.3822, 1.3458 -0.332 -0.3822, 1.3484 -0.3222 -0.3884, 1.3437 -0.3241 -0.3884, 1.3437 -0.3139 -0.3924, 1.3412 -0.315 -0.3924, 1.3386 -0.3431 -0.3645, 1.3386 -0.3392 -0.374, 1.3386 -0.333 -0.3822, 1.3386 -0.3248 -0.3884, 1.3386 -0.3153 -0.3924, -1.3386 -0.3051 0.3937, -1.3386 -0.2264 0.3937, -1.3488 -0.2264 0.3924, -1.3488 -0.3051 0.3924, -1.3583 -0.2264 0.3884, -1.3583 -0.3051 0.3884, -1.3664 -0.2264 0.3822, -1.3664 -0.3051 0.3822, -1.3727 -0.2264 0.374, -1.3727 -0.3051 0.374, -1.3766 -0.2264 0.3645, -1.3766 -0.3051 0.3645, -1.378 -0.2264 0.3543, -1.378 -0.3051 0.3543, -1.3386 -0.3445 0.3543, -1.0236 -0.3445 0.3543, -1.0236 -0.3431 0.3645, -1.3386 -0.3431 0.3645, -1.0236 -0.3392 0.374, -1.3386 -0.3392 0.374, -1.0236 -0.333 0.3822, -1.3386 -0.333 0.3822, -1.0236 -0.3248 0.3884, -1.3386 -0.3248 0.3884, -1.0236 -0.3153 0.3924, -1.3386 -0.3153 0.3924, -1.0236 -0.3051 0.3937, -0.9843 -0.3051 0.3543, -0.9843 -0.2264 0.3543, -0.9856 -0.2264 0.3645, -0.9856 -0.3051 0.3645, -0.9895 -0.2264 0.374, -0.9895 -0.3051 0.374, -0.9958 -0.2264 0.3822, -0.9958 -0.3051 0.3822, -1.0039 -0.2264 0.3884, -1.0039 -0.3051 0.3884, -1.0134 -0.2264 0.3924, -1.0134 -0.3051 0.3924, -1.0236 -0.2264 0.3937, -1.3484 -0.3419 0.3645, -1.3484 -0.3222 0.3884, -1.3437 -0.3139 0.3924, -1.3458 -0.3123 0.3924, -1.3484 -0.3078 0.3924, -1.3412 -0.315 0.3924, -1.3437 -0.3241 0.3884, -1.3458 -0.332 0.3822, -1.3525 -0.319 0.3884, -1.3474 -0.3102 0.3924, -1.3556 -0.315 0.3884, -1.3576 -0.3102 0.3884, -1.3525 -0.3292 0.3822, -1.3583 -0.3248 0.3822, -1.3627 -0.319 0.3822, -1.3655 -0.3123 0.3822, -1.3474 -0.3381 0.374, -1.3556 -0.3346 0.374, -1.3627 -0.3292 0.374, -1.3681 -0.3222 0.374, -1.3715 -0.3139 0.374, -1.3576 -0.3381 0.3645, -1.3655 -0.332 0.3645, -1.3715 -0.3241 0.3645, -1.3753 -0.315 0.3645, -1.3488 -0.3431 0.3543, -1.3583 -0.3392 0.3543, -1.3664 -0.333 0.3543, -1.3727 -0.3248 0.3543, -1.3766 -0.3153 0.3543, -1.0149 -0.3433 0.3543, -1.0134 -0.3431 0.3543, -1.0138 -0.3419 0.3645, -1.0066 -0.3403 0.3543, -1.0039 -0.3392 0.3543, -1.0046 -0.3381 0.3645, -0.9993 -0.3356 0.3543, -0.9958 -0.333 0.3543, -0.9967 -0.332 0.3645, -0.9931 -0.3295 0.3543, -0.9895 -0.3248 0.3543, -0.9907 -0.3241 0.3645, -0.9884 -0.3221 0.3543, -0.9856 -0.3153 0.3543, -0.9869 -0.315 0.3645, -0.9854 -0.3139 0.3543, -0.9907 -0.3139 0.374, -0.9967 -0.3123 0.3822, -1.0046 -0.3102 0.3884, -1.0138 -0.3078 0.3924, -0.9941 -0.3222 0.374, -0.9995 -0.319 0.3822, -1.0066 -0.315 0.3884, -1.0148 -0.3102 0.3924, -0.9995 -0.3292 0.374, -1.0039 -0.3248 0.3822, -1.0097 -0.319 0.3884, -1.0164 -0.3123 0.3924, -1.0066 -0.3346 0.374, -1.0097 -0.3292 0.3822, -1.0138 -0.3222 0.3884, -1.0185 -0.3139 0.3924, -1.0148 -0.3381 0.374, -1.0164 -0.332 0.3822, -1.0185 -0.3241 0.3884, -1.021 -0.315 0.3924, -1.378 -0.3051 -0.3543, -1.378 -0.2264 -0.3543, -1.3766 -0.2264 -0.3645, -1.3766 -0.3051 -0.3645, -1.3727 -0.2264 -0.374, -1.3727 -0.3051 -0.374, -1.3664 -0.2264 -0.3822, -1.3664 -0.3051 -0.3822, -1.3583 -0.2264 -0.3884, -1.3583 -0.3051 -0.3884, -1.3488 -0.2264 -0.3924, -1.3488 -0.3051 -0.3924, -1.3386 -0.2264 -0.3937, -1.3386 -0.3051 -0.3937, -1.3386 -0.3445 -0.3543, -1.3488 -0.3431 -0.3543, -1.3583 -0.3392 -0.3543, -1.3664 -0.333 -0.3543, -1.3727 -0.3248 -0.3543, -1.3766 -0.3153 -0.3543, -1.0236 -0.3445 -0.3543, -1.0149 -0.3433 -0.3543, -1.0134 -0.3431 -0.3543, -1.0066 -0.3403 -0.3543, -1.0039 -0.3392 -0.3543, -0.9993 -0.3356 -0.3543, -0.9958 -0.333 -0.3543, -0.9931 -0.3295 -0.3543, -0.9895 -0.3248 -0.3543, -0.9884 -0.3221 -0.3543, -0.9856 -0.3153 -0.3543, -0.9854 -0.3139 -0.3543, -0.9843 -0.3051 -0.3543, -1.0236 -0.3051 -0.3937, -1.0236 -0.2264 -0.3937, -1.0134 -0.2264 -0.3924, -1.0134 -0.3051 -0.3924, -1.0039 -0.2264 -0.3884, -1.0039 -0.3051 -0.3884, -0.9958 -0.2264 -0.3822, -0.9958 -0.3051 -0.3822, -0.9895 -0.2264 -0.374, -0.9895 -0.3051 -0.374, -0.9856 -0.2264 -0.3645, -0.9856 -0.3051 -0.3645, -0.9843 -0.2264 -0.3543, -1.3484 -0.3419 -0.3645, -1.3576 -0.3381 -0.3645, -1.3474 -0.3381 -0.374, -1.3556 -0.3346 -0.374, -1.3458 -0.332 -0.3822, -1.3525 -0.3292 -0.3822, -1.3437 -0.3241 -0.3884, -1.3484 -0.3222 -0.3884, -1.3412 -0.315 -0.3924, -1.3437 -0.3139 -0.3924, -1.3655 -0.332 -0.3645, -1.3627 -0.3292 -0.374, -1.3583 -0.3248 -0.3822, -1.3525 -0.319 -0.3884, -1.3458 -0.3123 -0.3924, -1.3386 -0.3431 -0.3645, -1.3386 -0.3392 -0.374, -1.3386 -0.333 -0.3822, -1.3386 -0.3248 -0.3884, -1.3386 -0.3153 -0.3924, -1.3715 -0.3241 -0.3645, -1.3753 -0.315 -0.3645, -1.3681 -0.3222 -0.374, -1.3715 -0.3139 -0.374, -1.3627 -0.319 -0.3822, -1.3655 -0.3123 -0.3822, -1.3556 -0.315 -0.3884, -1.3576 -0.3102 -0.3884, -1.3474 -0.3102 -0.3924, -1.3484 -0.3078 -0.3924, -1.0236 -0.3431 -0.3645, -1.0138 -0.3419 -0.3645, -1.0046 -0.3381 -0.3645, -0.9967 -0.332 -0.3645, -0.9907 -0.3241 -0.3645, -0.9869 -0.315 -0.3645, -0.9907 -0.3139 -0.374, -0.9941 -0.3222 -0.374, -0.9967 -0.3123 -0.3822, -0.9995 -0.319 -0.3822, -1.0046 -0.3102 -0.3884, -1.0066 -0.315 -0.3884, -1.0138 -0.3078 -0.3924, -1.0148 -0.3102 -0.3924, -0.9995 -0.3292 -0.374, -1.0039 -0.3248 -0.3822, -1.0097 -0.319 -0.3884, -1.0164 -0.3123 -0.3924, -1.0066 -0.3346 -0.374, -1.0148 -0.3381 -0.374, -1.0097 -0.3292 -0.3822, -1.0164 -0.332 -0.3822, -1.0138 -0.3222 -0.3884, -1.0185 -0.3241 -0.3884, -1.0185 -0.3139 -0.3924, -1.021 -0.315 -0.3924, -1.0236 -0.3392 -0.374, -1.0236 -0.333 -0.3822, -1.0236 -0.3248 -0.3884, -1.0236 -0.3153 -0.3924, -1.0236 -0.3153 -0.3924
            ]
        }
        coordIndex [
            0,1,2,-1,0,2,3,-1,4,5,2,-1,2,5,6,-1,2,6,3,-1,4,7,5,-1,5,7,8,-1,5,8,9,-1,4,2,10,-1,10,2,11,-1,12,13,14,-1,14,13,15,-1,16,17,18,-1,16,18,19,-1,20,21,22,-1,22,23,20,-1,20,23,24,-1,20,24,18,-1,18,24,25,-1,18,25,19,-1,26,27,28,-1,28,27,29,-1,30,31,18,-1,18,31,20,-1,32,33,34,-1,34,35,5,-1,32,34,36,-1,36,34,5,-1,36,5,37,-1,37,5,9,-1,37,9,38,-1,38,9,8,-1,38,8,39,-1,39,8,7,-1,39,7,40,-1,40,7,4,-1,40,4,10,-1,25,41,42,-1,43,44,25,-1,25,44,45,-1,25,45,19,-1,19,45,46,-1,19,46,16,-1,16,46,47,-1,16,47,17,-1,17,47,30,-1,17,30,18,-1,25,42,43,-1,43,42,48,-1,43,48,49,-1,20,31,50,-1,20,50,21,-1,21,50,51,-1,21,51,22,-1,22,51,52,-1,22,52,23,-1,23,52,53,-1,23,53,24,-1,24,53,54,-1,24,54,55,-1,55,54,26,-1,55,26,28,-1,29,27,56,-1,56,27,57,-1,56,57,58,-1,58,57,59,-1,58,59,60,-1,60,59,61,-1,60,61,62,-1,62,61,63,-1,62,63,64,-1,64,63,65,-1,64,65,66,-1,66,65,67,-1,68,69,70,-1,70,69,71,-1,70,71,72,-1,72,71,73,-1,72,73,74,-1,74,73,75,-1,74,75,76,-1,76,75,77,-1,76,77,78,-1,78,77,79,-1,78,79,80,-1,80,79,81,-1,82,83,84,-1,82,84,85,-1,85,84,86,-1,85,86,87,-1,87,86,88,-1,87,88,89,-1,89,88,90,-1,89,90,91,-1,91,90,92,-1,91,92,93,-1,93,92,94,-1,93,94,95,-1,95,94,96,-1,95,96,97,-1,98,99,100,-1,98,100,101,-1,101,100,102,-1,101,102,103,-1,103,102,104,-1,103,104,105,-1,105,104,106,-1,105,106,107,-1,107,106,108,-1,107,108,109,-1,109,108,110,-1,109,110,111,-1,111,110,112,-1,111,112,113,-1,114,115,116,-1,114,116,117,-1,117,116,118,-1,117,118,119,-1,119,118,120,-1,119,120,121,-1,121,120,122,-1,121,122,123,-1,123,122,124,-1,123,124,125,-1,125,124,126,-1,125,126,127,-1,128,129,130,-1,130,129,131,-1,130,131,132,-1,132,131,133,-1,132,133,134,-1,134,133,135,-1,134,135,136,-1,136,135,137,-1,136,137,138,-1,138,137,139,-1,138,139,140,-1,140,139,141,-1,142,143,144,-1,142,144,145,-1,145,144,146,-1,145,146,147,-1,147,146,148,-1,147,148,149,-1,149,148,150,-1,149,150,151,-1,151,150,152,-1,151,152,153,-1,153,152,154,-1,153,154,155,-1,12,14,156,-1,12,156,157,-1,157,156,158,-1,157,158,6,-1,6,158,159,-1,6,159,3,-1,3,159,160,-1,3,160,0,-1,0,160,161,-1,0,161,1,-1,1,161,11,-1,1,11,2,-1,162,163,164,-1,164,163,165,-1,164,165,166,-1,166,165,167,-1,166,167,168,-1,168,167,169,-1,168,169,170,-1,170,169,171,-1,170,171,172,-1,172,171,173,-1,172,173,174,-1,174,173,175,-1,174,175,13,-1,13,175,15,-1,176,177,178,-1,178,177,179,-1,180,181,182,-1,182,181,183,-1,184,185,186,-1,184,186,187,-1,187,186,188,-1,187,188,189,-1,189,188,190,-1,189,190,191,-1,191,190,192,-1,191,192,193,-1,193,192,194,-1,193,194,195,-1,195,194,196,-1,195,196,197,-1,198,184,199,-1,198,199,200,-1,200,199,201,-1,200,201,202,-1,202,201,203,-1,202,203,204,-1,204,203,205,-1,204,205,206,-1,206,205,207,-1,206,207,208,-1,208,207,209,-1,208,209,210,-1,211,212,213,-1,211,213,214,-1,214,213,215,-1,214,215,216,-1,216,215,217,-1,216,217,218,-1,218,217,219,-1,218,219,220,-1,220,219,221,-1,220,221,222,-1,222,221,223,-1,222,223,198,-1,224,225,226,-1,227,228,229,-1,230,231,232,-1,233,234,235,-1,236,237,238,-1,239,209,207,-1,237,239,238,-1,238,239,207,-1,238,207,240,-1,240,207,205,-1,240,205,241,-1,241,205,203,-1,241,203,242,-1,242,203,201,-1,242,201,243,-1,243,201,199,-1,243,199,184,-1,234,236,235,-1,235,236,238,-1,235,238,244,-1,244,238,240,-1,244,240,245,-1,245,240,241,-1,245,241,246,-1,246,241,242,-1,246,242,247,-1,247,242,243,-1,247,243,184,-1,231,233,232,-1,232,233,235,-1,232,235,248,-1,248,235,244,-1,248,244,249,-1,249,244,245,-1,249,245,250,-1,250,245,246,-1,250,246,251,-1,251,246,247,-1,251,247,184,-1,228,230,229,-1,229,230,232,-1,229,232,252,-1,252,232,248,-1,252,248,253,-1,253,248,249,-1,253,249,254,-1,254,249,250,-1,254,250,255,-1,255,250,251,-1,255,251,184,-1,225,227,226,-1,226,227,229,-1,226,229,256,-1,256,229,252,-1,256,252,257,-1,257,252,253,-1,257,253,258,-1,258,253,254,-1,258,254,259,-1,259,254,255,-1,259,255,184,-1,197,224,195,-1,195,224,226,-1,195,226,193,-1,193,226,256,-1,193,256,191,-1,191,256,257,-1,191,257,189,-1,189,257,258,-1,189,258,187,-1,187,258,259,-1,187,259,184,-1,211,214,260,-1,261,262,263,-1,198,200,264,-1,263,262,198,-1,265,198,262,-1,265,262,266,-1,266,262,261,-1,266,261,267,-1,222,198,265,-1,268,269,270,-1,270,269,264,-1,270,264,271,-1,271,264,200,-1,271,200,202,-1,222,265,220,-1,220,265,266,-1,220,266,218,-1,218,266,267,-1,218,267,216,-1,272,268,273,-1,273,268,270,-1,273,270,274,-1,274,270,271,-1,274,271,275,-1,275,271,202,-1,275,202,204,-1,276,272,277,-1,277,272,273,-1,277,273,278,-1,278,273,274,-1,278,274,279,-1,279,274,275,-1,279,275,280,-1,280,275,204,-1,280,204,206,-1,214,276,260,-1,260,276,277,-1,260,277,281,-1,281,277,278,-1,281,278,282,-1,282,278,279,-1,282,279,283,-1,283,279,280,-1,283,280,284,-1,284,280,206,-1,284,206,208,-1,211,260,285,-1,285,260,281,-1,285,281,286,-1,286,281,282,-1,286,282,287,-1,287,282,283,-1,287,283,288,-1,288,283,284,-1,288,284,289,-1,289,284,208,-1,289,208,210,-1,269,198,264,-1,214,216,276,-1,276,216,267,-1,276,267,272,-1,272,267,261,-1,272,261,268,-1,268,261,263,-1,268,263,269,-1,269,263,198,-1,290,291,292,-1,290,292,293,-1,293,292,294,-1,293,294,295,-1,295,294,296,-1,295,296,297,-1,297,296,298,-1,297,298,299,-1,299,298,300,-1,299,300,301,-1,301,300,302,-1,301,302,303,-1,290,304,197,-1,197,304,224,-1,224,304,225,-1,225,304,305,-1,225,305,227,-1,227,305,228,-1,228,305,306,-1,228,306,230,-1,230,306,231,-1,231,306,307,-1,231,307,233,-1,239,237,308,-1,308,237,236,-1,308,236,307,-1,307,236,234,-1,307,234,233,-1,308,309,239,-1,239,309,310,-1,239,310,209,-1,311,211,285,-1,311,285,312,-1,312,285,286,-1,312,286,313,-1,313,286,287,-1,313,287,314,-1,314,287,288,-1,314,288,315,-1,315,288,289,-1,315,289,316,-1,316,289,210,-1,316,210,317,-1,318,319,320,-1,318,320,321,-1,321,320,322,-1,321,322,323,-1,323,322,324,-1,323,324,325,-1,325,324,326,-1,325,326,327,-1,327,326,328,-1,327,328,329,-1,329,328,330,-1,329,330,311,-1,331,301,303,-1,331,303,332,-1,333,332,303,-1,334,333,303,-1,335,334,303,-1,336,335,303,-1,337,336,303,-1,337,338,339,-1,338,340,341,-1,340,342,343,-1,342,344,345,-1,344,310,309,-1,344,309,345,-1,345,309,308,-1,345,308,346,-1,346,308,307,-1,346,307,347,-1,347,307,306,-1,347,306,348,-1,348,306,305,-1,348,305,349,-1,349,305,304,-1,349,304,350,-1,350,304,290,-1,350,290,293,-1,342,345,343,-1,343,345,346,-1,343,346,351,-1,351,346,347,-1,351,347,352,-1,352,347,348,-1,352,348,353,-1,353,348,349,-1,353,349,354,-1,354,349,350,-1,354,350,355,-1,355,350,293,-1,355,293,295,-1,340,343,341,-1,341,343,351,-1,341,351,356,-1,356,351,352,-1,356,352,357,-1,357,352,353,-1,357,353,358,-1,358,353,354,-1,358,354,359,-1,359,354,355,-1,359,355,360,-1,360,355,295,-1,360,295,297,-1,338,341,339,-1,339,341,356,-1,339,356,361,-1,361,356,357,-1,361,357,362,-1,362,357,358,-1,362,358,363,-1,363,358,359,-1,363,359,364,-1,364,359,360,-1,364,360,365,-1,365,360,297,-1,365,297,299,-1,337,339,336,-1,336,339,361,-1,336,361,335,-1,335,361,362,-1,335,362,334,-1,334,362,363,-1,334,363,333,-1,333,363,364,-1,333,364,332,-1,332,364,365,-1,332,365,331,-1,331,365,299,-1,331,299,301,-1,312,313,366,-1,366,313,367,-1,366,367,368,-1,368,367,369,-1,368,369,370,-1,370,369,371,-1,370,371,372,-1,372,371,373,-1,372,373,374,-1,374,373,375,-1,374,375,318,-1,313,314,367,-1,367,314,376,-1,367,376,369,-1,369,376,377,-1,369,377,371,-1,371,377,378,-1,371,378,373,-1,373,378,379,-1,373,379,375,-1,375,379,380,-1,375,380,318,-1,311,312,329,-1,329,312,366,-1,329,366,327,-1,327,366,368,-1,327,368,325,-1,325,368,370,-1,325,370,323,-1,323,370,372,-1,323,372,321,-1,321,372,374,-1,321,374,318,-1,315,316,381,-1,381,316,382,-1,381,382,383,-1,383,382,384,-1,383,384,385,-1,385,384,386,-1,385,386,387,-1,387,386,388,-1,387,388,389,-1,389,388,390,-1,389,390,318,-1,316,317,382,-1,382,317,391,-1,382,391,384,-1,384,391,392,-1,384,392,386,-1,386,392,393,-1,386,393,388,-1,388,393,394,-1,388,394,390,-1,390,394,395,-1,390,395,318,-1,314,315,376,-1,376,315,381,-1,376,381,377,-1,377,381,383,-1,377,383,378,-1,378,383,385,-1,378,385,379,-1,379,385,387,-1,379,387,380,-1,380,387,389,-1,380,389,318,-1,303,318,395,-1,303,395,337,-1,337,395,394,-1,337,394,338,-1,338,394,393,-1,338,393,340,-1,340,393,392,-1,340,392,342,-1,342,392,391,-1,342,391,344,-1,344,391,317,-1,344,317,310,-1,396,397,398,-1,396,398,399,-1,399,398,400,-1,399,400,401,-1,401,400,402,-1,401,402,403,-1,403,402,404,-1,403,404,405,-1,405,404,406,-1,405,406,407,-1,407,406,408,-1,407,408,409,-1,410,411,412,-1,410,412,413,-1,413,412,414,-1,413,414,415,-1,415,414,416,-1,415,416,417,-1,417,416,418,-1,417,418,419,-1,419,418,420,-1,419,420,421,-1,421,420,422,-1,421,422,396,-1,423,424,425,-1,423,425,426,-1,426,425,427,-1,426,427,428,-1,428,427,429,-1,428,429,430,-1,430,429,431,-1,430,431,432,-1,432,431,433,-1,432,433,434,-1,434,433,435,-1,434,435,422,-1,410,413,436,-1,437,438,439,-1,396,399,440,-1,439,438,396,-1,441,396,438,-1,441,438,442,-1,442,438,437,-1,442,437,443,-1,421,396,441,-1,444,445,446,-1,446,445,440,-1,446,440,447,-1,447,440,399,-1,447,399,401,-1,421,441,419,-1,419,441,442,-1,419,442,417,-1,417,442,443,-1,417,443,415,-1,448,444,449,-1,449,444,446,-1,449,446,450,-1,450,446,447,-1,450,447,451,-1,451,447,401,-1,451,401,403,-1,452,448,453,-1,453,448,449,-1,453,449,454,-1,454,449,450,-1,454,450,455,-1,455,450,451,-1,455,451,456,-1,456,451,403,-1,456,403,405,-1,413,452,436,-1,436,452,453,-1,436,453,457,-1,457,453,454,-1,457,454,458,-1,458,454,455,-1,458,455,459,-1,459,455,456,-1,459,456,460,-1,460,456,405,-1,460,405,407,-1,410,436,461,-1,461,436,457,-1,461,457,462,-1,462,457,458,-1,462,458,463,-1,463,458,459,-1,463,459,464,-1,464,459,460,-1,464,460,465,-1,465,460,407,-1,465,407,409,-1,445,396,440,-1,413,415,452,-1,452,415,443,-1,452,443,448,-1,448,443,437,-1,448,437,444,-1,444,437,439,-1,444,439,445,-1,445,439,396,-1,466,467,468,-1,469,470,471,-1,472,473,474,-1,475,476,477,-1,478,479,480,-1,481,423,426,-1,479,481,480,-1,480,481,426,-1,480,426,482,-1,482,426,428,-1,482,428,483,-1,483,428,430,-1,483,430,484,-1,484,430,432,-1,484,432,485,-1,485,432,434,-1,485,434,422,-1,476,478,477,-1,477,478,480,-1,477,480,486,-1,486,480,482,-1,486,482,487,-1,487,482,483,-1,487,483,488,-1,488,483,484,-1,488,484,489,-1,489,484,485,-1,489,485,422,-1,473,475,474,-1,474,475,477,-1,474,477,490,-1,490,477,486,-1,490,486,491,-1,491,486,487,-1,491,487,492,-1,492,487,488,-1,492,488,493,-1,493,488,489,-1,493,489,422,-1,470,472,471,-1,471,472,474,-1,471,474,494,-1,494,474,490,-1,494,490,495,-1,495,490,491,-1,495,491,496,-1,496,491,492,-1,496,492,497,-1,497,492,493,-1,497,493,422,-1,467,469,468,-1,468,469,471,-1,468,471,498,-1,498,471,494,-1,498,494,499,-1,499,494,495,-1,499,495,500,-1,500,495,496,-1,500,496,501,-1,501,496,497,-1,501,497,422,-1,411,466,412,-1,412,466,468,-1,412,468,414,-1,414,468,498,-1,414,498,416,-1,416,498,499,-1,416,499,418,-1,418,499,500,-1,418,500,420,-1,420,500,501,-1,420,501,422,-1,502,503,504,-1,502,504,505,-1,505,504,506,-1,505,506,507,-1,507,506,508,-1,507,508,509,-1,509,508,510,-1,509,510,511,-1,511,510,512,-1,511,512,513,-1,513,512,514,-1,513,514,515,-1,516,410,461,-1,516,461,517,-1,517,461,462,-1,517,462,518,-1,518,462,463,-1,518,463,519,-1,519,463,464,-1,519,464,520,-1,520,464,465,-1,520,465,521,-1,521,465,409,-1,521,409,502,-1,522,523,411,-1,411,523,466,-1,466,523,467,-1,467,523,524,-1,467,524,469,-1,469,524,525,-1,469,525,470,-1,470,525,526,-1,470,526,472,-1,472,526,527,-1,472,527,473,-1,473,527,528,-1,473,528,475,-1,475,528,529,-1,475,529,476,-1,476,529,530,-1,476,530,478,-1,478,530,531,-1,478,531,479,-1,479,531,532,-1,479,532,481,-1,532,533,481,-1,481,533,534,-1,481,534,423,-1,535,536,537,-1,535,537,538,-1,538,537,539,-1,538,539,540,-1,540,539,541,-1,540,541,542,-1,542,541,543,-1,542,543,544,-1,544,543,545,-1,544,545,546,-1,546,545,547,-1,546,547,534,-1,517,518,548,-1,548,518,549,-1,548,549,550,-1,550,549,551,-1,550,551,552,-1,552,551,553,-1,552,553,554,-1,554,553,555,-1,554,555,556,-1,556,555,557,-1,556,557,515,-1,518,519,549,-1,549,519,558,-1,549,558,551,-1,551,558,559,-1,551,559,553,-1,553,559,560,-1,553,560,555,-1,555,560,561,-1,555,561,557,-1,557,561,562,-1,557,562,515,-1,516,517,563,-1,563,517,548,-1,563,548,564,-1,564,548,550,-1,564,550,565,-1,565,550,552,-1,565,552,566,-1,566,552,554,-1,566,554,567,-1,567,554,556,-1,567,556,515,-1,520,521,568,-1,568,521,569,-1,568,569,570,-1,570,569,571,-1,570,571,572,-1,572,571,573,-1,572,573,574,-1,574,573,575,-1,574,575,576,-1,576,575,577,-1,576,577,515,-1,521,502,569,-1,569,502,505,-1,569,505,571,-1,571,505,507,-1,571,507,573,-1,573,507,509,-1,573,509,575,-1,575,509,511,-1,575,511,577,-1,577,511,513,-1,577,513,515,-1,519,520,558,-1,558,520,568,-1,558,568,559,-1,559,568,570,-1,559,570,560,-1,560,570,572,-1,560,572,561,-1,561,572,574,-1,561,574,562,-1,562,574,576,-1,562,576,515,-1,523,522,578,-1,525,524,579,-1,527,526,580,-1,529,528,581,-1,531,530,582,-1,533,532,583,-1,532,531,583,-1,583,531,582,-1,583,582,584,-1,584,582,585,-1,584,585,586,-1,586,585,587,-1,586,587,588,-1,588,587,589,-1,588,589,590,-1,590,589,591,-1,590,591,535,-1,530,529,582,-1,582,529,581,-1,582,581,585,-1,585,581,592,-1,585,592,587,-1,587,592,593,-1,587,593,589,-1,589,593,594,-1,589,594,591,-1,591,594,595,-1,591,595,535,-1,534,533,546,-1,546,533,583,-1,546,583,544,-1,544,583,584,-1,544,584,542,-1,542,584,586,-1,542,586,540,-1,540,586,588,-1,540,588,538,-1,538,588,590,-1,538,590,535,-1,526,525,580,-1,580,525,579,-1,580,579,596,-1,596,579,597,-1,596,597,598,-1,598,597,599,-1,598,599,600,-1,600,599,601,-1,600,601,602,-1,602,601,603,-1,602,603,535,-1,524,523,579,-1,579,523,578,-1,579,578,597,-1,597,578,604,-1,597,604,599,-1,599,604,605,-1,599,605,601,-1,601,605,606,-1,601,606,603,-1,603,606,607,-1,603,607,535,-1,528,527,581,-1,581,527,580,-1,581,580,592,-1,592,580,596,-1,592,596,593,-1,593,596,598,-1,593,598,594,-1,594,598,600,-1,594,600,595,-1,595,600,602,-1,595,602,535,-1,522,516,563,-1,522,563,578,-1,578,563,564,-1,578,564,604,-1,604,564,565,-1,604,565,605,-1,605,565,566,-1,605,566,606,-1,606,566,567,-1,606,567,607,-1,607,567,515,-1,607,515,535,-1,
        ]
    }
}
Shape{
    appearance Appearance {
        material  Material 	{
            diffuseColor 0.0 0.0 0.0
            specularColor 0.0 0.0 0.0
            ambientIntensity 0.2
            transparency 0
            shininess 0.5
        }
    }
    geometry IndexedFaceSet {
        ccw TRUE
        solid FALSE
        coord DEF co Coordinate {
            point [
                -0.0358 0.7421 0.5146, -0.0358 0.7421 0.5055, -0.0358 0.7382 0.5146, -0.0358 0.7382 0.5055, -0.0039 0.7421 0.5146, -0.0039 0.7382 0.5146, -0.0039 0.7421 0.5856, -0.0039 0.7382 0.5856, 0.0064 0.7421 0.5856, 0.0064 0.7382 0.5856, 0.0064 0.7421 0.5055, 0.0064 0.7382 0.5055, -0.0768 0.7421 0.5042, -0.0768 0.7382 0.5042, -0.089 0.7421 0.5053, -0.0839 0.7382 0.5048, -0.089 0.7382 0.5053, -0.0976 0.7382 0.5082, -0.0976 0.7421 0.5082, -0.099 0.7382 0.5088, -0.099 0.7421 0.5088, -0.099 0.7421 0.5187, -0.099 0.7382 0.5187, -0.0912 0.7382 0.5152, -0.0912 0.7421 0.5152, -0.0821 0.7382 0.5135, -0.0821 0.7421 0.5135, -0.0783 0.7382 0.5134, -0.0783 0.7421 0.5134, -0.0703 0.7382 0.5144, -0.0703 0.7421 0.5144, -0.0646 0.7382 0.5166, -0.0646 0.7421 0.5166, -0.0593 0.7382 0.5203, -0.0593 0.7421 0.5203, -0.0578 0.7382 0.5218, -0.0578 0.7421 0.5218, -0.0539 0.7382 0.5272, -0.0539 0.7421 0.5272, -0.0513 0.7382 0.5337, -0.0513 0.7421 0.5337, -0.05 0.7382 0.5417, -0.05 0.7421 0.5417, -0.0499 0.7382 0.5447, -0.0499 0.7421 0.5447, -0.0513 0.7382 0.5558, -0.0513 0.7421 0.5558, -0.054 0.7382 0.5627, -0.054 0.7421 0.5627, -0.0583 0.7382 0.5687, -0.0583 0.7421 0.5687, -0.0638 0.7382 0.5732, -0.0638 0.7421 0.5732, -0.0701 0.7382 0.5761, -0.0701 0.7421 0.5761, -0.077 0.7382 0.5775, -0.077 0.7421 0.5775, -0.0801 0.7382 0.5776, -0.0801 0.7421 0.5776, -0.09 0.7382 0.5764, -0.09 0.7421 0.5764, -0.0981 0.7382 0.5733, -0.0981 0.7421 0.5733, -0.099 0.7382 0.5729, -0.099 0.7421 0.5729, -0.099 0.7421 0.5837, -0.099 0.7382 0.5837, -0.08 0.7382 0.5869, -0.08 0.7421 0.5869, -0.0802 0.7421 0.5869, -0.0906 0.7382 0.5861, -0.0906 0.7421 0.5861, -0.0885 0.7382 0.5863, -0.0802 0.7382 0.5869, -0.0745 0.7382 0.5863, -0.0684 0.7421 0.5855, -0.0684 0.7382 0.5855, -0.06 0.7382 0.5822, -0.06 0.7421 0.5822, -0.0525 0.7382 0.577, -0.0525 0.7421 0.577, -0.0506 0.7382 0.5752, -0.0506 0.7421 0.5752, -0.0448 0.7382 0.5676, -0.0426 0.7382 0.5625, -0.041 0.7421 0.5587, -0.0448 0.7421 0.5676, -0.041 0.7382 0.5587, -0.0392 0.7382 0.5482, -0.0392 0.7421 0.5482, -0.0391 0.7382 0.544, -0.0391 0.7421 0.544, -0.0407 0.7382 0.5309, -0.0426 0.7382 0.5259, -0.044 0.7421 0.5225, -0.0407 0.7421 0.5309, -0.044 0.7382 0.5225, -0.0493 0.7382 0.5151, -0.0493 0.7421 0.5151, -0.072 0.7421 0.5044, -0.0558 0.7382 0.5097, -0.0558 0.7421 0.5097, -0.0633 0.7382 0.5062, -0.0633 0.7421 0.5062, -0.0698 0.7382 0.5048, -0.072 0.7382 0.5044, -0.1581 0.7421 0.5146, -0.1581 0.7421 0.5055, -0.1581 0.7382 0.5146, -0.1581 0.7382 0.5055, -0.1254 0.7382 0.5146, -0.1254 0.7421 0.5146, -0.147 0.7382 0.5146, -0.1254 0.7421 0.5416, -0.1254 0.7382 0.5416, -0.154 0.7421 0.5416, -0.147 0.7382 0.5416, -0.154 0.7382 0.5416, -0.154 0.7421 0.5508, -0.154 0.7382 0.5508, -0.1254 0.7382 0.5508, -0.1254 0.7421 0.5508, -0.147 0.7382 0.5508, -0.1254 0.7421 0.5764, -0.1254 0.7382 0.5764, -0.1563 0.7421 0.5764, -0.147 0.7382 0.5764, -0.1563 0.7382 0.5764, -0.1563 0.7421 0.5856, -0.1563 0.7382 0.5856, -0.115 0.7382 0.5856, -0.115 0.7421 0.5856, -0.147 0.7382 0.5856, -0.115 0.7421 0.5055, -0.115 0.7382 0.5055, -0.147 0.7382 0.5055, -0.223 0.7421 0.5279, -0.219 0.7421 0.523, -0.2263 0.7421 0.5167, -0.2175 0.7421 0.5217, -0.2181 0.7421 0.5108, -0.2122 0.7421 0.5182, -0.209 0.7421 0.5072, -0.2054 0.7421 0.5157, -0.1952 0.7421 0.5055, -0.1952 0.7421 0.5146, -0.1732 0.7421 0.5055, -0.1836 0.7421 0.5146, -0.1732 0.7421 0.5856, -0.1836 0.7421 0.5764, -0.1961 0.7421 0.5856, -0.1957 0.7421 0.5764, -0.2083 0.7421 0.5842, -0.206 0.7421 0.5752, -0.2179 0.7421 0.5807, -0.2129 0.7421 0.5727, -0.2263 0.7421 0.575, -0.2188 0.7421 0.5688, -0.2291 0.7421 0.5723, -0.2214 0.7421 0.5662, -0.2341 0.7421 0.5653, -0.2244 0.7421 0.5616, -0.2371 0.7421 0.5577, -0.2266 0.7421 0.5555, -0.2384 0.7421 0.5466, -0.2275 0.7421 0.5463, -0.2382 0.7421 0.5415, -0.2273 0.7421 0.5412, -0.2362 0.7421 0.5321, -0.2257 0.7421 0.5339, -0.2323 0.7421 0.5238, -0.1952 0.7382 0.5055, -0.1732 0.7382 0.5055, -0.2263 0.7382 0.5167, -0.209 0.7382 0.5072, -0.2099 0.7382 0.5076, -0.2181 0.7382 0.5108, -0.2323 0.7382 0.5238, -0.2362 0.7382 0.5321, -0.2382 0.7382 0.5415, -0.2384 0.7382 0.5466, -0.2371 0.7382 0.5577, -0.2341 0.7382 0.5653, -0.2291 0.7382 0.5723, -0.2263 0.7382 0.575, -0.1961 0.7382 0.5856, -0.2179 0.7382 0.5807, -0.2099 0.7382 0.5836, -0.2083 0.7382 0.5842, -0.1732 0.7382 0.5856, -0.1957 0.7382 0.5764, -0.1836 0.7382 0.5764, -0.1836 0.7382 0.5146, -0.1952 0.7382 0.5146, -0.219 0.7382 0.523, -0.2175 0.7382 0.5217, -0.2122 0.7382 0.5182, -0.2054 0.7382 0.5157, -0.2275 0.7382 0.5463, -0.2273 0.7382 0.5412, -0.2257 0.7382 0.5339, -0.223 0.7382 0.5279, -0.2188 0.7382 0.5688, -0.2214 0.7382 0.5662, -0.2244 0.7382 0.5616, -0.2266 0.7382 0.5555, -0.206 0.7382 0.5752, -0.2129 0.7382 0.5727, -0.2129 0.7382 0.5727
            ]
        }
        coordIndex [
            0,1,2,-1,2,1,3,-1,4,0,5,-1,5,0,2,-1,6,4,7,-1,7,4,5,-1,8,6,9,-1,9,6,7,-1,10,8,11,-1,11,8,9,-1,1,10,3,-1,3,10,11,-1,6,8,4,-1,4,8,10,-1,4,10,0,-1,0,10,1,-1,12,13,14,-1,14,13,15,-1,15,16,14,-1,14,16,17,-1,14,17,18,-1,18,17,19,-1,18,19,20,-1,21,20,22,-1,22,20,19,-1,21,22,23,-1,21,23,24,-1,24,23,25,-1,24,25,26,-1,26,25,27,-1,26,27,28,-1,28,27,29,-1,28,29,30,-1,30,29,31,-1,30,31,32,-1,32,31,33,-1,32,33,34,-1,34,33,35,-1,34,35,36,-1,36,35,37,-1,36,37,38,-1,38,37,39,-1,38,39,40,-1,40,39,41,-1,40,41,42,-1,42,41,43,-1,42,43,44,-1,44,43,45,-1,44,45,46,-1,46,45,47,-1,46,47,48,-1,48,47,49,-1,48,49,50,-1,50,49,51,-1,50,51,52,-1,52,51,53,-1,52,53,54,-1,54,53,55,-1,54,55,56,-1,56,55,57,-1,56,57,58,-1,58,57,59,-1,58,59,60,-1,60,59,61,-1,60,61,62,-1,62,61,63,-1,62,63,64,-1,65,64,66,-1,66,64,63,-1,67,68,69,-1,65,66,70,-1,65,70,71,-1,71,70,72,-1,71,72,69,-1,69,72,73,-1,69,73,67,-1,68,67,74,-1,68,74,75,-1,74,76,75,-1,75,76,77,-1,75,77,78,-1,78,77,79,-1,78,79,80,-1,80,79,81,-1,80,81,82,-1,82,81,83,-1,84,85,83,-1,83,85,86,-1,83,86,82,-1,84,87,85,-1,85,87,88,-1,85,88,89,-1,89,88,90,-1,89,90,91,-1,91,90,92,-1,93,94,92,-1,92,94,95,-1,92,95,91,-1,93,96,94,-1,94,96,97,-1,94,97,98,-1,13,12,99,-1,98,97,100,-1,98,100,101,-1,101,100,102,-1,101,102,103,-1,103,102,104,-1,103,104,99,-1,99,104,105,-1,99,105,13,-1,62,64,65,-1,52,80,50,-1,50,80,82,-1,50,82,48,-1,48,82,86,-1,48,86,46,-1,62,65,60,-1,60,65,71,-1,60,71,58,-1,58,71,69,-1,58,69,56,-1,56,69,68,-1,56,68,54,-1,54,68,75,-1,54,75,52,-1,52,75,78,-1,52,78,80,-1,91,44,89,-1,89,44,46,-1,89,46,85,-1,85,46,86,-1,20,21,18,-1,18,21,24,-1,18,24,14,-1,14,24,26,-1,14,26,12,-1,12,26,28,-1,12,28,99,-1,99,28,30,-1,99,30,103,-1,103,30,32,-1,103,32,101,-1,101,32,34,-1,101,34,98,-1,98,34,36,-1,98,36,94,-1,94,36,38,-1,94,38,95,-1,95,38,40,-1,95,40,91,-1,91,40,42,-1,91,42,44,-1,106,107,108,-1,108,107,109,-1,110,111,112,-1,112,111,106,-1,112,106,108,-1,113,111,114,-1,114,111,110,-1,113,114,115,-1,115,114,116,-1,115,116,117,-1,118,115,119,-1,119,115,117,-1,120,121,122,-1,122,121,118,-1,122,118,119,-1,123,121,124,-1,124,121,120,-1,123,124,125,-1,125,124,126,-1,125,126,127,-1,128,125,129,-1,129,125,127,-1,130,131,132,-1,132,131,128,-1,132,128,129,-1,133,131,134,-1,134,131,130,-1,133,134,107,-1,107,134,135,-1,107,135,109,-1,133,107,106,-1,106,111,133,-1,133,111,113,-1,133,113,131,-1,125,128,123,-1,123,128,131,-1,123,131,121,-1,121,131,113,-1,121,113,118,-1,118,113,115,-1,136,137,138,-1,138,137,139,-1,138,139,140,-1,140,139,141,-1,140,141,142,-1,142,141,143,-1,142,143,144,-1,144,143,145,-1,144,145,146,-1,146,145,147,-1,146,147,148,-1,148,147,149,-1,148,149,150,-1,150,149,151,-1,150,151,152,-1,152,151,153,-1,152,153,154,-1,154,153,155,-1,154,155,156,-1,156,155,157,-1,156,157,158,-1,158,157,159,-1,158,159,160,-1,160,159,161,-1,160,161,162,-1,162,161,163,-1,162,163,164,-1,164,163,165,-1,164,165,166,-1,166,165,167,-1,166,167,168,-1,168,167,169,-1,168,169,170,-1,170,169,136,-1,170,136,138,-1,144,146,171,-1,171,146,172,-1,173,138,140,-1,144,171,174,-1,144,174,142,-1,142,174,175,-1,142,175,140,-1,140,175,176,-1,140,176,173,-1,138,173,177,-1,138,177,170,-1,170,177,178,-1,170,178,168,-1,168,178,179,-1,168,179,166,-1,166,179,180,-1,166,180,164,-1,164,180,181,-1,164,181,162,-1,162,181,182,-1,162,182,160,-1,160,182,183,-1,160,183,158,-1,158,183,184,-1,158,184,156,-1,185,150,152,-1,156,184,186,-1,156,186,154,-1,154,186,187,-1,154,187,152,-1,152,187,188,-1,152,188,185,-1,148,150,189,-1,189,150,185,-1,146,148,172,-1,172,148,189,-1,151,149,190,-1,190,149,191,-1,149,147,191,-1,191,147,192,-1,147,145,192,-1,192,145,193,-1,137,194,195,-1,137,195,139,-1,139,195,196,-1,139,196,141,-1,141,196,197,-1,141,197,143,-1,143,197,193,-1,143,193,145,-1,165,198,199,-1,165,199,167,-1,167,199,200,-1,167,200,169,-1,169,200,201,-1,169,201,136,-1,136,201,194,-1,136,194,137,-1,157,202,203,-1,157,203,159,-1,159,203,204,-1,159,204,161,-1,161,204,205,-1,161,205,163,-1,163,205,198,-1,163,198,165,-1,151,190,206,-1,151,206,153,-1,153,206,207,-1,153,207,155,-1,155,207,202,-1,155,202,157,-1,
        ]
    }
}
Shape{
    appearance Appearance {
        material  Material 	{
            diffuseColor 1.0 1.0 1.0
            specularColor 0.5019607843137255 0.5019607843137255 0.5019607843137255
            ambientIntensity 0.2
            transparency 0
            shininess 0.5
        }
    }
    geometry IndexedFaceSet {
        ccw TRUE
        solid FALSE
        coord DEF co Coordinate {
            point [
                -0.1836 0.7382 0.5764, -0.1836 0.7382 0.5146, -0.1957 0.7382 0.5764, -0.1952 0.7382 0.5146, -0.2054 0.7382 0.5157, -0.2122 0.7382 0.5182, -0.2175 0.7382 0.5217, -0.219 0.7382 0.523, -0.223 0.7382 0.5279, -0.2257 0.7382 0.5339, -0.2273 0.7382 0.5412, -0.2275 0.7382 0.5463, -0.2266 0.7382 0.5555, -0.2244 0.7382 0.5616, -0.2214 0.7382 0.5662, -0.2188 0.7382 0.5688, -0.206 0.7382 0.5752, -0.2129 0.7382 0.5727, -0.2129 0.7382 0.5727
            ]
        }
        coordIndex [
            0,1,2,-1,2,1,3,-1,2,3,4,-1,4,5,2,-1,2,5,6,-1,2,6,7,-1,7,8,2,-1,2,8,9,-1,2,9,10,-1,10,11,2,-1,2,11,12,-1,2,12,13,-1,13,14,2,-1,2,14,15,-1,2,15,16,-1,16,15,17,-1,
        ]
    }
}
Shape{
    appearance Appearance {
        material  Material 	{
            diffuseColor 0.0 0.0 0.0
            specularColor 0.0 0.0 0.0
            ambientIntensity 0.2
            transparency 0
            shininess 0.5
        }
    }
    geometry IndexedFaceSet {
        ccw TRUE
        solid FALSE
        coord DEF co Coordinate {
            point [
                -0.2652 0.7421 0.5365, -0.2772 0.7421 0.5697, -0.2733 0.7421 0.5856, -0.2429 0.7421 0.5055, -0.2543 0.7421 0.5055, -0.262 0.7421 0.5274, -0.2779 0.7421 0.5721, -0.2785 0.7421 0.5754, -0.2844 0.7421 0.5856, -0.2788 0.7421 0.5754, -0.2794 0.7421 0.572, -0.28 0.7421 0.5697, -0.2921 0.7421 0.5365, -0.3149 0.7421 0.5055, -0.3035 0.7421 0.5055, -0.2953 0.7421 0.5274, -0.2844 0.7382 0.5856, -0.3149 0.7382 0.5055, -0.2733 0.7382 0.5856, -0.2429 0.7382 0.5055, -0.2659 0.7382 0.5661, -0.2543 0.7382 0.5055, -0.262 0.7382 0.5274, -0.2953 0.7382 0.5274, -0.2659 0.7382 0.5274, -0.3035 0.7382 0.5055, -0.2652 0.7382 0.5365, -0.2921 0.7382 0.5365, -0.28 0.7382 0.5697, -0.2788 0.7382 0.5754, -0.2794 0.7382 0.572, -0.2785 0.7382 0.5754, -0.2772 0.7382 0.5697, -0.2779 0.7382 0.5721, -0.2779 0.7382 0.5721
            ]
        }
        coordIndex [
            0,1,2,-1,3,4,5,-1,1,6,2,-1,2,6,7,-1,2,7,8,-1,8,7,9,-1,8,9,10,-1,10,11,8,-1,8,11,12,-1,8,12,13,-1,14,13,15,-1,15,13,12,-1,15,12,5,-1,5,12,0,-1,5,0,3,-1,3,0,2,-1,8,13,16,-1,16,13,17,-1,2,8,18,-1,18,8,16,-1,19,3,20,-1,20,3,2,-1,20,2,18,-1,4,3,21,-1,21,3,19,-1,5,4,22,-1,22,4,21,-1,23,15,24,-1,24,15,5,-1,24,5,22,-1,14,15,25,-1,25,15,23,-1,13,14,17,-1,17,14,25,-1,0,12,26,-1,26,12,27,-1,12,11,27,-1,27,11,28,-1,9,29,30,-1,9,30,10,-1,10,30,28,-1,10,28,11,-1,9,7,29,-1,29,7,31,-1,1,32,33,-1,1,33,6,-1,6,33,31,-1,6,31,7,-1,1,0,32,-1,32,0,26,-1,
        ]
    }
}
Shape{
    appearance Appearance {
        material  Material 	{
            diffuseColor 1.0 1.0 1.0
            specularColor 0.5019607843137255 0.5019607843137255 0.5019607843137255
            ambientIntensity 0.2
            transparency 0
            shininess 0.5
        }
    }
    geometry IndexedFaceSet {
        ccw TRUE
        solid FALSE
        coord DEF co Coordinate {
            point [
                -0.2788 0.7382 0.5754, -0.2785 0.7382 0.5754, -0.2794 0.7382 0.572, -0.2779 0.7382 0.5721, -0.28 0.7382 0.5697, -0.2772 0.7382 0.5697, -0.2921 0.7382 0.5365, -0.2652 0.7382 0.5365, -0.2652 0.7382 0.5365
            ]
        }
        coordIndex [
            0,1,2,-1,2,1,3,-1,2,3,4,-1,4,3,5,-1,4,5,6,-1,6,5,7,-1,
        ]
    }
}
Shape{
    appearance Appearance {
        material  Material 	{
            diffuseColor 0.0 0.0 0.0
            specularColor 0.0 0.0 0.0
            ambientIntensity 0.2
            transparency 0
            shininess 0.5
        }
    }
    geometry IndexedFaceSet {
        ccw TRUE
        solid FALSE
        coord DEF co Coordinate {
            point [
                -0.0366 0.7421 0.3876, -0.0366 0.7421 0.3785, -0.0366 0.7382 0.3876, -0.0366 0.7382 0.3785, -0.0039 0.7421 0.3876, -0.0039 0.7382 0.3876, -0.0039 0.7421 0.4146, -0.0039 0.7382 0.4146, -0.0325 0.7421 0.4146, -0.0325 0.7382 0.4146, -0.0325 0.7421 0.4237, -0.0325 0.7382 0.4237, -0.0039 0.7421 0.4237, -0.0039 0.7382 0.4237, -0.0039 0.7421 0.4494, -0.0039 0.7382 0.4494, -0.0348 0.7421 0.4494, -0.0348 0.7382 0.4494, -0.0348 0.7421 0.4586, -0.0348 0.7382 0.4586, 0.0064 0.7421 0.4586, 0.0064 0.7382 0.4586, 0.0064 0.7421 0.3785, 0.0064 0.7382 0.3785, -0.0688 0.7421 0.4054, -0.0821 0.7421 0.4072, -0.0922 0.7421 0.4153, -0.0821 0.7421 0.3785, -0.0922 0.7421 0.3785, -0.0821 0.7421 0.3873, -0.0821 0.7421 0.4148, -0.0604 0.7421 0.4029, -0.0627 0.7421 0.404, -0.0819 0.7421 0.3873, -0.0768 0.7421 0.389, -0.0802 0.7421 0.3849, -0.0741 0.7421 0.3871, -0.0821 0.7421 0.4017, -0.0816 0.7421 0.3969, -0.0802 0.7421 0.3933, -0.0778 0.7421 0.39, -0.0636 0.7421 0.3858, -0.0644 0.7421 0.3771, -0.067 0.7421 0.3854, -0.0693 0.7421 0.3777, -0.0711 0.7421 0.3859, -0.0734 0.7421 0.3791, -0.0771 0.7421 0.3815, -0.0818 0.7421 0.4192, -0.0914 0.7421 0.423, -0.0808 0.7421 0.4228, -0.0898 0.7421 0.4275, -0.0796 0.7421 0.4249, -0.0877 0.7421 0.4308, -0.0781 0.7421 0.4265, -0.085 0.7421 0.4333, -0.0763 0.7421 0.4277, -0.0817 0.7421 0.4352, -0.074 0.7421 0.4285, -0.0774 0.7421 0.4365, -0.0706 0.7421 0.4288, -0.0715 0.7421 0.437, -0.065 0.7421 0.4283, -0.0613 0.7421 0.4357, -0.0588 0.7421 0.4263, -0.0538 0.7421 0.4328, -0.0518 0.7421 0.4219, -0.0518 0.7421 0.4317, -0.0584 0.7421 0.3888, -0.0511 0.7421 0.3816, -0.0593 0.7421 0.388, -0.0544 0.7421 0.3793, -0.0613 0.7421 0.3866, -0.0582 0.7421 0.3779, -0.064 0.7421 0.3771, -0.0565 0.7421 0.3962, -0.0462 0.7421 0.395, -0.0564 0.7421 0.3946, -0.0462 0.7421 0.3938, -0.0566 0.7421 0.3923, -0.0467 0.7421 0.3892, -0.0573 0.7421 0.3905, -0.048 0.7421 0.3858, -0.0501 0.7421 0.3827, -0.0652 0.7421 0.4125, -0.0576 0.7421 0.4106, -0.0591 0.7421 0.4019, -0.0533 0.7421 0.4084, -0.0579 0.7421 0.4004, -0.0503 0.7421 0.4057, -0.057 0.7421 0.3985, -0.0483 0.7421 0.4029, -0.0469 0.7421 0.3993, -0.0715 0.7382 0.437, -0.0613 0.7382 0.4357, -0.0538 0.7382 0.4328, -0.0518 0.7382 0.4317, -0.0518 0.7382 0.4219, -0.0588 0.7382 0.4263, -0.065 0.7382 0.4283, -0.0706 0.7382 0.4288, -0.074 0.7382 0.4285, -0.0763 0.7382 0.4277, -0.0781 0.7382 0.4265, -0.0796 0.7382 0.4249, -0.0808 0.7382 0.4228, -0.0818 0.7382 0.4192, -0.0821 0.7382 0.4148, -0.0652 0.7382 0.4125, -0.0576 0.7382 0.4106, -0.0533 0.7382 0.4084, -0.0503 0.7382 0.4057, -0.0483 0.7382 0.4029, -0.0469 0.7382 0.3993, -0.0462 0.7382 0.395, -0.0462 0.7382 0.3938, -0.0467 0.7382 0.3892, -0.048 0.7382 0.3858, -0.0501 0.7382 0.3827, -0.0511 0.7382 0.3816, -0.0644 0.7382 0.3771, -0.0544 0.7382 0.3793, -0.0582 0.7382 0.3779, -0.0586 0.7382 0.3778, -0.064 0.7382 0.3771, -0.0693 0.7382 0.3777, -0.0697 0.7382 0.3778, -0.0734 0.7382 0.3791, -0.0771 0.7382 0.3815, -0.0802 0.7382 0.3849, -0.0819 0.7382 0.3873, -0.0821 0.7382 0.3873, -0.0821 0.7382 0.3785, -0.0922 0.7382 0.3785, -0.0922 0.7382 0.4153, -0.0914 0.7382 0.423, -0.0898 0.7382 0.4275, -0.0877 0.7382 0.4308, -0.085 0.7382 0.4333, -0.0817 0.7382 0.4352, -0.0774 0.7382 0.4365, -0.0591 0.7382 0.4019, -0.0604 0.7382 0.4029, -0.0627 0.7382 0.404, -0.0688 0.7382 0.4054, -0.0564 0.7382 0.3946, -0.0565 0.7382 0.3962, -0.057 0.7382 0.3985, -0.0579 0.7382 0.4004, -0.0593 0.7382 0.388, -0.0584 0.7382 0.3888, -0.0573 0.7382 0.3905, -0.0566 0.7382 0.3923, -0.067 0.7382 0.3854, -0.0636 0.7382 0.3858, -0.0613 0.7382 0.3866, -0.0778 0.7382 0.39, -0.0768 0.7382 0.389, -0.0741 0.7382 0.3871, -0.0711 0.7382 0.3859, -0.0821 0.7382 0.4017, -0.0816 0.7382 0.3969, -0.0802 0.7382 0.3933, -0.0821 0.7382 0.4072, -0.0821 0.7382 0.4072
            ]
        }
        coordIndex [
            0,1,2,-1,2,1,3,-1,4,0,5,-1,5,0,2,-1,6,4,7,-1,7,4,5,-1,8,6,9,-1,9,6,7,-1,10,8,11,-1,11,8,9,-1,12,10,13,-1,13,10,11,-1,14,12,15,-1,15,12,13,-1,16,14,17,-1,17,14,15,-1,18,16,19,-1,19,16,17,-1,20,18,21,-1,21,18,19,-1,22,20,23,-1,23,20,21,-1,1,22,3,-1,3,22,23,-1,1,0,22,-1,22,0,4,-1,8,10,6,-1,6,10,12,-1,16,18,14,-1,14,18,20,-1,14,20,12,-1,12,20,22,-1,12,22,6,-1,6,22,4,-1,24,25,26,-1,27,28,29,-1,29,28,26,-1,30,31,32,-1,33,34,35,-1,35,34,36,-1,25,37,26,-1,26,37,38,-1,26,38,29,-1,29,38,39,-1,29,39,33,-1,33,39,40,-1,33,40,34,-1,41,42,43,-1,43,42,44,-1,43,44,45,-1,45,44,46,-1,45,46,36,-1,36,46,47,-1,36,47,35,-1,32,24,30,-1,30,24,26,-1,30,26,48,-1,48,26,49,-1,48,49,50,-1,50,49,51,-1,50,51,52,-1,52,51,53,-1,52,53,54,-1,54,53,55,-1,54,55,56,-1,56,55,57,-1,56,57,58,-1,58,57,59,-1,58,59,60,-1,60,59,61,-1,60,61,62,-1,62,61,63,-1,62,63,64,-1,64,63,65,-1,64,65,66,-1,66,65,67,-1,68,69,70,-1,70,69,71,-1,70,71,72,-1,72,71,73,-1,72,73,41,-1,41,73,74,-1,41,74,42,-1,75,76,77,-1,77,76,78,-1,77,78,79,-1,79,78,80,-1,79,80,81,-1,81,80,82,-1,81,82,68,-1,68,82,83,-1,68,83,69,-1,30,84,31,-1,31,84,85,-1,31,85,86,-1,86,85,87,-1,86,87,88,-1,88,87,89,-1,88,89,90,-1,90,89,91,-1,90,91,75,-1,75,91,92,-1,75,92,76,-1,61,93,94,-1,61,94,63,-1,63,94,95,-1,63,95,65,-1,65,95,96,-1,65,96,67,-1,66,67,97,-1,97,67,96,-1,66,97,98,-1,66,98,64,-1,64,98,99,-1,64,99,62,-1,62,99,100,-1,62,100,60,-1,60,100,101,-1,60,101,58,-1,58,101,102,-1,58,102,56,-1,56,102,103,-1,56,103,54,-1,54,103,104,-1,54,104,52,-1,52,104,105,-1,52,105,50,-1,50,105,106,-1,50,106,48,-1,48,106,107,-1,48,107,30,-1,84,30,108,-1,108,30,107,-1,84,108,109,-1,84,109,85,-1,85,109,110,-1,85,110,87,-1,87,110,111,-1,87,111,89,-1,89,111,112,-1,89,112,91,-1,91,112,113,-1,91,113,92,-1,92,113,114,-1,92,114,76,-1,76,114,115,-1,76,115,78,-1,78,115,116,-1,78,116,80,-1,80,116,117,-1,80,117,82,-1,82,117,118,-1,82,118,83,-1,83,118,119,-1,83,119,69,-1,120,42,74,-1,69,119,121,-1,69,121,71,-1,71,121,122,-1,71,122,73,-1,73,122,123,-1,73,123,74,-1,74,123,124,-1,74,124,120,-1,42,120,125,-1,42,125,44,-1,44,125,126,-1,44,126,46,-1,126,127,46,-1,46,127,128,-1,46,128,47,-1,47,128,129,-1,47,129,35,-1,35,129,130,-1,35,130,33,-1,29,33,131,-1,131,33,130,-1,27,29,132,-1,132,29,131,-1,28,27,133,-1,133,27,132,-1,26,28,134,-1,134,28,133,-1,26,134,135,-1,26,135,49,-1,49,135,136,-1,49,136,51,-1,51,136,137,-1,51,137,53,-1,53,137,138,-1,53,138,55,-1,55,138,139,-1,55,139,57,-1,57,139,140,-1,57,140,59,-1,59,140,93,-1,59,93,61,-1,86,141,142,-1,86,142,31,-1,31,142,143,-1,31,143,32,-1,32,143,144,-1,32,144,24,-1,77,145,146,-1,77,146,75,-1,75,146,147,-1,75,147,90,-1,90,147,148,-1,90,148,88,-1,88,148,141,-1,88,141,86,-1,70,149,150,-1,70,150,68,-1,68,150,151,-1,68,151,81,-1,81,151,152,-1,81,152,79,-1,79,152,145,-1,79,145,77,-1,43,153,154,-1,43,154,41,-1,41,154,155,-1,41,155,72,-1,72,155,149,-1,72,149,70,-1,40,156,157,-1,40,157,34,-1,34,157,158,-1,34,158,36,-1,36,158,159,-1,36,159,45,-1,45,159,153,-1,45,153,43,-1,37,160,161,-1,37,161,38,-1,38,161,162,-1,38,162,39,-1,39,162,156,-1,39,156,40,-1,37,25,160,-1,160,25,163,-1,25,24,163,-1,163,24,144,-1,
        ]
    }
}
Shape{
    appearance Appearance {
        material  Material 	{
            diffuseColor 1.0 1.0 1.0
            specularColor 0.5019607843137255 0.5019607843137255 0.5019607843137255
            ambientIntensity 0.2
            transparency 0
            shininess 0.5
        }
    }
    geometry IndexedFaceSet {
        ccw TRUE
        solid FALSE
        coord DEF co Coordinate {
            point [
                -0.0821 0.7382 0.4017, -0.0821 0.7382 0.4072, -0.0688 0.7382 0.4054, -0.0768 0.7382 0.389, -0.0778 0.7382 0.39, -0.0627 0.7382 0.404, -0.0604 0.7382 0.4029, -0.0711 0.7382 0.3859, -0.0741 0.7382 0.3871, -0.0802 0.7382 0.3933, -0.0816 0.7382 0.3969, -0.0591 0.7382 0.4019, -0.0579 0.7382 0.4004, -0.057 0.7382 0.3985, -0.0565 0.7382 0.3962, -0.0564 0.7382 0.3946, -0.0566 0.7382 0.3923, -0.0613 0.7382 0.3866, -0.0636 0.7382 0.3858, -0.0593 0.7382 0.388, -0.067 0.7382 0.3854, -0.0573 0.7382 0.3905, -0.0584 0.7382 0.3888, -0.0584 0.7382 0.3888
            ]
        }
        coordIndex [
            0,1,2,-1,3,4,2,-1,5,6,7,-1,5,7,2,-1,2,7,8,-1,2,8,3,-1,4,9,2,-1,2,9,10,-1,2,10,0,-1,6,11,7,-1,7,11,12,-1,7,12,13,-1,13,14,7,-1,7,14,15,-1,7,15,16,-1,17,18,19,-1,19,18,20,-1,19,20,7,-1,16,21,7,-1,7,21,22,-1,7,22,19,-1,
        ]
    }
}
Shape{
    appearance Appearance {
        material  Material 	{
            diffuseColor 0.0 0.0 0.0
            specularColor 0.0 0.0 0.0
            ambientIntensity 0.2
            transparency 0
            shininess 0.5
        }
    }
    geometry IndexedFaceSet {
        ccw TRUE
        solid FALSE
        coord DEF co Coordinate {
            point [
                -0.1058 0.7382 0.3909, -0.1058 0.7421 0.3909, -0.1094 0.7421 0.3886, -0.1223 0.7421 0.3853, -0.1223 0.7382 0.3853, -0.1156 0.7382 0.3861, -0.1156 0.7421 0.3861, -0.1104 0.7382 0.3882, -0.1094 0.7382 0.3886, -0.1058 0.7421 0.3805, -0.1058 0.7382 0.3805, -0.1128 0.7421 0.378, -0.1104 0.7382 0.3789, -0.1213 0.7382 0.3771, -0.1213 0.7421 0.3771, -0.1148 0.7382 0.3778, -0.1128 0.7382 0.378, -0.1304 0.7421 0.3782, -0.1269 0.7382 0.3778, -0.1304 0.7382 0.3782, -0.1357 0.7382 0.3803, -0.1357 0.7421 0.3803, -0.1379 0.7382 0.3817, -0.1379 0.7421 0.3817, -0.141 0.7382 0.3845, -0.141 0.7421 0.3845, -0.1428 0.7382 0.3871, -0.1428 0.7421 0.3871, -0.144 0.7382 0.3903, -0.144 0.7421 0.3903, -0.1444 0.7382 0.3941, -0.1444 0.7421 0.3941, -0.1439 0.7382 0.3982, -0.1439 0.7421 0.3982, -0.1427 0.7382 0.4011, -0.1427 0.7421 0.4011, -0.141 0.7382 0.4035, -0.141 0.7421 0.4035, -0.1386 0.7382 0.4056, -0.1386 0.7421 0.4056, -0.132 0.7382 0.4093, -0.132 0.7421 0.4093, -0.1281 0.7382 0.4109, -0.1281 0.7421 0.4109, -0.1219 0.7382 0.4136, -0.1219 0.7421 0.4136, -0.1183 0.7382 0.4158, -0.1183 0.7421 0.4158, -0.1174 0.7382 0.4169, -0.1174 0.7421 0.4169, -0.1166 0.7382 0.4183, -0.1166 0.7421 0.4183, -0.1162 0.7382 0.4198, -0.1162 0.7421 0.4198, -0.1162 0.7382 0.4212, -0.1162 0.7421 0.4212, -0.1163 0.7382 0.4228, -0.1163 0.7421 0.4228, -0.1168 0.7382 0.4241, -0.1168 0.7421 0.4241, -0.1177 0.7382 0.4254, -0.1177 0.7421 0.4254, -0.1192 0.7382 0.4267, -0.1192 0.7421 0.4267, -0.1215 0.7382 0.4279, -0.1215 0.7421 0.4279, -0.1241 0.7382 0.4286, -0.1241 0.7421 0.4286, -0.1271 0.7382 0.4288, -0.1271 0.7421 0.4288, -0.1341 0.7382 0.428, -0.1341 0.7421 0.428, -0.1398 0.7382 0.4258, -0.1398 0.7421 0.4258, -0.1416 0.7382 0.4247, -0.1416 0.7421 0.4247, -0.1416 0.7421 0.4345, -0.1416 0.7382 0.4345, -0.1351 0.7382 0.4364, -0.1351 0.7421 0.4364, -0.1281 0.7382 0.437, -0.1281 0.7421 0.437, -0.12 0.7382 0.436, -0.12 0.7421 0.436, -0.1147 0.7382 0.4339, -0.1147 0.7421 0.4339, -0.1122 0.7382 0.4324, -0.1122 0.7421 0.4324, -0.1104 0.7382 0.4308, -0.1091 0.7421 0.4295, -0.1091 0.7382 0.4295, -0.1073 0.7382 0.4268, -0.1073 0.7421 0.4268, -0.1062 0.7382 0.4236, -0.1062 0.7421 0.4236, -0.1058 0.7382 0.4203, -0.1058 0.7421 0.4203, -0.1063 0.7382 0.416, -0.1063 0.7421 0.416, -0.1075 0.7382 0.413, -0.1075 0.7421 0.413, -0.1087 0.7382 0.4112, -0.1087 0.7421 0.4112, -0.121 0.7382 0.4036, -0.121 0.7421 0.4036, -0.115 0.7421 0.4064, -0.1103 0.7382 0.4095, -0.1103 0.7421 0.4095, -0.1104 0.7382 0.4094, -0.115 0.7382 0.4064, -0.1276 0.7382 0.4009, -0.1276 0.7421 0.4009, -0.1315 0.7382 0.3985, -0.1315 0.7421 0.3985, -0.1328 0.7382 0.3972, -0.1328 0.7421 0.3972, -0.1335 0.7382 0.3959, -0.1335 0.7421 0.3959, -0.134 0.7382 0.3943, -0.134 0.7421 0.3943, -0.1341 0.7382 0.3931, -0.1341 0.7421 0.3931, -0.1339 0.7382 0.3912, -0.1339 0.7421 0.3912, -0.1334 0.7382 0.3897, -0.1334 0.7421 0.3897, -0.1325 0.7382 0.3884, -0.1325 0.7421 0.3884, -0.1313 0.7382 0.3874, -0.1313 0.7421 0.3874, -0.1304 0.7382 0.3869, -0.1304 0.7421 0.3869, -0.1278 0.7382 0.3859, -0.1278 0.7421 0.3859, -0.1227 0.7382 0.3853, -0.1227 0.7421 0.3853, -0.1941 0.7421 0.4357, -0.2045 0.7421 0.4357, -0.1941 0.7382 0.4357, -0.2045 0.7382 0.4357, -0.1785 0.7421 0.3926, -0.1785 0.7382 0.3926, -0.1777 0.7382 0.39, -0.1777 0.7421 0.39, -0.1773 0.7382 0.388, -0.1773 0.7421 0.388, -0.177 0.7421 0.388, -0.177 0.7382 0.388, -0.1758 0.7421 0.3927, -0.1758 0.7382 0.3927, -0.1608 0.7382 0.4357, -0.1608 0.7421 0.4357, -0.1657 0.7382 0.4218, -0.1496 0.7421 0.4357, -0.1496 0.7382 0.4357, -0.172 0.7382 0.3786, -0.172 0.7421 0.3786, -0.1657 0.7382 0.3948, -0.1676 0.7382 0.3682, -0.1676 0.7421 0.3682, -0.1717 0.7382 0.3778, -0.1657 0.7382 0.3647, -0.1654 0.7421 0.3643, -0.1654 0.7382 0.3643, -0.1634 0.7382 0.3622, -0.1634 0.7421 0.3622, -0.1615 0.7382 0.361, -0.1615 0.7421 0.361, -0.1593 0.7382 0.3603, -0.1593 0.7421 0.3603, -0.1574 0.7382 0.3602, -0.1574 0.7421 0.3602, -0.1537 0.7382 0.3606, -0.1537 0.7421 0.3606, -0.1517 0.7382 0.3613, -0.1517 0.7421 0.3613, -0.1517 0.7421 0.3524, -0.1517 0.7382 0.3524, -0.1559 0.7382 0.3516, -0.1559 0.7421 0.3516, -0.1581 0.7382 0.3516, -0.1581 0.7421 0.3516, -0.1624 0.7382 0.3521, -0.1624 0.7421 0.3521, -0.1657 0.7382 0.3534, -0.1663 0.7421 0.3536, -0.1663 0.7382 0.3536, -0.1698 0.7382 0.3561, -0.1698 0.7421 0.3561, -0.1699 0.7382 0.3562, -0.1699 0.7421 0.3562, -0.1736 0.7382 0.3604, -0.1736 0.7421 0.3604, -0.1784 0.7382 0.3694, -0.1784 0.7421 0.3694, -0.1785 0.7382 0.3699, -0.1785 0.7421 0.3699, -0.1817 0.7382 0.3778, -0.2584 0.7421 0.3876, -0.2584 0.7421 0.3785, -0.2584 0.7382 0.3876, -0.2584 0.7382 0.3785, -0.2256 0.7382 0.3876, -0.2256 0.7421 0.3876, -0.2406 0.7382 0.3876, -0.2256 0.7421 0.4146, -0.2256 0.7382 0.4146, -0.2543 0.7382 0.4146, -0.2543 0.7421 0.4146, -0.2406 0.7382 0.4146, -0.2543 0.7421 0.4237, -0.2543 0.7382 0.4237, -0.2256 0.7382 0.4237, -0.2256 0.7421 0.4237, -0.2406 0.7382 0.4237, -0.2256 0.7421 0.4494, -0.2256 0.7382 0.4494, -0.2565 0.7382 0.4494, -0.2565 0.7421 0.4494, -0.2406 0.7382 0.4494, -0.2565 0.7421 0.4586, -0.2565 0.7382 0.4586, -0.2153 0.7382 0.4586, -0.2153 0.7421 0.4586, -0.2406 0.7382 0.4586, -0.2153 0.7421 0.3785, -0.2153 0.7382 0.3785, -0.2406 0.7382 0.3785, -0.3232 0.7421 0.4009, -0.3193 0.7421 0.396, -0.3266 0.7421 0.3897, -0.3178 0.7421 0.3946, -0.3183 0.7421 0.3838, -0.3125 0.7421 0.3912, -0.3092 0.7421 0.3802, -0.3056 0.7421 0.3887, -0.2955 0.7421 0.3785, -0.2955 0.7421 0.3876, -0.2735 0.7421 0.3785, -0.2838 0.7421 0.3876, -0.2735 0.7421 0.4586, -0.2838 0.7421 0.4494, -0.2963 0.7421 0.4586, -0.2959 0.7421 0.4494, -0.3086 0.7421 0.4572, -0.3062 0.7421 0.4482, -0.3182 0.7421 0.4537, -0.3132 0.7421 0.4457, -0.3266 0.7421 0.448, -0.319 0.7421 0.4418, -0.3294 0.7421 0.4453, -0.3217 0.7421 0.4392, -0.3343 0.7421 0.4383, -0.3247 0.7421 0.4346, -0.3373 0.7421 0.4307, -0.3268 0.7421 0.4285, -0.3387 0.7421 0.4196, -0.3278 0.7421 0.4193, -0.3384 0.7421 0.4145, -0.3276 0.7421 0.4142, -0.3365 0.7421 0.4051, -0.326 0.7421 0.4069, -0.3326 0.7421 0.3968, -0.2955 0.7382 0.3785, -0.2735 0.7382 0.3785, -0.3092 0.7382 0.3802, -0.3183 0.7382 0.3838, -0.3266 0.7382 0.3897, -0.3326 0.7382 0.3968, -0.3365 0.7382 0.4051, -0.3384 0.7382 0.4145, -0.3387 0.7382 0.4196, -0.3373 0.7382 0.4307, -0.3343 0.7382 0.4383, -0.3294 0.7382 0.4453, -0.3266 0.7382 0.448, -0.3182 0.7382 0.4537, -0.3086 0.7382 0.4572, -0.2963 0.7382 0.4586, -0.2735 0.7382 0.4586, -0.2959 0.7382 0.4494, -0.2838 0.7382 0.4494, -0.2838 0.7382 0.3876, -0.2955 0.7382 0.3876, -0.3193 0.7382 0.396, -0.3178 0.7382 0.3946, -0.3125 0.7382 0.3912, -0.3056 0.7382 0.3887, -0.3278 0.7382 0.4193, -0.3276 0.7382 0.4142, -0.326 0.7382 0.4069, -0.3232 0.7382 0.4009, -0.319 0.7382 0.4418, -0.3217 0.7382 0.4392, -0.3247 0.7382 0.4346, -0.3268 0.7382 0.4285, -0.3062 0.7382 0.4482, -0.3132 0.7382 0.4457, -0.3132 0.7382 0.4457
            ]
        }
        coordIndex [
            0,1,2,-1,3,4,5,-1,3,5,6,-1,6,5,7,-1,6,7,2,-1,2,7,8,-1,2,8,0,-1,9,1,10,-1,10,1,0,-1,9,10,11,-1,11,10,12,-1,13,14,15,-1,15,14,11,-1,15,11,16,-1,16,11,12,-1,14,13,17,-1,17,13,18,-1,18,19,17,-1,17,19,20,-1,17,20,21,-1,21,20,22,-1,21,22,23,-1,23,22,24,-1,23,24,25,-1,25,24,26,-1,25,26,27,-1,27,26,28,-1,27,28,29,-1,29,28,30,-1,29,30,31,-1,31,30,32,-1,31,32,33,-1,33,32,34,-1,33,34,35,-1,35,34,36,-1,35,36,37,-1,37,36,38,-1,37,38,39,-1,39,38,40,-1,39,40,41,-1,41,40,42,-1,41,42,43,-1,43,42,44,-1,43,44,45,-1,45,44,46,-1,45,46,47,-1,47,46,48,-1,47,48,49,-1,49,48,50,-1,49,50,51,-1,51,50,52,-1,51,52,53,-1,53,52,54,-1,53,54,55,-1,55,54,56,-1,55,56,57,-1,57,56,58,-1,57,58,59,-1,59,58,60,-1,59,60,61,-1,61,60,62,-1,61,62,63,-1,63,62,64,-1,63,64,65,-1,65,64,66,-1,65,66,67,-1,67,66,68,-1,67,68,69,-1,69,68,70,-1,69,70,71,-1,71,70,72,-1,71,72,73,-1,73,72,74,-1,73,74,75,-1,76,75,77,-1,77,75,74,-1,76,77,78,-1,76,78,79,-1,79,78,80,-1,79,80,81,-1,81,80,82,-1,81,82,83,-1,83,82,84,-1,83,84,85,-1,85,84,86,-1,85,86,87,-1,86,88,87,-1,87,88,89,-1,88,90,89,-1,89,90,91,-1,89,91,92,-1,92,91,93,-1,92,93,94,-1,94,93,95,-1,94,95,96,-1,96,95,97,-1,96,97,98,-1,98,97,99,-1,98,99,100,-1,100,99,101,-1,100,101,102,-1,103,104,105,-1,102,101,106,-1,102,106,107,-1,107,106,108,-1,107,108,105,-1,105,108,109,-1,105,109,103,-1,104,103,110,-1,104,110,111,-1,111,110,112,-1,111,112,113,-1,113,112,114,-1,113,114,115,-1,115,114,116,-1,115,116,117,-1,117,116,118,-1,117,118,119,-1,119,118,120,-1,119,120,121,-1,121,120,122,-1,121,122,123,-1,123,122,124,-1,123,124,125,-1,125,124,126,-1,125,126,127,-1,127,126,128,-1,127,128,129,-1,129,128,130,-1,129,130,131,-1,131,130,132,-1,131,132,133,-1,133,132,134,-1,133,134,135,-1,135,134,4,-1,135,4,3,-1,59,61,87,-1,87,61,85,-1,85,61,63,-1,85,63,83,-1,125,25,27,-1,111,43,104,-1,104,43,45,-1,125,27,123,-1,123,27,29,-1,123,29,121,-1,121,29,31,-1,121,31,119,-1,119,31,33,-1,119,33,117,-1,117,33,35,-1,117,35,115,-1,115,35,37,-1,115,37,113,-1,113,37,39,-1,113,39,111,-1,111,39,41,-1,111,41,43,-1,25,125,23,-1,23,125,127,-1,23,127,21,-1,14,3,11,-1,11,3,6,-1,11,6,9,-1,9,6,2,-1,9,2,1,-1,63,65,83,-1,83,65,67,-1,83,67,81,-1,81,67,69,-1,81,69,79,-1,79,69,71,-1,79,71,76,-1,76,71,73,-1,76,73,75,-1,127,129,21,-1,21,129,131,-1,21,131,17,-1,17,131,133,-1,17,133,14,-1,14,133,135,-1,14,135,3,-1,87,89,59,-1,59,89,92,-1,59,92,57,-1,57,92,94,-1,57,94,55,-1,55,94,96,-1,55,96,53,-1,53,96,98,-1,53,98,51,-1,51,98,100,-1,51,100,49,-1,49,100,102,-1,49,102,47,-1,47,102,107,-1,47,107,45,-1,45,107,105,-1,45,105,104,-1,136,137,138,-1,138,137,139,-1,140,136,141,-1,141,136,138,-1,140,141,142,-1,140,142,143,-1,143,142,144,-1,143,144,145,-1,146,145,147,-1,147,145,144,-1,148,146,149,-1,149,146,147,-1,150,151,152,-1,152,151,148,-1,152,148,149,-1,153,151,154,-1,154,151,150,-1,155,156,157,-1,157,156,153,-1,157,153,154,-1,158,159,160,-1,160,159,156,-1,160,156,155,-1,158,161,159,-1,159,161,162,-1,161,163,162,-1,162,163,164,-1,162,164,165,-1,165,164,166,-1,165,166,167,-1,167,166,168,-1,167,168,169,-1,169,168,170,-1,169,170,171,-1,171,170,172,-1,171,172,173,-1,173,172,174,-1,173,174,175,-1,176,175,177,-1,177,175,174,-1,176,177,178,-1,176,178,179,-1,179,178,180,-1,179,180,181,-1,181,180,182,-1,181,182,183,-1,183,182,184,-1,183,184,185,-1,184,186,185,-1,185,186,187,-1,185,187,188,-1,188,187,189,-1,188,189,190,-1,190,189,191,-1,190,191,192,-1,192,191,193,-1,192,193,194,-1,194,193,195,-1,194,195,196,-1,139,137,197,-1,197,137,196,-1,197,196,195,-1,137,136,196,-1,196,136,140,-1,196,140,143,-1,151,153,148,-1,148,153,156,-1,148,156,146,-1,146,156,196,-1,146,196,145,-1,145,196,143,-1,165,190,162,-1,162,190,192,-1,162,192,159,-1,159,192,156,-1,156,192,194,-1,156,194,196,-1,175,176,173,-1,173,176,179,-1,173,179,171,-1,171,179,181,-1,171,181,169,-1,169,181,183,-1,169,183,167,-1,167,183,185,-1,167,185,165,-1,165,185,188,-1,165,188,190,-1,198,199,200,-1,200,199,201,-1,202,203,204,-1,204,203,198,-1,204,198,200,-1,205,203,206,-1,206,203,202,-1,207,208,209,-1,209,208,205,-1,209,205,206,-1,210,208,211,-1,211,208,207,-1,212,213,214,-1,214,213,210,-1,214,210,211,-1,215,213,216,-1,216,213,212,-1,217,218,219,-1,219,218,215,-1,219,215,216,-1,220,218,221,-1,221,218,217,-1,222,223,224,-1,224,223,220,-1,224,220,221,-1,225,223,226,-1,226,223,222,-1,201,199,227,-1,227,199,225,-1,227,225,226,-1,225,199,198,-1,198,203,225,-1,225,203,205,-1,225,205,223,-1,218,220,215,-1,215,220,223,-1,215,223,213,-1,213,223,205,-1,213,205,210,-1,210,205,208,-1,228,229,230,-1,230,229,231,-1,230,231,232,-1,232,231,233,-1,232,233,234,-1,234,233,235,-1,234,235,236,-1,236,235,237,-1,236,237,238,-1,238,237,239,-1,238,239,240,-1,240,239,241,-1,240,241,242,-1,242,241,243,-1,242,243,244,-1,244,243,245,-1,244,245,246,-1,246,245,247,-1,246,247,248,-1,248,247,249,-1,248,249,250,-1,250,249,251,-1,250,251,252,-1,252,251,253,-1,252,253,254,-1,254,253,255,-1,254,255,256,-1,256,255,257,-1,256,257,258,-1,258,257,259,-1,258,259,260,-1,260,259,261,-1,260,261,262,-1,262,261,228,-1,262,228,230,-1,236,238,263,-1,263,238,264,-1,236,263,265,-1,236,265,234,-1,234,265,266,-1,234,266,232,-1,232,266,267,-1,232,267,230,-1,230,267,268,-1,230,268,262,-1,262,268,269,-1,262,269,260,-1,260,269,270,-1,260,270,258,-1,258,270,271,-1,258,271,256,-1,256,271,272,-1,256,272,254,-1,254,272,273,-1,254,273,252,-1,252,273,274,-1,252,274,250,-1,250,274,275,-1,250,275,248,-1,248,275,276,-1,248,276,246,-1,246,276,277,-1,246,277,244,-1,244,277,278,-1,244,278,242,-1,240,242,279,-1,279,242,278,-1,238,240,264,-1,264,240,279,-1,243,241,280,-1,280,241,281,-1,241,239,281,-1,281,239,282,-1,239,237,282,-1,282,237,283,-1,229,284,285,-1,229,285,231,-1,231,285,286,-1,231,286,233,-1,233,286,287,-1,233,287,235,-1,235,287,283,-1,235,283,237,-1,257,288,289,-1,257,289,259,-1,259,289,290,-1,259,290,261,-1,261,290,291,-1,261,291,228,-1,228,291,284,-1,228,284,229,-1,249,292,293,-1,249,293,251,-1,251,293,294,-1,251,294,253,-1,253,294,295,-1,253,295,255,-1,255,295,288,-1,255,288,257,-1,243,280,296,-1,243,296,245,-1,245,296,297,-1,245,297,247,-1,247,297,292,-1,247,292,249,-1,
        ]
    }
}
Shape{
    appearance Appearance {
        material  Material 	{
            diffuseColor 1.0 1.0 1.0
            specularColor 0.5019607843137255 0.5019607843137255 0.5019607843137255
            ambientIntensity 0.2
            transparency 0
            shininess 0.5
        }
    }
    geometry IndexedFaceSet {
        ccw TRUE
        solid FALSE
        coord DEF co Coordinate {
            point [
                -0.2838 0.7382 0.4494, -0.2838 0.7382 0.3876, -0.2959 0.7382 0.4494, -0.2955 0.7382 0.3876, -0.3056 0.7382 0.3887, -0.3125 0.7382 0.3912, -0.3178 0.7382 0.3946, -0.3193 0.7382 0.396, -0.3232 0.7382 0.4009, -0.326 0.7382 0.4069, -0.3276 0.7382 0.4142, -0.3278 0.7382 0.4193, -0.3268 0.7382 0.4285, -0.3247 0.7382 0.4346, -0.3217 0.7382 0.4392, -0.319 0.7382 0.4418, -0.3062 0.7382 0.4482, -0.3132 0.7382 0.4457, -0.3132 0.7382 0.4457
            ]
        }
        coordIndex [
            0,1,2,-1,2,1,3,-1,2,3,4,-1,4,5,2,-1,2,5,6,-1,2,6,7,-1,7,8,2,-1,2,8,9,-1,2,9,10,-1,10,11,2,-1,2,11,12,-1,2,12,13,-1,13,14,2,-1,2,14,15,-1,2,15,16,-1,16,15,17,-1,
        ]
    }
}
Shape{
    appearance Appearance {
        material  Material 	{
            diffuseColor 0.0 0.0 0.0
            specularColor 0.0 0.0 0.0
            ambientIntensity 0.2
            transparency 0
            shininess 0.5
        }
    }
    geometry IndexedFaceSet {
        ccw TRUE
        solid FALSE
        coord DEF co Coordinate {
            point [
                -0.3655 0.7421 0.4094, -0.3775 0.7421 0.4427, -0.3736 0.7421 0.4586, -0.3431 0.7421 0.3785, -0.3545 0.7421 0.3785, -0.3622 0.7421 0.4004, -0.3782 0.7421 0.4451, -0.3788 0.7421 0.4483, -0.3847 0.7421 0.4586, -0.379 0.7421 0.4483, -0.3797 0.7421 0.4449, -0.3803 0.7421 0.4427, -0.3924 0.7421 0.4094, -0.4152 0.7421 0.3785, -0.4037 0.7421 0.3785, -0.3956 0.7421 0.4004, -0.3847 0.7382 0.4586, -0.4152 0.7382 0.3785, -0.3736 0.7382 0.4586, -0.3431 0.7382 0.3785, -0.3545 0.7382 0.3785, -0.3622 0.7382 0.4004, -0.3956 0.7382 0.4004, -0.4037 0.7382 0.3785, -0.3655 0.7382 0.4094, -0.3924 0.7382 0.4094, -0.3803 0.7382 0.4427, -0.379 0.7382 0.4483, -0.3797 0.7382 0.4449, -0.3788 0.7382 0.4483, -0.3775 0.7382 0.4427, -0.3782 0.7382 0.4451, -0.3782 0.7382 0.4451
            ]
        }
        coordIndex [
            0,1,2,-1,3,4,5,-1,1,6,2,-1,2,6,7,-1,2,7,8,-1,8,7,9,-1,8,9,10,-1,10,11,8,-1,8,11,12,-1,8,12,13,-1,14,13,15,-1,15,13,12,-1,15,12,5,-1,5,12,0,-1,5,0,3,-1,3,0,2,-1,8,13,16,-1,16,13,17,-1,2,8,18,-1,18,8,16,-1,3,2,19,-1,19,2,18,-1,4,3,20,-1,20,3,19,-1,5,4,21,-1,21,4,20,-1,15,5,22,-1,22,5,21,-1,14,15,23,-1,23,15,22,-1,13,14,17,-1,17,14,23,-1,0,12,24,-1,24,12,25,-1,12,11,25,-1,25,11,26,-1,9,27,28,-1,9,28,10,-1,10,28,26,-1,10,26,11,-1,9,7,27,-1,27,7,29,-1,1,30,31,-1,1,31,6,-1,6,31,29,-1,6,29,7,-1,1,0,30,-1,30,0,24,-1,
        ]
    }
}
Shape{
    appearance Appearance {
        material  Material 	{
            diffuseColor 1.0 1.0 1.0
            specularColor 0.5019607843137255 0.5019607843137255 0.5019607843137255
            ambientIntensity 0.2
            transparency 0
            shininess 0.5
        }
    }
    geometry IndexedFaceSet {
        ccw TRUE
        solid FALSE
        coord DEF co Coordinate {
            point [
                -0.379 0.7382 0.4483, -0.3788 0.7382 0.4483, -0.3797 0.7382 0.4449, -0.3782 0.7382 0.4451, -0.3803 0.7382 0.4427, -0.3775 0.7382 0.4427, -0.3924 0.7382 0.4094, -0.3655 0.7382 0.4094, -0.3655 0.7382 0.4094
            ]
        }
        coordIndex [
            0,1,2,-1,2,1,3,-1,2,3,4,-1,4,3,5,-1,4,5,6,-1,6,5,7,-1,
        ]
    }
}
Shape{
    appearance Appearance {
        material  Material 	{
            diffuseColor 0.0 0.0 0.0
            specularColor 0.0 0.0 0.0
            ambientIntensity 0.2
            transparency 0
            shininess 0.5
        }
    }
    geometry IndexedFaceSet {
        ccw TRUE
        solid FALSE
        coord DEF co Coordinate {
            point [
                0.3601 0.7421 0.3672, 0.3516 0.7421 0.3567, 0.3652 0.7421 0.4175, 0.1751 0.7421 0.4454, 0.1927 0.7421 0.4756, 0.269 0.7421 0.4357, 0.3123 0.7421 0.4192, 0.3077 0.7421 0.4187, 0.2548 0.7421 0.4033, 0.3024 0.7421 0.4169, 0.2978 0.7421 0.4138, 0.2902 0.7421 0.3998, 0.2548 0.7421 0.3976, 0.2902 0.7421 0.3943, 0.327 0.7421 0.3804, 0.3224 0.7421 0.3773, 0.3405 0.7421 0.3483, 0.3171 0.7421 0.3753, 0.3047 0.7421 0.4547, 0.3117 0.7421 0.4551, 0.322 0.7421 0.417, 0.3776 0.7421 0.4251, 0.376 0.7421 0.3826, 0.3658 0.7421 0.3794, 0.2941 0.7421 0.4097, 0.2916 0.7421 0.4051, 0.291 0.7421 0.4512, 0.3252 0.7421 0.4534, 0.3378 0.7421 0.4486, 0.3265 0.7421 0.414, 0.3495 0.7421 0.4405, 0.3303 0.7421 0.41, 0.3589 0.7421 0.4298, 0.333 0.7421 0.405, 0.3343 0.7421 0.3996, 0.1563 0.7421 0.5018, 0.1517 0.7421 0.5018, 0.1284 0.7421 0.5325, 0.1409 0.7421 0.5004, 0.1246 0.7421 0.5312, 0.131 0.7421 0.4966, 0.1078 0.7421 0.5226, 0.0925 0.7421 0.5093, 0.3164 0.7421 0.5205, 0.3123 0.7421 0.5183, 0.3299 0.7421 0.5598, 0.3044 0.7421 0.535, 0.3182 0.7421 0.5734, 0.2919 0.7421 0.5505, 0.3049 0.7421 0.5849, 0.2762 0.7421 0.5623, 0.291 0.7421 0.5934, 0.181 0.7421 0.3786, 0.1785 0.7421 0.3782, 0.1739 0.7421 0.4129, 0.2648 0.7421 0.6036, 0.2576 0.7421 0.57, 0.2365 0.7421 0.6071, 0.1591 0.7421 0.5775, 0.1785 0.7421 0.5484, 0.1405 0.7421 0.556, 0.1664 0.7421 0.5324, 0.1586 0.7421 0.5136, 0.3878 0.7421 0.4356, 0.4113 0.7421 0.4067, 0.3962 0.7421 0.3933, 0.3977 0.7421 0.4836, 0.435 0.7421 0.4758, 0.3994 0.7421 0.4699, 0.4352 0.7421 0.4687, 0.3987 0.7421 0.4612, 0.4331 0.7421 0.4492, 0.3946 0.7421 0.4473, 0.4257 0.7421 0.4279, 0.4137 0.7421 0.4095, 0.3306 0.7421 0.3845, 0.3331 0.7421 0.3892, 0.3343 0.7421 0.3944, 0.3169 0.7421 0.4187, 0.2789 0.7421 0.4448, 0.1221 0.7421 0.4904, 0.1155 0.7421 0.483, 0.0811 0.7421 0.493, 0.1102 0.7421 0.4732, 0.0744 0.7421 0.4756, 0.1076 0.7421 0.4623, 0.072 0.7421 0.4579, 0.1073 0.7421 0.4573, 0.1483 0.7421 0.4129, 0.1449 0.7421 0.3782, 0.1381 0.7421 0.4149, 0.127 0.7421 0.3819, 0.1281 0.7421 0.4195, 0.1096 0.7421 0.3901, 0.1197 0.7421 0.4264, 0.0946 0.7421 0.4022, 0.1189 0.7421 0.4273, 0.0931 0.7421 0.4038, 0.1126 0.7421 0.4361, 0.0824 0.7421 0.4185, 0.1087 0.7421 0.4463, 0.075 0.7421 0.4364, 0.0721 0.7421 0.455, 0.3292 0.7421 0.5252, 0.3365 0.7421 0.5606, 0.3424 0.7421 0.5268, 0.343 0.7421 0.561, 0.3483 0.7421 0.5265, 0.3626 0.7421 0.5588, 0.3623 0.7421 0.5232, 0.3839 0.7421 0.5514, 0.375 0.7421 0.5165, 0.403 0.7421 0.5387, 0.3849 0.7421 0.5077, 0.4085 0.7421 0.5336, 0.3928 0.7421 0.4963, 0.4207 0.7421 0.5184, 0.4304 0.7421 0.4983, 0.1949 0.7421 0.3975, 0.195 0.7421 0.3959, 0.1768 0.7421 0.4135, 0.2387 0.7421 0.5729, 0.236 0.7421 0.5729, 0.2131 0.7421 0.6046, 0.218 0.7421 0.5709, 0.1845 0.7421 0.5945, 0.2 0.7421 0.5643, 0.1839 0.7421 0.5535, 0.3274 0.7421 0.3428, 0.3139 0.7421 0.3407, 0.3123 0.7421 0.3748, 0.3117 0.7421 0.3406, 0.3075 0.7421 0.3753, 0.2979 0.7421 0.3423, 0.3025 0.7421 0.377, 0.2852 0.7421 0.3472, 0.2981 0.7421 0.3799, 0.2739 0.7421 0.3551, 0.2943 0.7421 0.384, 0.2651 0.7421 0.365, 0.2916 0.7421 0.3889, 0.2584 0.7421 0.3777, 0.2551 0.7421 0.3917, 0.1906 0.7421 0.3844, 0.1886 0.7421 0.3824, 0.1945 0.7421 0.3918, 0.193 0.7421 0.388, 0.1751 0.7421 0.4131, 0.1848 0.7421 0.3799, 0.1773 0.7421 0.4135, 0.1814 0.7421 0.413, 0.1854 0.7421 0.4116, 0.1889 0.7421 0.4091, 0.1919 0.7421 0.4058, 0.1939 0.7421 0.4019, 0.0894 0.7382 0.5048, 0.0811 0.7382 0.493, 0.0766 0.7382 0.4814, 0.0744 0.7382 0.4756, 0.072 0.7382 0.4579, 0.0925 0.7382 0.5093, 0.1078 0.7382 0.5226, 0.1246 0.7382 0.5312, 0.1284 0.7382 0.5325, 0.1405 0.7382 0.556, 0.1591 0.7382 0.5775, 0.1722 0.7382 0.5863, 0.1845 0.7382 0.5945, 0.2131 0.7382 0.6046, 0.2365 0.7382 0.6071, 0.2648 0.7382 0.6036, 0.291 0.7382 0.5934, 0.3026 0.7382 0.5863, 0.3049 0.7382 0.5849, 0.3182 0.7382 0.5734, 0.3299 0.7382 0.5598, 0.3365 0.7382 0.5606, 0.343 0.7382 0.561, 0.3626 0.7382 0.5588, 0.3839 0.7382 0.5514, 0.403 0.7382 0.5387, 0.4085 0.7382 0.5336, 0.4207 0.7382 0.5184, 0.4272 0.7382 0.5048, 0.4304 0.7382 0.4983, 0.4338 0.7382 0.4814, 0.435 0.7382 0.4758, 0.4352 0.7382 0.4687, 0.4331 0.7382 0.4492, 0.4257 0.7382 0.4279, 0.4137 0.7382 0.4095, 0.4113 0.7382 0.4067, 0.3962 0.7382 0.3933, 0.376 0.7382 0.3826, 0.3658 0.7382 0.3794, 0.3651 0.7382 0.3778, 0.3601 0.7382 0.3672, 0.3516 0.7382 0.3567, 0.3405 0.7382 0.3483, 0.3352 0.7382 0.3461, 0.3274 0.7382 0.3428, 0.3139 0.7382 0.3407, 0.3117 0.7382 0.3406, 0.2548 0.7382 0.3976, 0.2979 0.7382 0.3423, 0.2881 0.7382 0.3461, 0.2852 0.7382 0.3472, 0.2739 0.7382 0.3551, 0.2651 0.7382 0.365, 0.2584 0.7382 0.3777, 0.2583 0.7382 0.3778, 0.2551 0.7382 0.3917, 0.2548 0.7382 0.4033, 0.1751 0.7382 0.4454, 0.1927 0.7382 0.4756, 0.269 0.7382 0.4357, 0.2789 0.7382 0.4448, 0.291 0.7382 0.4512, 0.3047 0.7382 0.4547, 0.3117 0.7382 0.4551, 0.3252 0.7382 0.4534, 0.3378 0.7382 0.4486, 0.3495 0.7382 0.4405, 0.3589 0.7382 0.4298, 0.3652 0.7382 0.4175, 0.3776 0.7382 0.4251, 0.3878 0.7382 0.4356, 0.3946 0.7382 0.4473, 0.3987 0.7382 0.4612, 0.3994 0.7382 0.4699, 0.3979 0.7382 0.4814, 0.3977 0.7382 0.4836, 0.3928 0.7382 0.4963, 0.3869 0.7382 0.5048, 0.3849 0.7382 0.5077, 0.375 0.7382 0.5165, 0.3623 0.7382 0.5232, 0.3483 0.7382 0.5265, 0.3424 0.7382 0.5268, 0.3292 0.7382 0.5252, 0.3164 0.7382 0.5205, 0.3123 0.7382 0.5183, 0.3044 0.7382 0.535, 0.2919 0.7382 0.5505, 0.2762 0.7382 0.5623, 0.2576 0.7382 0.57, 0.2387 0.7382 0.5729, 0.236 0.7382 0.5729, 0.218 0.7382 0.5709, 0.2 0.7382 0.5643, 0.1839 0.7382 0.5535, 0.1785 0.7382 0.5484, 0.1664 0.7382 0.5324, 0.1586 0.7382 0.5136, 0.1569 0.7382 0.5048, 0.1563 0.7382 0.5018, 0.1517 0.7382 0.5018, 0.1409 0.7382 0.5004, 0.131 0.7382 0.4966, 0.1221 0.7382 0.4904, 0.1155 0.7382 0.483, 0.1146 0.7382 0.4814, 0.1102 0.7382 0.4732, 0.1076 0.7382 0.4623, 0.1073 0.7382 0.4573, 0.1087 0.7382 0.4463, 0.1126 0.7382 0.4361, 0.1189 0.7382 0.4273, 0.1197 0.7382 0.4264, 0.1281 0.7382 0.4195, 0.1381 0.7382 0.4149, 0.1483 0.7382 0.4129, 0.1739 0.7382 0.4129, 0.1751 0.7382 0.4131, 0.1768 0.7382 0.4135, 0.1773 0.7382 0.4135, 0.1814 0.7382 0.413, 0.1854 0.7382 0.4116, 0.1889 0.7382 0.4091, 0.1919 0.7382 0.4058, 0.1939 0.7382 0.4019, 0.1949 0.7382 0.3975, 0.195 0.7382 0.3959, 0.1945 0.7382 0.3918, 0.193 0.7382 0.388, 0.1906 0.7382 0.3844, 0.1886 0.7382 0.3824, 0.1848 0.7382 0.3799, 0.181 0.7382 0.3786, 0.1785 0.7382 0.3782, 0.1449 0.7382 0.3782, 0.127 0.7382 0.3819, 0.1096 0.7382 0.3901, 0.0946 0.7382 0.4022, 0.0931 0.7382 0.4038, 0.0824 0.7382 0.4185, 0.075 0.7382 0.4364, 0.0721 0.7382 0.455, 0.3123 0.7382 0.4192, 0.3077 0.7382 0.4187, 0.3024 0.7382 0.4169, 0.2978 0.7382 0.4138, 0.2941 0.7382 0.4097, 0.2916 0.7382 0.4051, 0.2902 0.7382 0.3998, 0.2902 0.7382 0.3943, 0.2916 0.7382 0.3889, 0.2943 0.7382 0.384, 0.2981 0.7382 0.3799, 0.3025 0.7382 0.377, 0.3075 0.7382 0.3753, 0.3123 0.7382 0.3748, 0.3171 0.7382 0.3753, 0.3224 0.7382 0.3773, 0.327 0.7382 0.3804, 0.3306 0.7382 0.3845, 0.3331 0.7382 0.3892, 0.3343 0.7382 0.3944, 0.3343 0.7382 0.3996, 0.333 0.7382 0.405, 0.3303 0.7382 0.41, 0.3265 0.7382 0.414, 0.322 0.7382 0.417, 0.3169 0.7382 0.4187, 0.3169 0.7382 0.4187
            ]
        }
        coordIndex [
            0,1,2,-1,3,4,5,-1,6,7,3,-1,3,7,8,-1,8,7,9,-1,8,9,10,-1,8,11,12,-1,12,11,13,-1,14,1,15,-1,15,1,16,-1,15,16,17,-1,18,19,20,-1,21,22,2,-1,2,22,23,-1,2,23,0,-1,10,24,8,-1,8,24,25,-1,8,25,11,-1,18,20,26,-1,19,27,20,-1,20,27,28,-1,20,28,29,-1,29,28,30,-1,29,30,31,-1,31,30,32,-1,31,32,33,-1,33,32,2,-1,33,2,34,-1,35,36,37,-1,37,36,38,-1,37,38,39,-1,39,38,40,-1,39,40,41,-1,41,40,42,-1,43,44,45,-1,45,44,46,-1,45,46,47,-1,47,46,48,-1,47,48,49,-1,49,48,50,-1,49,50,51,-1,52,53,54,-1,51,50,55,-1,55,50,56,-1,55,56,57,-1,58,59,60,-1,60,59,61,-1,60,61,37,-1,37,61,62,-1,37,62,35,-1,63,64,21,-1,21,64,65,-1,21,65,22,-1,66,67,68,-1,68,67,69,-1,68,69,70,-1,70,69,71,-1,70,71,72,-1,72,71,73,-1,72,73,63,-1,63,73,74,-1,63,74,64,-1,14,75,1,-1,1,75,76,-1,1,76,2,-1,2,76,77,-1,2,77,34,-1,6,3,78,-1,78,3,5,-1,78,5,20,-1,20,5,79,-1,20,79,26,-1,40,80,42,-1,42,80,81,-1,42,81,82,-1,82,81,83,-1,82,83,84,-1,84,83,85,-1,84,85,86,-1,86,85,87,-1,54,53,88,-1,88,53,89,-1,88,89,90,-1,90,89,91,-1,90,91,92,-1,92,91,93,-1,92,93,94,-1,94,93,95,-1,94,95,96,-1,96,95,97,-1,96,97,98,-1,98,97,99,-1,98,99,100,-1,100,99,101,-1,100,101,87,-1,87,101,102,-1,87,102,86,-1,43,45,103,-1,103,45,104,-1,103,104,105,-1,105,104,106,-1,105,106,107,-1,107,106,108,-1,107,108,109,-1,109,108,110,-1,109,110,111,-1,111,110,112,-1,111,112,113,-1,113,112,114,-1,113,114,115,-1,115,114,116,-1,115,116,66,-1,66,116,117,-1,66,117,67,-1,118,119,120,-1,56,121,57,-1,57,121,122,-1,57,122,123,-1,123,122,124,-1,123,124,125,-1,125,124,126,-1,125,126,58,-1,58,126,127,-1,58,127,59,-1,16,128,17,-1,17,128,129,-1,17,129,130,-1,130,129,131,-1,130,131,132,-1,132,131,133,-1,132,133,134,-1,134,133,135,-1,134,135,136,-1,136,135,137,-1,136,137,138,-1,138,137,139,-1,138,139,140,-1,140,139,141,-1,140,141,13,-1,13,141,142,-1,13,142,12,-1,120,143,144,-1,119,145,120,-1,120,145,146,-1,120,146,143,-1,54,147,52,-1,52,147,120,-1,52,120,148,-1,148,120,144,-1,120,149,118,-1,118,149,150,-1,118,150,151,-1,151,152,118,-1,118,152,153,-1,118,153,154,-1,155,42,156,-1,156,42,82,-1,156,82,157,-1,157,82,84,-1,157,84,158,-1,158,84,86,-1,158,86,159,-1,155,160,42,-1,42,160,161,-1,42,161,41,-1,41,161,162,-1,41,162,39,-1,39,162,163,-1,39,163,37,-1,37,163,164,-1,37,164,60,-1,60,164,165,-1,60,165,58,-1,125,58,166,-1,166,58,165,-1,166,167,125,-1,125,167,168,-1,125,168,123,-1,123,168,169,-1,123,169,57,-1,57,169,170,-1,57,170,55,-1,55,170,171,-1,55,171,51,-1,51,171,49,-1,49,171,172,-1,49,172,173,-1,49,173,174,-1,49,174,47,-1,47,174,175,-1,47,175,45,-1,45,175,176,-1,45,176,104,-1,104,176,177,-1,104,177,106,-1,106,177,178,-1,106,178,108,-1,108,178,179,-1,108,179,110,-1,110,179,180,-1,110,180,112,-1,112,180,181,-1,112,181,114,-1,117,116,182,-1,182,116,114,-1,182,114,181,-1,182,183,117,-1,117,183,184,-1,117,184,67,-1,67,184,185,-1,185,186,67,-1,67,186,187,-1,67,187,69,-1,69,187,188,-1,69,188,71,-1,71,188,189,-1,71,189,73,-1,73,189,190,-1,73,190,74,-1,74,190,191,-1,74,191,64,-1,64,191,192,-1,64,192,65,-1,65,192,193,-1,65,193,22,-1,22,193,194,-1,22,194,23,-1,23,194,195,-1,23,195,0,-1,195,196,0,-1,0,196,197,-1,0,197,1,-1,1,197,198,-1,1,198,16,-1,16,198,199,-1,16,199,128,-1,199,200,128,-1,128,200,201,-1,128,201,129,-1,129,201,202,-1,129,202,131,-1,203,12,142,-1,131,202,204,-1,205,135,204,-1,204,135,133,-1,204,133,131,-1,205,206,135,-1,135,206,207,-1,135,207,137,-1,137,207,208,-1,137,208,139,-1,139,208,209,-1,139,209,141,-1,141,209,210,-1,141,210,142,-1,142,210,211,-1,142,211,203,-1,8,12,212,-1,212,12,203,-1,3,8,213,-1,213,8,212,-1,4,3,214,-1,214,3,213,-1,5,4,215,-1,215,4,214,-1,5,215,216,-1,5,216,79,-1,79,216,217,-1,79,217,26,-1,26,217,218,-1,26,218,18,-1,18,218,219,-1,18,219,19,-1,19,219,220,-1,19,220,27,-1,27,220,221,-1,27,221,28,-1,28,221,222,-1,28,222,30,-1,30,222,223,-1,30,223,32,-1,32,223,224,-1,32,224,2,-1,2,224,225,-1,2,225,21,-1,21,225,226,-1,21,226,63,-1,63,226,227,-1,63,227,72,-1,72,227,228,-1,72,228,70,-1,70,228,229,-1,70,229,68,-1,66,68,229,-1,229,230,66,-1,66,230,231,-1,66,231,232,-1,233,113,232,-1,232,113,115,-1,232,115,66,-1,233,234,113,-1,113,234,235,-1,113,235,111,-1,111,235,236,-1,111,236,109,-1,109,236,237,-1,109,237,107,-1,107,237,238,-1,107,238,105,-1,105,238,239,-1,105,239,103,-1,103,239,240,-1,103,240,43,-1,43,240,241,-1,43,241,44,-1,44,241,242,-1,44,242,46,-1,46,242,243,-1,46,243,48,-1,48,243,244,-1,48,244,50,-1,50,244,245,-1,50,245,56,-1,56,245,246,-1,56,246,121,-1,121,246,247,-1,121,247,122,-1,122,247,248,-1,122,248,124,-1,124,248,249,-1,124,249,126,-1,126,249,250,-1,126,250,127,-1,127,250,251,-1,127,251,59,-1,59,251,252,-1,59,252,61,-1,61,252,253,-1,61,253,62,-1,62,253,35,-1,35,253,254,-1,35,254,255,-1,36,35,256,-1,256,35,255,-1,36,256,257,-1,36,257,38,-1,38,257,258,-1,38,258,40,-1,40,258,259,-1,40,259,80,-1,80,259,260,-1,80,260,81,-1,81,260,261,-1,81,261,83,-1,261,262,83,-1,83,262,263,-1,83,263,85,-1,85,263,264,-1,85,264,87,-1,87,264,265,-1,87,265,100,-1,100,265,266,-1,100,266,98,-1,98,266,267,-1,98,267,96,-1,96,267,268,-1,96,268,94,-1,94,268,269,-1,94,269,92,-1,92,269,270,-1,92,270,90,-1,90,270,271,-1,90,271,88,-1,54,88,272,-1,272,88,271,-1,54,272,273,-1,54,273,147,-1,147,273,274,-1,147,274,120,-1,120,274,275,-1,120,275,149,-1,149,275,276,-1,149,276,150,-1,150,276,277,-1,150,277,151,-1,151,277,278,-1,151,278,152,-1,152,278,279,-1,152,279,153,-1,153,279,280,-1,153,280,154,-1,154,280,281,-1,154,281,118,-1,118,281,282,-1,118,282,119,-1,119,282,283,-1,119,283,145,-1,145,283,284,-1,145,284,146,-1,146,284,285,-1,146,285,143,-1,143,285,286,-1,143,286,144,-1,144,286,287,-1,144,287,148,-1,148,287,288,-1,148,288,52,-1,52,288,289,-1,52,289,53,-1,89,53,290,-1,290,53,289,-1,89,290,291,-1,89,291,91,-1,91,291,292,-1,91,292,93,-1,93,292,293,-1,93,293,95,-1,95,293,294,-1,95,294,97,-1,97,294,295,-1,97,295,99,-1,99,295,296,-1,99,296,101,-1,101,296,297,-1,101,297,102,-1,102,297,159,-1,102,159,86,-1,6,298,299,-1,6,299,7,-1,7,299,300,-1,7,300,9,-1,9,300,301,-1,9,301,10,-1,10,301,302,-1,10,302,24,-1,24,302,303,-1,24,303,25,-1,25,303,304,-1,25,304,11,-1,11,304,305,-1,11,305,13,-1,13,305,306,-1,13,306,140,-1,140,306,307,-1,140,307,138,-1,138,307,308,-1,138,308,136,-1,136,308,309,-1,136,309,134,-1,134,309,310,-1,134,310,132,-1,132,310,311,-1,132,311,130,-1,130,311,312,-1,130,312,17,-1,17,312,313,-1,17,313,15,-1,15,313,314,-1,15,314,14,-1,14,314,315,-1,14,315,75,-1,75,315,316,-1,75,316,76,-1,76,316,317,-1,76,317,77,-1,77,317,318,-1,77,318,34,-1,34,318,319,-1,34,319,33,-1,33,319,320,-1,33,320,31,-1,31,320,321,-1,31,321,29,-1,29,321,322,-1,29,322,20,-1,20,322,323,-1,20,323,78,-1,78,323,298,-1,78,298,6,-1,
        ]
    }
}
Shape{
    appearance Appearance {
        material  Material 	{
            diffuseColor 1.0 1.0 1.0
            specularColor 0.5019607843137255 0.5019607843137255 0.5019607843137255
            ambientIntensity 0.2
            transparency 0
            shininess 0.5
        }
    }
    geometry IndexedFaceSet {
        ccw TRUE
        solid FALSE
        coord DEF co Coordinate {
            point [
                0.3169 0.7382 0.4187, 0.3123 0.7382 0.3748, 0.3123 0.7382 0.4192, 0.3075 0.7382 0.3753, 0.3077 0.7382 0.4187, 0.3343 0.7382 0.3944, 0.3343 0.7382 0.3996, 0.322 0.7382 0.417, 0.3331 0.7382 0.3892, 0.3306 0.7382 0.3845, 0.327 0.7382 0.3804, 0.2981 0.7382 0.3799, 0.2941 0.7382 0.4097, 0.2978 0.7382 0.4138, 0.3265 0.7382 0.414, 0.3303 0.7382 0.41, 0.333 0.7382 0.405, 0.3224 0.7382 0.3773, 0.3171 0.7382 0.3753, 0.3025 0.7382 0.377, 0.3024 0.7382 0.4169, 0.2916 0.7382 0.3889, 0.2902 0.7382 0.3943, 0.2943 0.7382 0.384, 0.2902 0.7382 0.3998, 0.2916 0.7382 0.4051, 0.2916 0.7382 0.4051
            ]
        }
        coordIndex [
            0,1,2,-1,2,1,3,-1,2,3,4,-1,5,0,6,-1,6,0,7,-1,5,8,0,-1,0,8,9,-1,0,9,10,-1,11,12,13,-1,7,14,6,-1,6,14,15,-1,6,15,16,-1,10,17,0,-1,0,17,18,-1,0,18,1,-1,3,19,4,-1,4,19,11,-1,4,11,20,-1,20,11,13,-1,21,22,23,-1,23,22,24,-1,23,24,11,-1,11,24,25,-1,11,25,12,-1,
        ]
    }
}